id,url,url_status,fb,x,youtube,status,content_type,media_type,notes
44920d523b9014e19ee411e4d40993ba4517c44b,https://subscription.neologostonpatron.gr/,paywalled,https://www.facebook.com/p/%CE%9D%CE%B5%CE%BF%CE%BB%CF%8C%CE%B3%CE%BF%CF%82-100063992412468/,,,operating,news,,
a3a3c20ce5129582744ec8d6c0f75396426b1ccd,https://pelop.gr/,ok,https://www.facebook.com/peloponnisosnewspaper,https://x.com/pelopnews,https://www.youtube.com/peloponnisosmedia,operating,news,,
9b9546a28139a809a22ad126b5edf64ec59e34d3,,ok,,,,not_found,,,
1eab7ca0cc786cb5e7c70b88cbb364dcee0efa47,,ok,,,,not_found,,,
381f7469eafe3be2a3face415a56f96ec1aec32d,,ok,,,,not_found,other,,
5cf522e21720f7d60aa52d68564bf53fa38be037,,ok,,,,not_found,,,
daffbd32514489d5ca1e128a07ea52e4581f61ad,https://sportfmpatras.gr/,ok,https://www.facebook.com/sportfmpatras96.3,https://x.com/SportFM_Patras,https://www.youtube.com/@sportfmpatras,operating,sports,,
17ebf8b22bd7f0a0450bc27814e8510d713ce0d7,,ok,,,,not_found,other,,
f8d2be5d22e1ec1f26c11cbd7de2b4211f53cbb4,https://upfm.upatras.gr/,ok,https://www.facebook.com/upfmpatra/,https://x.com/upfmpatras,https://www.youtube.com/@UPFMUniversityofPatrasRadio,operating,other,,
23fd424971e6a79ddeb745cc0fa6669306aef668,,no_website,https://www.facebook.com/YouFm1001Greece/,,,operating,other,,
41a4774cfe911c23a7adfb483e7ee6085ddc8687,https://antennapatras.gr/,ok,https://www.facebook.com/antennapatras/?locale=el_GR,,https://www.youtube.com/channel/UCZWEaoi7EYQIMrM9N1ya6CA,operating,news,,
a2897818a041c013466337200249dfb119e90de2,https://www.imkalaig.gr/?section=2755&language=el_GR,ok,https://www.facebook.com/KALAVRYTANEWS,,,operating,other,,
17bf590e7d04f82c4051ad8b2cc6151d9339af87,https://themapatras.gr/,ok,https://www.facebook.com/themapatras/?locale=el_GR,,,operating,news,,
e70b41afd9639343f247c6a029bfe2d2ea374b65,https://www.melodiapatras.gr/site/,ok,https://www.facebook.com/melodiapatras.gr/?locale=el_GR,,,operating,other,,
1549e9e1ee478ab3edd93b88e99585b672150140,https://mousikilampsi.gr/,ok,https://www.facebook.com/mousikilampsi/?locale=el_GR,,,operating,other,,
830c7f928da881f69d5b13306ed1d0f6b2d74db8,,ok,,,,not_found,other,,
1a25a28a52a75f7cad6bfc8e2cbcf443bc4269e5,,ok,,,,not_found,news,,
3b696a81ef148075009978ad3b4890b5778d59c7,https://www.radioegio.gr/id/,ok,https://www.facebook.com/100055749042148/mentions/,,,operating,news,,
d0b617ae41fd7dac2357fb82f7d99c3dfe4961b5,,no_website,https://www.facebook.com/radiopatra1065/,,,operating,news,,
636bb28e38819f0f6503cf1f45b03385afa2eeb3,https://www.skaipatras.gr/,ok,https://www.facebook.com/skaipatras.gr?fref=ts,,https://www.youtube.com/user/skaipatras,operating,news,,
106dad5f4836c3773c5b92b0e10dd108fb6a0337,,ok,,,,not_found,other,,
7c53abafb37e6f6282c0f4288d5b69c761acf94f,,ok,,,,not_found,news,,
56ef282b342aabe680014e75aa0f539694cacd8a,https://megalopoli-fm.gr/,ok,,,megalopoli-fm,operating,news,,
f8ddac675a6dbab4a6befc1133a1d2b9defa191d,,no_website,,,,operating,news,,
92eb4daa46ac61f3f08917dca7918cd4fdd40ae1,,no_website,,,,not_found,unknown,,
2a4c3979f8a3fe8412c4c0667c5fa3b5e4b44c40,,no_website,,,,not_found,news,,
f82b43e2c4862a52170db410951a2da447211330,,no_website,,,,not_found,news,,
d89afb9c6d3319c2f2387214de21d294e6449e83,,no_website,,,,not_found,sports,,
9b27a45d2764cbcf55833adb45859a2dde515569,,no_website,,,,not_found,unknown,,
ac07bb599db8db6cb42006517d8525baf34b0b62,https://oraspor.gr/,ok,https://www.facebook.com/Oragiaspor/,,,operating,sports,,
7e9752bec551feced7a16c92c7037b6da4b2daf8,https://www.ipolimas.gr/index.php/aigaleo,ok,https://www.facebook.com/p/%CE%95%CF%86%CE%B7%CE%BC%CE%B5%CF%81%CE%AF%CE%B4%CE%B1-%CE%97-%CF%80%CE%BF%CE%BB%CE%B7-%CE%BC%CE%B1%CF%82-100027230272586/?locale=el_GR,,,operating,other,,
e4e3d1f0c5b39b461d92d93aa15af3eb3ea7f233,https://www.iapogevmatini.gr/,ok,https://www.facebook.com/apogevmatini,https://x.com/iapogevmatini,,operating,news,,
9b1bab242c6fa3dd6fb89cced863868c42e7c75d,https://www.geniki-dimoprasion.gr/,ok,,,,operating,news,,
905c9d19e19b32380b871d64e65ece6194349a5c,https://www.eleftherostypos.gr/,ok,https://www.facebook.com/EleftherosTypos,https://x.com/etyposgr,https://www.youtube.com/@eleftherostyposgr,operating,news,,
40cb48f31e5a1162dc3f30ad244bea5f9d906fc2,https://epikairotita-news.gr/,ok,https://www.facebook.com/p/%CE%95%CF%80%CE%B9%CE%BA%CE%B1%CE%B9%CF%81%CF%8C%CF%84%CE%B7%CF%84%CE%B1-%CE%94%CF%85%CF%84%CE%B9%CE%BA%CE%AE%CF%82-%CE%91%CF%84%CF%84%CE%B9%CE%BA%CE%AE%CF%82-100028578503511/?locale=el_GR,,,operating,news,,
5db1bea7ef1ef8014cef91d75d1b38a2449bffb6,,no_website,,,,operating,news,,
b207a2a0d63bbed0d3b4bbddca393f7bebaa0ea1,,no_website,,,,operating,news,,
2690585ef9fb6ba20f20f1064db48fb705c90122,https://koinoniki.gr/,ok,https://www.facebook.com/koinoniki/?locale=el_GR,https://x.com/koinonikinews,https://www.youtube.com/channel/UCoG4Rs2hZKG3LEQ9n0qONRA,operating,news,,
b34f2aa9dcf545a0d19bc13f882272c2e65e90ce,,no_website,,,,operating,sports,,
85a6a2a527a75b0d4336cdbd4d10c6715ccd9fcf,https://www.empam.gr/,ok,https://www.facebook.com/efmpam/?locale=el_GR,https://x.com/Mpamnews,https://www.youtube.com/playlist?list=PL_0TCbexqUswKGdpfUVqD0x7BoZDELnR7,operating,news,,
da15f3b87ca0463a6a369f60ea392a47d60d0e6f,https://www.palmos-glyfada.gr/,ok,https://www.facebook.com/palmosglyfadas/?locale=el_GR,https://x.com/PalmosGlyfada,https://www.youtube.com/@palmosnews,operating,news,,
b0f46c76e0378510c210019ff51c51b62f85348a,https://www.rizospastis.gr/,ok,,,,operating,news,,
6d05a11198d32e24a1bbad78b1fa3c220faa6741,https://alpharadio989.gr/,ok,https://www.facebook.com/989alpharadio/,https://x.com/alpharadio989/,https://www.youtube.com/user/Alpha989Radio,operating,news,,
e5ffc1523507213778e9e3992ffee272491c1b8c,https://www.real.gr/realfm/,ok,,,https://www.youtube.com/@RealGroupGreece,operating,news,,
654740b0dbed629ddd40a91fc2a11011e5ff4c18,https://elladafm.gr/,ok,https://www.facebook.com/ellada943fm,,,operating,sports,,
4b5d9582d000f4b8ed887e107ade90f29e710c59,https://nostosradio.gr/,ok,,,,operating,other,,
6ff88bd94eb3c2e93e7accf1e2d30d286b383cf0,https://94fm.gr/,ok,https://www.facebook.com/epikoinwnia94fm/?locale=el_GR,,https://www.youtube.com/channel/UC8NmJF7ka6kAgGclW0xj6Tg,operating,news,,
fca60012e3ef9e489e6bf61379930a708daa7874,https://www.skairadio.gr/,ok,https://www.facebook.com/skaigr,https://x.com/skaigr,https://www.youtube.com/@SKAIRADIOFM,operating,news,,
84f03498230b4213cb03c2ce45c1bbd58643a4af,https://www.action24.gr/,ok,https://www.facebook.com/action24tv,https://x.com/action24tv,https://www.youtube.com/@action24tv,operating,news,,
64fbd904b47169301c2fd75b34b0e6de206f5eba,https://www.alphatv.gr/,ok,https://www.facebook.com/alphatv,https://x.com/alphatvgreece,https://www.youtube.com/user/AlphaTVGreece,operating,news,,
cf5383bf768965512872f28aaf7e026868d395e6,http://www.attica-tv.gr/,ok,https://www.facebook.com/AtticaTVgr/,https://x.com/AtticaTV_gr,,operating,news,,
eda6d49fd3f4b523aa5e8f01b46df734906ebc00,https://www.pronews.gr/,ok,https://www.facebook.com/pronews.gr/,https://x.com/pronewsgr,https://www.youtube.com/c/pronewstv,operating,news,,
05404294f5bda5111b556788eb1be34eaca56407,https://www.naftemporiki.gr/ntv/,ok,https://www.facebook.com/naftemporikigr,https://x.com/naftemporikigr,https://www.youtube.com/@naftemporikiGR,operating,news,,
8dd7093a76e6fda42abd539d451204f5e700176a,https://onechannel.gr/?forcevidads=1,ok,https://www.facebook.com/www.onetv.gr/,https://x.com/onetvgr,https://www.youtube.com/@OneTVgr,operating,news,,
5f94bade3bba7ee258187a643e1e0ba07660342b,https://www.arttv.info/,ok,https://www.facebook.com/arttvsocial/?locale=el_GR,,https://www.youtube.com/@ART-TVCHANNEL,operating,news,,
344553909b1863af769915429edf86265131e984,,no_website,,,,not_found,unknown,radio,
5177d8264c672b23d2c3afd432e58a55a30b1b46,https://i-m-patron.gr/lychnostv/,ok,https://www.facebook.com/lychnos/?locale=el_GR,,https://www.youtube.com/@ieramitropolispatron,operating,other,tv,
8206be1b7b46aacb5fe90d1625cc1c5aa7cbf2bb,,no_website,,,,operating,other,newspaper,
2fbae396b51b52558821f3c067f1aaea53e3feac,https://antenna-star.gr/,ok,https://www.facebook.com/AntennaStarRadioFM103.5/,,https://www.youtube.com/@antennastar1035,operating,news,radio,
a929d9c39ae91496b80a5b6ce68e503498b93e6a,https://www.acheloostv.gr/news/webradio/,ok,,https://x.com/Axeloos_Media,,operating,news,radio,
53a090f3e1c0adb240fdff757a396894571ab4ca,https://radio-orama.gr/,ok,,,,operating,other,radio,
77f15cb1c4e5fd588c6abd98744021f6eb83b07d,https://radioakarnania.gr/,ok,,,,,other,radio,
b7a447976df175c6d1e89f577753661f4fbe1410,https://acheloostvnews.gr/,ok,https://www.facebook.com/axelwostv,https://x.com/Axeloos_Media,https://www.youtube.com/channel/UCa0b8xwm9QEjxKHB740FruQ,operating,news,tv,
20a750c80ff40e8466842582deef40901e88ad92,https://www.arcadia938.gr/,ok,https://www.facebook.com/arcadia938/?locale=el_GR,https://x.com/RadioArcadia938,https://www.youtube.com/@arcadia938,operating,news,radio,
fd5d9345e3d37d68ac8c9ee7f7e59e0d4689c9ca,https://www.drt915.gr/,ok,https://www.facebook.com/drt915/?locale=el_GR,https://x.com/drt915,https://www.youtube.com/@drt915news/videos,operating,news,radio,
f11410893b01517980e048eb3e7c362c6a8efe0a,https://arkadikitv.gr/,ok,https://www.facebook.com/Arakdiki,,https://www.youtube.com/channel/UC_uyEgAF2ofwVYXJILw2M2w,operating,news,tv,
1cc6ddd4c02284d2e53b07a359ef44bf3e1567b4,https://imargolidos.gr/%CF%81%CE%B1%CE%B4%CE%B9%CE%BF%CF%86%CF%89%CE%BD%CE%B9%CE%BA%CF%8C%CF%82-%CF%83%CF%84%CE%B1%CE%B8%CE%BC%CF%8C%CF%82-%CE%B9%CE%B5%CF%81%CE%AC%CF%82-%CE%BC%CE%B7%CF%84%CF%81%CE%BF%CF%80%CF%8C%CE%BB/,ok,,,,,other,radio,
feb0f016c85040035bc8ecf73a77f87b87a75e8a,https://www.orangenews.gr/radio,ok,https://www.facebook.com/orangeradio96/,https://x.com/intent/follow?original_referer=https://www.orangenews.gr&screen_name=orangenewsgr&region=follow_link&tw_p=followbutton&variant=2.0,https://www.youtube.com/@OrangenewsGr/,operating,news,radio,
328cf07b27407456ae11f04ba08bb746d7d04b25,,no_website,,,,not_found,unknown,radio,
eecd8b161675438ef00fe11aed80489a9418a95a,https://www.espressonews.gr/,ok,https://www.facebook.com/espressonews.gr/,https://x.com/espressonews_gr,https://www.youtube.com/@espressonews/videos,operating,news,newspaper,
96586d9f798108bef56644c92cc217e11853efc5,,no_website,,,,not_found,sports,newspaper,
ff66b46b0ad7446a0b4267560c482be032d0046f,,no_website,https://www.facebook.com/StarPressNews/?locale=el_GR,,,not_found,unknown,newspaper,
23ec0020d0e672ddc1e70ec0f08f06a9eed846c1,,no_website,,,,not_found,sports,newspaper,
3d58bb7b98c9ebc90e100f19a51d3978536cfcda,,no_website,,,,not_found,news,newspaper,
09bedbd12cf3385780159a812639e1802f1f00d1,,no_website,,,,not_found,news,newspaper,
3609df753481c3a26c570ee639eaa00c2557c297,https://fonipeiraioton.gr/,ok,,,,operating,news,newspaper,
0d2156f336de2ddc0b7ca5f3a352367ab5a5f0db,https://www.kokkinosprotathlitis.eu/,paywalled,,,,operating,sports,newspaper,
744398242614f7d57067a2077fd38a8d0299b928,,no_website,,,,not_found,other,newspaper,
59b23e5e9664db847a539ba091c54d7c29b23521,,no_website,,,,operating,news,newspaper,
29b9bd66dedd1692462121a3e402333706bbcba1,,no_website,,,,not_found,unknown,radio,
ba1904b1776ea5d38fa6dee4a34ba9f337f3f1e5,https://www.kanaliena.gr/,ok,https://www.facebook.com/kanaliena.gr,https://twitter.com/i/flow/login?redirect_after_login=%2Fkanaliena904,https://www.youtube.com/kanalienagr,operating,news,radio,
52c103740b69a6fd51fd065b042275020dd510f1,https://ecclesiaradio.gr/,ok,,,,operating,other,radio,
39e1dbef4f8f688f10b3c48b9f63c3ccde733002,https://www.alerttv.com.gr/,ok,https://www.facebook.com/people/Alerttvcomgr/100038170187066/,https://x.com/ALERTTV3,https://www.youtube.com/@AlertTVgr,operating,news,tv,
5ccc1a98b1879d88ae4a0293eef07e7a7e130b59,https://blueskytv.gr/,ok,https://www.facebook.com/blueskytv,https://x.com/blueskytvgr,https://www.youtube.com/blueskytv,operating,news,tv,
e084697617136ca278ada72bc0db6955d9e3b3e6,https://www.tvopen.gr/,ok,https://www.facebook.com/opentvgr/,https://x.com/opentvgr,https://www.youtube.com/opentvgr,operating,news,tv,
f2eccdb7d38753900f1377a26b54bb1715a1eccd,https://www.skai.gr/tv/,ok,https://www.facebook.com/skaitv.gr,https://x.com/skaitvGR,https://www.youtube.com/user/skai/featured,operating,news,tv,
c43e166e5c73194c456b55855dde0823be2c7927,https://www.e-grammi.gr/,ok,,,,operating,news,newspaper,
68ed0933af7430d91c73000b5f7b54a97405c07a,,no_website,,,,not_found,unknown,newspaper,
b61758f79f4af053edbf071da4a746c1defd8e13,,no_website,,,,not_found,unknown,newspaper,
4815936f5f3daa8ad528441d5e2d3bbff0efe6d0,,no_website,https://www.facebook.com/p/Mega-Radio-982-Fm-100063931955258/,,,not_found,news,radio,
60b61ba530fa6d4764e152f6e521ca887caa6f69,https://www.radiothiva.gr/,ok,https://www.facebook.com/radiothiva.gr,https://x.com/RadioThiva,https://www.youtube.com/user/RadioThiva975,operating,news,radio,
84ab7de8e98df228ce3e75251a00f8486ac35435,https://typoshalkidikis.gr/,ok,,,,operating,news,newspaper,
1b101566949bf12d58692f97a76411fd6deb84b2,,no_website,,,,not_found,news,radio,
c9da4585a881e7a0dcd744ac5ae07109b814e912,https://politistikossyllogoskassandras.gr/radio.html,ok,,,,operating,other,radio,
01f686070ba73faff2308de7cc4b9cf12731cf20,https://antennafm.gr/,ok,https://www.facebook.com/Antenna971fm/?locale=el_GR,,,operating,news,radio,
e95966e438459898aa449050b09a5747e27a1fd6,https://gavdos888.gr/,ok,https://www.facebook.com/gavdosfm/,,https://www.youtube.com/@gavdos88.8fmgreekradio5,operating,news,radio,
4ecd24c6dd317eb7b285645daa88f6e6cc5cd561,https://www.neatv.gr/,ok,https://www.facebook.com/neatv.gr,https://x.com/neatv_gr,https://www.youtube.com/@neatv84,operating,news,tv,
cf2c88e7b7474935a12fc6dfce1a4c75facabb77,https://ant1aigaiou.gr/,ok,,,,operating,news,radio,
6d2ec086b84e7b7968bc7fb15944c46ab7cfa438,https://tvpatrida.gr/,ok,https://www.facebook.com/patrida.chios/,https://x.com/patridachios,https://www.youtube.com/channel/UCMCew9C72UZvj_4eOWenCTQ/videos,operating,news,radio,
4a9e8ce77917f44741b842a3c73d60aa345cbe0d,https://www.alithia.gr/tv/,ok,https://www.facebook.com/AlithiaMedia,https://x.com/alithiachios,https://www.youtube.com/channel/UCHblWnb-6Rt904hFql5cM5Q,operating,news,tv,
74864da191fcd1140f7d7c9e33afd9b134ed46b9,https://www.corfupress.com/,ok,https://www.facebook.com/CorfuPress.com.Official/,https://x.com/corfupress,https://www.youtube.com/channel/UC38lHlcs0lAuvTghuS7Vd3Q,operating,news,newspaper,
61ec82055599e570a6cce100b415da2c6213f4a9,https://imcorfu.gr/radiofonikos-stathmos/,ok,,,,operating,other,radio,
e2619aa2ba2f9cab7de41df368dc3a23d8aa69f7,https://radiogamma.gr/,ok,https://www.facebook.com/radiogamma94/,,https://www.youtube.com/@radgam8,operating,news,radio,
29ecfb252891807bbbe10ef7bd453ef477f1c463,,,,,,,other,,
90cbe5233f4d3c8cdbc7b2f3f291d44d006aedf1,,,,,,not_found,,,
4b0a5413587999a77f65ac0f8aea2ccc9a1d52b6,https://energy942.gr/,ok,https://www.facebook.com/energy942,https://x.com/Energy942,https://www.youtube.com/channel/UCKcPkiSMArb6_MjCWlvt4qg,operating,news,radio,
0f95f0da50eb38256e4c31d48b72f90854b95be0,https://proinosmorias.gr,ok,,,https://www.youtube.com/@dimitrismitropoulos3910,operating,news,newspaper,
58b2432d10617cf039256d2ecc872ea9299ac53a,,,,,,,other,,
cb108c5bbad51670445122e9c79e0746eebe00a9,https://skycomnet.gr/public/argolida,ok,,,,operating,news,radio,
8d2142a9b783dc4d398a668abbb6250e4874afc9,https://arttv.gr/,ok,https://www.facebook.com/arttvsocial,,https://www.youtube.com/@arttvchannel9493,operating,news,tv,
788621e4276ff2429116b987f900679867c8ac90,,,,,,,sports,,
963552bdbcca3b4bf07632a46e5d1999aee92a29,https://amarysia.gr/,ok,https://www.facebook.com/amarysia.gr/,,,operating,news,newspaper,
750f96c175263b9765621d5c28e8036758c819eb,https://www.iapopsi.gr/,ok,,,,operating,news,newspaper,
03bdf11300df2843bce20bc18e7f1bd9909ded71,https://www.avgi.gr/sto-kokkino,ok,,,,operating,news,radio,
308f26fb13f5c8b0b451d84923151482f7dc77bd,https://ioniantv.gr/location/achaia/,ok,https://www.facebook.com/IonianTv,https://twitter.com/IonianChannel,https://www.youtube.com/channel/UCGM649s8wdiDruTJDgeOMCQ,operating,news,tv,
5de46b121224ee4e0fa0892f8ba753e8eca809d9,https://dytikafm.gr/,ok,,,,operating,news,radio,
f8824639ecb5c58b5cc9533c9c5979291dad5100,https://arkadikitv.gr/,ok,https://www.facebook.com/Arakdiki,,https://www.youtube.com/channel/UC_uyEgAF2ofwVYXJILw2M2w,operating,news,radio,
afd77da20b24796190c4c1baedf895ee0df6c955,https://919.gr/,ok,https://www.facebook.com/919.gr/,,,operating,news,radio,
47941cc09d8336c7f85207a7dbeed2307bb84096,https://athinaikos-typos.gr/,ok,https://www.facebook.com/AthinaikosTypos/,,,operating,news,newspaper,
e96038e6181478e0a78ce50bd7c6e2d226d765e3,https://amarysia.gr/,ok,https://www.facebook.com/amarysia.gr/,,,operating,news,newspaper,
ce9cf644860eed0a9cec9cbcab0113bdeadcd0f5,https://athina984.gr/,ok,https://www.facebook.com/athina9.84fm/?locale=el_GR,https://x.com/984athina?lang=el,https://www.youtube.com/athina984fm,operating,news,radio,
517ad099c402ea15cd1370369ffce98ecc6626ce,https://mahitisnews.gr/,ok,,https://www.youtube.com/@%CE%95%CF%86%CE%B7%CE%BC%CE%B5%CF%81%CE%AF%CE%B4%CE%B1%CE%9C%CE%B1%CF%87%CE%B7%CF%84%CE%AE%CF%82,,operating,news,newspaper,
e5fe150e80f32435d9a02158c45437f9793b71d2,,,,,,not_found,,,
1b5b961aa3ce5838ac438955266eccf17532fc90,,,,,,not_found,,,
f5cf04af3301343114e353c55f1bfd33f1a91556,https://www.parapolitikaradio.gr/,ok,https://www.facebook.com/pages/%CE%A0%CE%B1%CF%81%CE%B1%CF%80%CE%BF%CE%BB%CE%B9%CF%84%CE%B9%CE%BA%CE%AC-901/566473140135111,https://twitter.com/parapolitika901/,,operating,news,radio,
f0f7326d7b9bb049d0b97b08d85f4417ba0ed1b2,https://www.antenna.gr/,ok,https://www.facebook.com/ANT1TV/,https://twitter.com/ant1tv,https://www.youtube.com/c/ant1tv,operating,news,tv,
14095c2388df110e38a9b336ab7522e8d69a7bc5,https://www.star.gr/tv,ok,https://www.facebook.com/StarChannelGrTV/,https://twitter.com/StarChannelGr,https://www.youtube.com/startvgr,operating,news,tv,
05fb8fee6753872134b1fbd5233104df9ce5e479,https://top-nea.gr/,ok,https://www.facebook.com/topneagr,,,operating,news,newspaper,
2840570d8cf6477f7da83093515465ba773a64c4,,,,,,not_found,,,
c7671adf8cf030f77c3f3d4a7fa47419890ff19f,https://siriosfm.gr/,ok,https://www.facebook.com/siriosfm958,https://twitter.com/SiriosFm958,https://www.youtube.com/channel/UCuRQ28gZ1pDMSpXxUtetsug,operating,news,radio,
121e86f157a7cf0404c8f64f7718a201817f3eaa,https://radio.polygyros.gr/,ok,https://www.facebook.com/groups/305906740446,,https://www.youtube.com/@dimos_polygyrou,operating,news,radio,
e1be78c44698968c1ae6d29e01127139cb5c72d7,https://zarparadio.gr/,ok,,,https://www.youtube.com/@zarpanews3212,operating,news,radio,
0626294c2b9c645b8c156d38f91adf1b8eca7935,,,,,,not_found,,,
09faa53394886ccc7ee662297f742994e1574809,https://www.alithia.gr/radio-alitheia/live,ok,https://www.facebook.com/AlithiaMedia,https://www.twitter.com/alithiachios,https://www.youtube.com/channel/UCHblWnb-6Rt904hFql5cM5Q,operating,news,radio,
59a997cf0de01f0863cbb45994c2a9d09559cb38,https://www.life-news.gr/,ok,https://www.facebook.com/LifeNewsRadio/,https://mobile.twitter.com/lifenews1029,https://www.youtube.com/channel/UCsW97EC8lAgdiFA8p4uaFrg,operating,news,radio,
aba831f31754e74807308915fc23e25d664b25b2,,,,,,not_found,,,
1c6072259d96a5f95a0eef367607737ee282acfc,https://www.startmediacorfu.gr/,ok,,,https://www.youtube.com/@starttvkerkyrachannel9298,operating,news,tv,
fcb2d755a592a50ba9c87ec665d5d6f8ebaaf064,,,,,,not_found,,,
a324d2439d437b30f5fbefdeaf4eb6c25286e6ce,,,,,,not_found,,,
a3b81b06f9db6e0e385b32836f793d0a861c94bf,,,,,,not_found,,,
c64781be0c445a964d8a477f78391214da4ecd7d,,,,,,not_found,,,
7410c43af446abf1acd4375d64fe74cb83e9afd9,https://www.hlektra.gr/,ok,https://www.facebook.com/p/%CE%97%CE%BB%CE%AD%CE%BA%CF%84%CF%81%CE%B1-%CE%A1%CE%B1%CE%B4%CE%B9%CE%BF%CF%84%CE%B7%CE%BB%CE%B5%CE%BF%CF%80%CF%84%CE%B9%CE%BA%CF%8C%CF%82-%CE%A3%CF%84%CE%B1%CE%B8%CE%BC%CF%8C%CF%82-100063542305429/,,https://www.youtube.com/@%CE%97%CE%9B%CE%95%CE%9A%CE%A4%CE%A1%CE%91%CE%A1%CE%91%CE%94%CE%99%CE%9F%CE%A4%CE%97%CE%9B%CE%95%CE%9F%CE%A0%CE%A4%CE%99%CE%9A%CE%9F%CE%A3%CE%A3%CE%A4%CE%91%CE%98%CE%9C%CE%9F%CE%A3,operating,news,tv,
e6a83a23f89f05d0e79858425af47f1584af7dc3,,no_website,,,,,,,
f1efc39a9d27166f2d19f5883fb0df2163272ee4,https://www.topmelodyfm.gr/,ok,https://www.facebook.com/TOPMELODY.104.9FM.RADIO/,,,operating,news,radio,
4007c5e17786ffd5e277d2abcb8eef1c06b38d3f,,no_website,,,,,,,
742ded46a81964216ff3898f44f93de91205ae39,,,,,,,other,,
02c740b5dfa6e8a248b12656379bd6469242b2a0,,no_website,,,,,,,
6ded454b32df61379030055b17b2e150a2551218,https://stathmosnet.gr/,ok,https://www.facebook.com/stathmosnet,https://twitter.com/stathmosnet,,operating,news,newspaper,
a87412088d1990df872eab4c8579b13afebbcf88,,,,,,,other,,
ff757d47d2545e3ac1ba30f2c2986eef1ff14dbe,https://www.skyrodos.gr/,ok,,,https://www.youtube.com/channel/UCCh5JItdddXFUgfSgnFu5-Q,operating,news,radio,
d90940c47d097b6da80667e7af34f148682b5023,http://kfm.karpathos.net/,ok,,,,not_found,unknown,radio,
6e3d7b5dc56c6aafd08cbed3fd8094e72235e93a,,,,,,not_found,,,
ed0aa316dc5bc1db2628dd29506d33d8c5c0ae74,,,,,,,other,,
03f610ed414c63d8fe54b10acf1e95f0b239e92b,https://www.iridatv.gr/,ok,https://www.facebook.com/iridatv/?fref=ts,https://x.com/iridatv,https://www.youtube.com/@iridatvrodos,operating,news,tv,
6b2a11f0d8b631c0ed3e159816d6f6d094230fc4,https://www.aigaiotv.gr/,ok,http://www.facebook.com/aigaiotv,http://twitter.com/#!/aigaio_tv,https://www.youtube.com/@aigaiotv1,operating,news,tv,
f6d5f5b9de5540809579bb9bd554c8b5628c638a,https://www.alpha-news.gr/,ok,https://www.facebook.com/alphanewsfm/,https://twitter.com/alphanewsdrama,,operating,news,radio,
d7dae4d18ce5f76489a7301c9bfb4c1d1b301261,https://pelekys.gr/,ok,https://www.facebook.com/profile.php?id=100055478019216,,https://www.youtube.com/channel/UCQCfxsVTAqVsodMolUyzpEw,operating,news,radio,
8def2e98a58854975a6755ee28f6f7e8605f6738,,,,,,not_found,,,
44c9016c200117980952f5624a6ea63c5c95826e,https://www.ptisifm.gr/,ok,,,,operating,other,radio,
947d975d7d15f3afadc3c1e66481e9384de3b5d1,,no_website,,,,,,,
82762fdb3921871254a023d7a45a9ae4c41d72d6,https://www.appsradio.gr/,ok,,,,operating,news,radio,
0782105cfd8a94b99d634cecc1e88d45aeb403e3,https://radiomax.gr/,ok,https://www.facebook.com/maximum936,https://twitter.com/maximum936,,operating,news,radio,
66bcfdd78dcd7ebb0389abd736f1fcea9d22f9d0,https://statusradio.gr/,ok,https://www.facebook.com/statusradio942/,https://twitter.com/STATUSRADIO_942,https://youtube.com/@statusmedia5290,operating,news,radio,
52ba162674b2ce3c124a1d89735f9a69fc826067,https://deltatv.gr/,ok,https://www.facebook.com/deltatv.gr,,https://www.youtube.com/channel/UCzbsC-Pud1UPAYlm5nWI-uQ,operating,news,radio,
a4176761d19ff3c291a66d8795fedcf1781a8a16,,,,,,,other,,
5c959be21d9f3bebe8a1dc202be23541b04d1af7,https://www.tvalfa.gr/,ok,https://www.facebook.com/tvalfainfo,https://x.com/ALFATV_,https://www.youtube.com/channel/UCBRwHWh6I0gEOrsFmbQh-0A,operating,news,tv,
bdaf1f91913760394241b7c9b9e90d4adccf0f03,https://lepantortv.gr/,ok,https://m.facebook.com/lepantortvgr/?locale2=el_GR,https://mobile.twitter.com/lepantotv,https://www.youtube.com/user/lepantortv,operating,news,tv,
41287096af1bec5c5670f25134e1b6a5508a321c,https://www.megatv.com/,ok,https://www.facebook.com/megatvcom/,https://x.com/MegaTvOfficial,https://www.youtube.com/@MegaTVClassics,operating,news,tv,
d6bb4e6d5b8565bd544d363acdf96180797bfe2a,,,,,,,other,,
55ed8a42abb8af1aa34f495f55ab7732fc5f0de3,,no_website,,,,,,,
97fd48b9fb6d64f96b4f611e99874e911c6293b8,,no_website,,,,,,,
43483fed1295ba99849015f77b9ac1326a1f9357,https://tvpatrida.gr/,ok,https://www.facebook.com/patrida.chios/,https://twitter.com/patridachios,https://www.youtube.com/channel/UCMCew9C72UZvj_4eOWenCTQ/videos,operating,news,tv,
d7dc13ac6e74960e31686bc6262bffe4bbafc7f7,https://corfuchannel.com/,ok,https://www.facebook.com/corfuchannel/?ref=page_internal,,https://www.youtube.com/@corfuchanneltileorasi,operating,news,tv,
f107ed92c153dc4459baf9948fcc75d7d25211fa,https://www.inforadio.gr/,ok,https://www.facebook.com/inforadio95.8,https://x.com/f1radio,,operating,news,radio,
f960a9a86fee4f56eccf7dacb916b1fa81dfca11,,no_website,,,,,,,
dbd2e18388885be36743ae196b3fc4f421bf0af4,https://www.kykladiki.gr/,ok,https://www.facebook.com/kykladiki,https://x.com/kykladiki_,https://www.youtube.com/@%CE%9A%CF%85%CE%BA%CE%BB%CE%B1%CE%B4%CE%B9%CE%BA%CE%AE%CE%B5%CF%86%CE%B7%CE%BC%CE%B5%CF%81%CE%AF%CE%B4%CE%B1,operating,news,newspaper,
7f86343b193298d2151d43ae0a34cfd1504921ea,,no_website,,,,,,,
7d61683f9200233a10b031d30a93ba427117ca91,,,,,,,other,,
c448832ae88bb58b6422cf0134fc881056dc2f82,,,,,,not_found,,,
9714298d31ac38a961c944935a7acd70865986f9,https://realvoice995.gr/,ok,https://www.facebook.com/realvoice995,https://twitter.com/RealVoice995,https://www.youtube.com/@RealKos995,operating,news,radio,
0acf75b084bd290c580b47e1adc5c148a0aaaa6b,https://ekfrasi97.gr/,ok,https://www.facebook.com/ekfrasi97/,,https://www.youtube.com/@Ekfrasi97,operating,news,radio,
507fc38e03ee073a214c35299d6797221bddbde1,,no_website,,,,,,,
6f362dbda6f93f63a2916874f9af5c5ed4f15062,https://www.tvkosmos.gr/,ok,https://www.facebook.com/LiveTvkosmos,,https://www.youtube.com/@TVKOSMOS,operating,news,tv,
3c274f27ed11ebfaf7b11a3b102fd41edda0cc72,,no_website,,,,,,,
5df9ee9737287d6d621741bea4290d11aa6239a7,https://www.startvfm.gr/,ok,https://www.facebook.com/p/STAR-%CE%92%CE%BF%CF%81%CE%B5%CE%AF%CE%BF%CF%85-%CE%95%CE%BB%CE%BB%CE%AC%CE%B4%CE%BF%CF%82-100063815432884/?locale=el_GR,,https://www.youtube.com/@startvfmdramas,operating,news,tv,
29a99e9e52514f335d9c750aad8ef608363ef3d6,https://www.90fm.gr/,ok,https://www.facebook.com/evripos90fm,https://twitter.com/evripos90fm,https://www.youtube.com/user/evripos90fm,operating,news,radio,
836bf576b41ab5540fa848a41638ee2453b8cefe,,,,,,,other,,
67df55c396f22a066f9264002229dde857f0def7,https://www.sferikos.gr/,ok,,,,operating,news,radio,
8876900130a418db3c6597f970812d9a78d38afd,,no_website,,,,,,,
fb20805870c6437715f8d4d489c74fe544e23057,https://deltatv.gr/,ok,,,https://www.youtube.com/@deltatvthrakis,operating,news,tv,
7ba81dba8b188729268a789274396591ef108571,https://orestiada.gr/deite-live-stream-sto-youtube/,ok,https://www.facebook.com/Orestiadatv/?locale=el_GR,,https://www.youtube.com/channel/UCHno8DNfeTsWRhMDa6C9isg,operating,news,tv,
660d24050df4ed99465837dcbc6efaf8142f6553,https://echoflorina.gr/,ok,https://facebook.com/ixoflorinas,,https://youtube.com/ixoflo,operating,news,newspaper,
a6a36fb976d773e756063721b622e5357ce33016,https://radio-lehovo.gr/,ok,https://www.facebook.com/RadioLehovo97.1/,https://twitter.com/radio_lehovo,https://www.youtube.com/user/radiolehovo,operating,news,radio,
c4897ed66c0931849131a7efb5f465f4e08ceb8f,http://www.galaxiasfm.gr/,ok,https://www.facebook.com/galaxiasfm92.1/,https://twitter.com/galaxiasfm,https://www.youtube.com/user/Amfisiwtis,operating,news,radio,
86ff4d43d616775fde49ef625c4c071e2ff374bd,,,,,,,other,,
0e1a9db7cee1f4a4e46e9f52136020d8d50fff47,https://lamiafm1.gr/,ok,https://www.facebook.com/people/Lamia-FM-1-962/61559572703683/,,https://www.youtube.com/@LamiaFM-zh8cx,operating,news,radio,
f1c2f22636f2891980823d56142f328b15c0464c,https://radioroumelinews.blogspot.com/,ok,https://www.facebook.com/radioroumelinews/?locale=el_GR,,https://www.youtube.com/@radioroumelinewsfm98lamia,operating,news,radio,
17d1c9dc78a3e648e61b60deec5c122180d4ad85,https://enatv.gr/,ok,,,https://www.youtube.com/channel/UCmi_wJgwV8hn9SYOgxkcSnA/videos,operating,news,tv,
dd4aadf4e03c1225d9597d4a530295cf8942b547,,,,,,not_found,,,
5713a5569350b36725ed3a3fccf0d0cf747996b6,,,,,,not_found,,,
7037f086e0f37c4576e08aab0b86b7dbbe3bffd9,,,,,,not_found,,,
821d445cd9d8be893bacc6f6747302cfa76c81f0,https://www.star-fm.gr/,ok,https://www.facebook.com/starfm.grevena,,https://www.youtube.com/@933StarFM,operating,news,radio,
650d7f91df891341ca00f52e93bd6a60e9ff701b,,,,,,,other,,
c910b02eca91e1ec2bafdda7f7f1259389ef1558,https://ort.gr/fm/,ok,https://www.facebook.com/OrtFm923?ref=hl,https://x.com/patrisnewscom,https://www.youtube.com/user/orttvgr,operating,news,radio,
857f1656f5676307b0a76842d203897966dc8816,https://ort.gr/fm/,ok,https://www.facebook.com/OrtFm923?ref=hl,https://twitter.com/patrisnewscom,https://www.youtube.com/user/orttvgr,operating,news,tv,
d916244824cfb5490ae877b4177b8a66fc4d4d86,https://avena.gr/,ok,,,https://www.youtube.com/@AvenaStudio,operating,news,radio,
56293e95447137edfb8f0f4c3159e98e34e4ccd1,,,,,,not_found,,,
56e364a4f16e6475482b4979ee714c91d8db194f,,,,,,,other,,
72c0e40095c2407416a190cc11cc415eb2582482,,no_website,,,,,,,
8bf52fadd0e38e047617ce6b93f6c1565ede0da5,https://ioanninatv.gr/,ok,https://www.facebook.com/ioanninatv/,,https://www.youtube.com/channel/UC2IL98A393OvLdxKa4qjIKg,operating,news,tv,
b53d9ac6cb176b5ac6647fc3e6651f7842c5f9a1,https://www.epirustv1.eu/,ok,https://www.facebook.com/epirustv1/,https://x.com/epirustv1,https://www.youtube.com/@epirustv1,operating,news,tv,
e7736c1f39928ad845efe5567f4c08ea14788189,https://www.neakriti.gr/,ok,https://www.facebook.com/neakritigr,https://twitter.com/neakritigr,https://www.youtube.com/c/NeakritiGr-News,operating,news,newspaper,
7a2d5cc9a1c21bf643f1b3c906dd41dcdb40a1ad,,,,,,,other,,
0868e55c10f6f46975e8ba4154fb2b0639356479,https://www.politica.gr/,ok,https://www.facebook.com/Politica.gr/,https://x.com/Politicagr,https://www.youtube.com/@politicagr8579,operating,news,radio,
d3bf473f380df82cd6d05204f010ae2ba49b2f2f,,,,,,,other,,
f893fcda7649cec989f3241c714194aa82caf731,https://www.ekriti.gr/,ok,https://www.facebook.com/ekriti.gr,https://twitter.com/ekriti_gr,https://www.youtube.com/@ekritigr-fq6ys,operating,news,radio,
0756f34689af9bf717c819c4c3e114dd0ccdcd7f,,,,,,not_found,,,
cabb711a10935c3c0c1c9c4f4c8e820dfc46e6a6,https://www.radio972.gr/,ok,https://www.facebook.com/people/Radio-Hersonissos-972/100057546936036/,,,operating,news,radio,
a219f9eb9d3a1a41d29e399801992b616c9a5b5d,https://www.skaikritis.gr/,ok,https://www.facebook.com/skaikritis/,,https://www.youtube.com/channel/UCtoP8IEu_eIgh1qHk394Y-w,operating,news,radio,
a558ff98e5ae6938614b2d0fcb504fbaa9701367,,,,,,,other,,
c4f939e706add6a6d70a3e5b3e202439fd6945d5,https://tvcreta.gr/,ok,https://www.facebook.com/TVCretaOfficial/,https://twitter.com/TV_Creta,https://www.youtube.com/channel/UCBjb_pNOT0WQMh7QGHmajEA,operating,news,tv,
77df81ee8884fc9dda98119dc373949d7d561fc2,,,,,,not_found,,,
632f4c25eece06a76b2a002e1651d8329a3be8cf,https://epikairotita.info/,ok,https://www.facebook.com/people/%CE%95%CF%80%CE%B9%CE%BA%CE%B1%CE%B9%CF%81%CF%8C%CF%84%CE%B7%CF%84%CE%B1-%CE%9A%CE%B1%CF%81%CE%B4%CE%AF%CF%84%CF%83%CE%B1%CF%82/100063281706579/,,,operating,news,newspaper,
501e61239ebd8a8b64867a9c58edeaf421aa6f22,,,,,,not_found,,,
738fffb58785e6e98daeb57dba7277b6aa41d349,https://www.thessaliatv.gr/,ok,https://www.facebook.com/thessaliatv.gr,https://x.com/thessaliatv,https://www.youtube.com/c/thessaliatv1,operating,news,tv,
0e696343d72ee8361d7f72ed26122edd72d63c1d,https://fonikastorias.gr/,ok,https://www.facebook.com/fonikastorias,,https://www.youtube.com/@dimitrisiatrou6994,operating,news,newspaper,
44be01d217463260c4160324eb6a026fddba8e51,https://kastoriafm.gr/,ok,,,,operating,news,radio,
b8dbf5ff194f80a94810d02115fddae6d90fb1fb,https://www.diktyo1.com/,ok,,,https://www.youtube.com/@diktyo1,operating,news,tv,
46f2f8cb715f10624694c1c0edaa90d99c5f4627,,no_website,,,,,,,
2865f5c8e892b431eb63e6d67cb05e643a50e83d,https://www.kavalanews.gr/,ok,https://www.facebook.com/kavalanews.gr,https://x.com/kavalanews,https://www.youtube.com/user/kavalanews,operating,news,radio,
6260c6b92985ec34937547191dcc65a95822a960,,,,,,,other,,
033a7fbfab463b22fe30af7ec8ae09a6ac3d77d8,https://enaradio.gr/,ok,,,,operating,news,radio,
dbf8073d0374ad01567a650cbd9dd073be0c50c7,,,,,,,other,,
c1983b10ca510e05b2a41af753abe3dc0862b84e,https://centertv.gr/,ok,https://www.facebook.com/centertv,,https://www.youtube.com/@centerwebtv,operating,news,tv,
80ad24660a85673fbcc24a68c84e611847b16255,,,,,,,other,,
c5ec6c5643999e537b31681903d3405ed7689175,,,,,,,other,,
5675ed8d9bc8da8aefaaa6802c0a28af7365555d,https://www.eidisis.gr/,ok,https://www.facebook.com/eidisis.gr,https://x.com/EidisisGr,https://www.youtube.com/user/eidisisgr,operating,news,newspaper,
9dd4fbece9a1ea439a9f3ef73fbc99909f680fb5,https://www.eurotv.gr/,ok,,,https://www.youtube.com/@EUROTHLEORASH,operating,news,tv,
ad2dbc1c005cc3284ca065fcb2c834c582111ddf,,,,,,not_found,,,
d1666ff7f0bd6b44fdb2dc13d5a03fb497b0bf85,https://www.radiosiatista.gr/,ok,https://www.facebook.com/radiosiatistanet/,,https://www.youtube.com/channel/UC4SxCtBs90ZKJCdQpQr8mzg,operating,news,radio,
11c4fc3a17a185c967d3050d3f0b2ef24bbb2f44,https://west-tv.gr/,ok,,,https://www.youtube.com/@westchannel1,operating,news,tv,
a4ea7fdef308434d99b589808dcf0ffbaa67573f,https://www.flynews.gr/,ok,https://www.facebook.com/flynews.gr,,https://www.youtube.com/@FLYNEWSGR,operating,news,radio,
fb857fc4584b312512ae4c877620e1851ed5fd94,,no_website,,,,,,,
5520f8a397e610e9db2cf05327abce678f0ae51b,https://tsirigofm.gr/,ok,https://www.facebook.com/tsirigofm,https://x.com/Tsirigofm,https://www.youtube.com/@TsirigoFM,operating,news,radio,
247bb06c632ad49f238ba4c0d68a2dad45f1f9a9,https://palaceradio.gr/,ok,https://www.facebook.com/PalaceRadio914,,,operating,news,radio,
a5ff9e3561c73ecce59d9ce471a52d8eea1e7652,,,,,,,other,,
587aae06d39b71b92b9591707ee073066b539fa7,,,,,,not_found,,,
da696795c609a75097e19b1ad1c00e7cb863a9cf,https://www.hxonews.gr/,ok,https://www.facebook.com/pages/category/Radio-Station/%CE%97%CF%87%CF%8E-fm-998-%CE%99%CE%B5%CF%81%CE%AC%CF%80%CE%B5%CF%84%CF%81%CE%B1-%CE%9B%CE%B1%CF%83%CE%AF%CE%B8%CE%B9-444111232365849/,https://twitter.com/hxonews,https://www.youtube.com/@%CE%97%CF%87%CF%8E%CE%9D%CE%AD%CE%B1,operating,news,radio,
cbc8c229d13445187fbc2bd8913af07b9e02f5ab,https://latofm.gr/,ok,https://www.facebook.com/latofm103.3/,https://twitter.com/Latofm1033,https://www.youtube.com/@FM-ij8vr,operating,news,radio,
24d11e9b83d2e21ee2be64a653a8e076907f50ba,https://radiolasithi.gr/,ok,https://www.facebook.com/RadioLasithi,,https://www.youtube.com/c/Radiolasithi923,operating,news,radio,
d32b8daeed3fdc880fafd9eef2d5eca67a03bcec,https://telekriti.com/,ok,https://www.facebook.com/telekritinew/?locale=el_GR,,https://www.youtube.com/@TeleKriti,operating,news,tv,
107e02a86f69c5a93f3fa2d417c39c2f73517ac4,,no_website,,,,,,,
0f2833587e2e23f7a1c54768e1890f18fe326774,https://limnosnea.gr/,ok,,,,operating,news,radio,
7adbb663feb14f1f8ad9a997d2448557dc83c08e,https://meas-radio-limnos.gr/,ok,https://web.facebook.com/radiolimnos?locale=el_GR,,https://www.youtube.com/@measlemnos,operating,news,radio,
e0443e95a673019d97838c25bb98fdbe77d81c35,https://aeolos.tv/,ok,https://www.facebook.com/aeolostv,,https://www.youtube.com/channel/UCw8dJC17kgJyMQnstAzkvrw,operating,news,tv,
dba7e23eb5a0c0c824600345ad8a903d534e2d06,https://www.astratv.gr/,ok,https://www.facebook.com/astrafm973/?locale=el_GR,https://x.com/ASTRATV1,https://www.youtube.com/@astratvgreece7700,operating,news,radio,
0f02b6b28556a5202c4821be534d287314e19ce5,https://www.formedia.gr/,ok,https://www.facebook.com/4medianews/,https://twitter.com/formedianews,https://www.youtube.com/channel/UC4ADGM9UUwFI6-rR1Gsp_cA/videos,operating,news,radio,
521d855790b7142f0a93f4ba089be45e46f8b7ee,https://www.volos986.gr/,ok,,,,operating,news,radio,
62e8b5fbf71a9f9fa89baf82e1c338ff1b838016,https://www.radiovera.gr/,ok,,,https://www.youtube.com/@RadioVERATV,operating,news,radio,
4b33dac1d9b4ea277bb0bad8c9f0a637e3bf97ce,,,,,,not_found,,,
c7d25bc3cca120f9f8a6d68d4996f1221887c787,https://www.astratv.gr/,ok,https://www.facebook.com/astratelevision,https://x.com/ASTRATV1,https://www.youtube.com/@astratvgreece7700,operating,news,tv,
0d2f269dc787cf0b4bd2fccfc974a9a2dd91041f,https://www.tharrosnews.gr/,ok,https://www.facebook.com/TharrosNews/,https://twitter.com/tharrosnews?lang=el,https://www.youtube.com/user/tharrosnews,operating,news,newspaper,
c1358bd82d0753149ce5004d4b3a58b2ffca6763,,,,,,,other,,
334754531ed62f366e11b12a447081910c23db03,,no_website,,,,,,,
22d01a486519b177ede5cf4158695de8eb430267,https://www.mesogeiostv.gr/,ok,https://www.facebook.com/mesogeiostv/,https://x.com/MesogeiosTv,https://www.youtube.com/@MESOGEIOSTV-kx2dj,operating,news,tv,
2ddc9252998b26ba877a91ab2c442e43a1fb1a32,https://toxotisfm.gr/,ok,https://www.facebook.com/radiotoxotis963fm,,,operating,news,radio,
f48b4674ff5564dd5a4070638ef6a0165aec7a0f,https://olympiobima.gr/,ok,https://www.facebook.com/olympiobima,https://twitter.com/olympiobima,https://www.youtube.com/@Olympio-Bima,operating,news,newspaper,
9d7505e429fe4b15c08143edfa742a0997a5f2d0,,no_website,,,,,,,
4d7a9955825d082d65604dc77e17428795ccf8bb,https://skai93.gr/,ok,https://www.facebook.com/SkaiPierias92.6/?locale=el_GR,,,operating,news,radio,
b89aaf5bd1c1895ceb4bea40e137aaa1371f2511,https://prismaradio.gr/,ok,https://www.facebook.com/Prisma916/,,https://www.youtube.com/@prisma916,operating,news,radio,
ff72e71cb321fcfaeb00eb93ec3a17ed052f69bd,https://www.radiopreveza.gr/,ok,https://www.facebook.com/RadioPreveza93/about/,https://x.com/radiopreveza,,operating,news,radio,
f0378da379d006a861867ef1569b6b175727f2f3,https://rethnea.gr/,ok,https://www.facebook.com/rethnea/,https://x.com/rethneagr,https://www.youtube.com/@rethemniotika_nea,operating,news,newspaper,
5fa0c4737ffcb824ad63255f6ed495e1713f7cd7,,,,,,not_found,,,
90d9c50d1274271e764e987f003116afa2696b09,https://www.cinarfm.gr/yunanca,ok,,,,operating,news,radio,
4b914b6868a817b5c9f188bbac68512246509d28,,,,,,,other,,
abad907f2f57c900d6fd19b9cf6543cd1d8b1b57,,no_website,,,,,,,
ece54188b136748934df785a4c8ff7555246fe5b,,,,,,not_found,,,
b83e41ac4b58eb068a0a5e504e91f774c7f8a0a2,https://samostoday.gr/,ok,https://www.facebook.com/groups/RadioCafe102.4/,,,operating,news,radio,
1dce2a46c385f50e9438a9ccd2c972c03a409668,https://www.radio-ikaria.gr/,ok,https://www.facebook.com/RadioIkaria876,https://twitter.com/RadioIkaria876,https://www.youtube.com/channel/UCSspb5KDVOjWsPIZfH-7fZg,operating,news,radio,
b3acac96aa464faab67e1190bbfa2c9e03cf8a88,https://samiaki.tv/,ok,https://www.facebook.com/samiakitv/,https://x.com/samiakitv,https://www.youtube.com/channel/UCMBrM6pNqVyZ4ZOQ5H2Zllw,operating,news,tv,
a523ffbe0efcdba46c7a5251c284e270fb1badfb,https://www.serresparatiritis.gr/,ok,https://www.facebook.com/Paratiritisserres/,,,operating,news,newspaper,
bf7e6bfb9a51ad3a4cbdb40d1dee45ee27e021b0,https://www.sertharros.gr/,ok,https://www.facebook.com/sertharros/?locale=el_GR,,,operating,news,newspaper,
96a6d415535d0561a5f540de370c21df85d7f769,https://epiloges.tv/,ok,https://www.facebook.com/radio.epiloges/?locale=el_GR,,https://www.youtube.com/channel/UCJmgSX50r0Q0kFXFcKHp4Kg/videos,operating,news,radio,
64cf647dd8893ec9f264a67958fff37879b00512,,,,,,,other,,
0ea400c610f7f0961a0aa9dfdaf4bd8da8cac80e,,,,,,,other,,
a212773aa9d3654bf514b662b01cc2c26ca6c523,https://epiloges.tv/,ok,https://www.facebook.com/tileepiloges,,https://www.youtube.com/channel/UCJmgSX50r0Q0kFXFcKHp4Kg/videos,operating,news,tv,
48f7cfa89845e681af95822191a30380c84e8b73,https://www.enplofm.gr/,ok,https://www.facebook.com/enplofm.gr,,,operating,news,radio,
74159d3ae28e92a45fae132ff6e03b99893ff4fa,,,,,,,other,,
755ab9f562a8fbc7f2f02900a8460b81c241ac6f,,,,,,,other,,
b2f464e02a1b2b5f6a780d46a76fcd50485a5204,,,,,,,other,,
e3b50ab9d5d683576dc97452c4f0e9bb63db7112,,,,,,,other,,
9ddccee6646cb5d33eb36b29b5844a47612c8bcb,,,,,,,other,,
bb57ed5cfbf401cf264cdf1abd87a101771f06f6,,,,,,not_found,,,
4cd697bdd01e36bdad87ba4180ef49cb2399bc23,,no_website,,,,,,,
3c7e19cdeda9d19896d2c4281b831e0dda574f1f,,,,,,,other,,
02e0f25f01f6005f774d655138a3120dd35a1cd7,,no_website,,,,,,,
6892dff647d270710c292afd32a4cddf84bc5f7b,https://www.976.gr/,ok,https://www.facebook.com/lesxi976/,,,operating,news,radio,
ecd9fa852b0907a50ef8af1d0f18a89fcc140114,,no_website,,,,,,,
c2549286fc95dd278ee268bce9238deaf810283e,https://novaradio.gr/,ok,https://www.facebook.com/nova931,,,operating,news,radio,
af02b70afce1b954b6e3973dbde3a7c7daf08d18,https://www.super88radio.gr/,ok,,,,operating,news,radio,
d571c7e1e6cfd91a16ef00a1fdb958db7934b899,,,,,,,other,,
b241a55ccb3b9a724788996dbe09b560a48b593f,,,,,,not_found,,,
892667431c279dc472a96ad33c397aa12a591647,https://ermisnews.gr/,ok,https://www.facebook.com/ermisnews.gr/,https://twitter.com/ermisnewsgr,https://www.youtube.com/user/ermiszak,operating,news,newspaper,
2e462dac2127f82293db1538975ca90e258eda3d,,,,,,not_found,,,
46e10f7fd6c77f078e334da37997042d7945a125,,,,,,,other,,
56a62c961915aab105569f210badc82977365b23,,,,,,,other,,
ee6400f158ebe898a8b8e071fa64774e398533a4,https://www.neoiorizontes.gr/,ok,https://www.facebook.com/%CE%95%CF%86%CE%B7%CE%BC%CE%B5%CF%81%CE%AF%CE%B4%CE%B1-%CE%9D%CE%AD%CE%BF%CE%B9-%CE%9F%CF%81%CE%AF%CE%B6%CE%BF%CE%BD%CF%84%CE%B5%CF%82-373707687124/,,,operating,news,newspaper,
530b2149da2b72485d62a84f2f64e0d088c3326e,,no_website,,,,,,,
82b7adb91d7c28d5a875030a7b4f0b50d3525b3f,,,,,,,other,,
f154a7419c00692790d923388b7154d892d31815,,,,,,,other,,
6de59d343e114b1d6f23f89757e369acccb6ef21,,no_website,,,,,,,
7a25ef6ff05d252a5146e765442abde500806500,,,,,,,other,,
5d4854fa3da2ee6722054a6e350dbc0b3979ee23,https://www.kostv.gr/,ok,https://www.facebook.com/kostvgr,,https://www.youtube.com/@kostv_,operating,news,tv,
27ee4deff086467e8938eaa2ff080fce461b2381,,,,,,,other,,
0b0ae3709f02aa4025cb763b6ddafba0d0885d16,https://www.radioaliveri.gr/,ok,https://www.facebook.com/radioal1,,https://www.youtube.com/@radioaliveri1,operating,news,radio,
4fd2fd625e7a5ade9adc6c7329f8be372bed39c3,,,,,,,other,,
367ff13a65746c377e53dd9f8b60f5ec584408a6,https://www.thrakinet.tv/,ok,https://www.facebook.com/thrakinet/?locale=el_GR,,https://www.youtube.com/@thrakinet,operating,news,tv,
4564aad01e02c083a832805a2b73df4dec5dc4dd,https://florinapress.gr/,ok,,,,operating,news,newspaper,
42ee6d5b93b8478984673091758eba08542c13a4,https://starfm971.gr/,ok,,,,operating,news,radio,
295e19cef0e4507f924c307cfafa714112585db9,,,,,,,other,,
55f9f58e184a068e2deb361afd799d98ae2eb6d4,,,,,,not_found,,,
642b73d13970b514935811880059b01b792dcbd3,https://www.ionionfm.gr/,ok,https://www.facebook.com/ionionfm/?locale=el_GR,,https://www.youtube.com/user/ionionfm,operating,news,radio,
8d83864730ed9dd644dbc4f43a07e793bd119afa,,,,,,not_found,,,
a020e541b514304883d1b7801384b10f26bb75c5,,,,,,,other,,
57740a4932f8060df8a739e66f0b2e26ace36e5d,https://ioannina984.gr/,ok,,,,not_operating,news,radio,
ece3df7d0a5714c8d20b3099679a4ca8e4972ec9,https://antilalospress.gr/,ok,https://www.facebook.com/antilalospress/,,,operating,news,newspaper,
fd13c9622aa7b085bcdd21838863013a5d6e02fb,https://dreamfm.gr/,ok,https://www.facebook.com/dreamfm907/?locale=el_GR,https://x.com/906dream,https://www.youtube.com/user/dream906fm,operating,news,radio,
40a8502f5c95f87c887879098bb6c8b4daf097bc,https://themakritis.gr/,ok,https://www.facebook.com/themakritis,https://twitter.com/themakritis,https://www.youtube.com/@themakritis,operating,news,radio,
85a3a54895d75dcb0f67c44ee9df3c76b9cbb2e2,,,,,,,other,,
c88b7163b0e87aa9eff412d126701f0ffd902e7f,,,,,,,other,,
391ed047aba5e3fffb4ca67efd11fd0f522bafc9,https://www.cretetv.gr/,ok,https://www.facebook.com/KPHTHTV/?locale=el_GR,,https://www.youtube.com/@kriti_tv,operating,news,tv,
8265153fc9c20bb88d64284512bfb950d3ba9f0f,https://epikairotita.info/,ok,https://www.facebook.com/people/%CE%95%CF%80%CE%B9%CE%BA%CE%B1%CE%B9%CF%81%CF%8C%CF%84%CE%B7%CF%84%CE%B1-%CE%9A%CE%B1%CF%81%CE%B4%CE%AF%CF%84%CF%83%CE%B1%CF%82/100063281706579/,,,operating,news,newspaper,
48a37229c5be6497280fd316c36cef34562b28ab,,no_website,,,,,,,
19899ecd1b12e880013e4c2ff6d3a816ec6be174,https://www.alphafm.gr/,ok,https://www.facebook.com/Alpha947,https://twitter.com/pararas?lang=el,https://www.youtube.com/channel/UC0kclFMJcT0kPP5kr104qLw,operating,news,radio,
c5e1fb80e7ec8547a3b9b20f32bf47a30ae01f0a,https://www.neaegnatia.eu/,ok,,,,operating,news,newspaper,
cf5f972c8f9328d6b565a4a66e6ad9152df1123f,https://nownews.gr/lobby-1018-fm/,ok,https://www.facebook.com/Lobby101.8/,,,operating,news,radio,
1a8d71bf58da91ae267417a0478726d724c4b991,,,,,,,other,,
167508e7fa0a84dd62ed620a5a31a74751a6a18f,https://enachannel.gr/,ok,https://www.facebook.com/enachannel.gr/,,https://www.youtube.com/channel/UC_E3ROtebnZXH708dOeBgDQ,operating,news,tv,
1714e5c5ce73608daddc57d14ab8fff30a2c0226,,,,,,,other,,
faa6b4f6fb828148ea5b094a03b0d64b763bc91f,,,,,,,other,,
3df6dfd0e7c1623aa5633871d191dc9676ed2f23,,no_website,,,,,,,
0c2c2cff7137eabe3ee37d2eeaef2bdc16d9508d,,,,,,,other,,
2ef6dd65dee54714c26806c7e337869395592f6b,,,,,,,other,,
0a3abad82bf646ae2d6007b2560902e6cbf9c382,https://trttv.gr/,ok,https://www.google.com/url?sa=t&source=web&rct=j&opi=89978449&url=https://www.facebook.com/TrtRadio951/&ved=2ahUKEwjJ46vexNaRAxWeW_EDHT13NLwQFnoECCcQAQ&usg=AOvVaw13yoDw0U5kOJ0VN7RTGa8I,https://trttv.gr/TRTCHANNEL,https://www.youtube.com/channel/UCiq2MddzuoOjF8QChs33KOw/videos,operating,news,radio,
00b6f1c7dd5cb5dcdaa2b0d309e7479e0d83cd63,https://ierapetra21.gr/,ok,https://www.facebook.com/people/%CE%95%CF%86%CE%B7%CE%BC%CE%B5%CF%81%CE%AF%CE%B4%CE%B1-%CE%99%CE%B5%CF%81%CE%AC%CF%80%CE%B5%CF%84%CF%81%CE%B1-21%CE%BF%CF%82-%CE%91%CE%B9%CF%8E%CE%BD/100053673384851/,,,operating,news,newspaper,
7280019a84b4fa253f520557d596c6724c07ddf2,https://sitiafm.blogspot.com/,ok,https://www.facebook.com/groups/100523470050423/about,,,operating,news,radio,
536c622285581addb4f3820d54f096b0cea07c8b,,,,,,,other,,
265b377f29a78498a8491bed9a6dc7392b8864f2,https://www.politikalesvos.gr/,ok,https://www.facebook.com/politika.lesvos,,https://www.youtube.com/@%CE%95%CF%86%CE%B7%CE%BC%CE%B5%CF%81%CE%AF%CE%B4%CE%B1%CE%A0%CE%BF%CE%BB%CE%B9%CF%84%CE%B9%CE%BA%CE%AC,operating,news,newspaper,
ff16657e677bd1467c97e63d65eeb1c5f86f21ad,https://www.stonisi.gr/,ok,https://www.facebook.com/stonisigr,https://x.com/stonisigr,https://www.youtube.com/channel/UCUsntTK6TAMFcQ8dPtxUXHw,operating,news,radio,
eecdd9665b78f183100b6312b92304e5fb0ece2c,,,,,,,other,,
d80e1b2d071b747d955a7a06ada151d01e90ed1c,https://neofm.gr/,ok,,,,operating,news,radio,
7f9d2d7f9aaf8cb3b80104697c1c7685d1338c2a,,no_website,,,,,,,
6c8ecac34c6853562b5e3ef9df4fc0fce78118d2,https://best-tv.gr/,ok,https://www.facebook.com/bestkalamata/,https://x.com/BestTvKalamata,https://www.youtube.com/user/besttvkalamata,operating,news,tv,
ff8e9e45f3b8e63750a09327adb5683ccc4a87c5,https://tharos.gr/,ok,https://www.facebook.com/tharos.gr/,https://x.com/tharosdytmak,https://www.youtube.com/@Tharos-Kozani,operating,news,newspaper,
54ae4550d2c72d52480bfded86abaefb182ecc7f,,,,,,,other,,
bda2ef597a7b276a32baa607ffda6835d42368d9,,,,,,,other,,
e9a1afaf1d5095b0f57ca362086b75b4bceaf173,,,,,,,other,,
d9d6df0b35e38a8f2282a2d9a25b7980cb74a2a7,https://diavlos924.gr/,ok,https://www.facebook.com/diavlos924.gr/?locale=el_GR,,https://www.youtube.com/user/diavlos924,operating,news,radio,
ac191bdfb782c2f8201213713bb16271d1f2acf2,https://www.samiakonvima.gr/,ok,https://www.facebook.com/100063650675111/about/,,,operating,news,newspaper,
6fc9010e21df46aa885a8fc4281fab245959f1fd,,no_website,,,,,,,
51751713fad40f505e5a895f8172905a50ababc8,,,,,,,other,,
e9dc5b64b474d6114266e8bf08c2b2471b25b447,,no_website,,,,,,,
877760c246f7c39c1e354a06bc8229436fd39fdb,https://thesprotiki.gr/en/,ok,https://www.facebook.com/thesprotiki,,,operating,news,newspaper,
f72fa5d74fa55cac45d5ff6894d7269c03650b61,,no_website,,,,,,,
4757a7a2fb198379266d7f33b0e46fc2d2e47da6,https://www.1077statusfm.gr/,ok,https://www.facebook.com/status1077/?locale=el_GR,https://x.com/Status1077,https://www.youtube.com/channel/UCQ7a9S-6VJ8WHmVCvPQXxQg,operating,news,radio,
abbf9e8925869114474f793455f88f4d99110029,https://diontv.gr/,ok,https://www.facebook.com/DIONMAKEDONIA/,https://x.com/DionTvKMak,https://www.youtube.com/@diontileorash,operating,news,tv,
35d07d7e1eed94dcce966b24e84a84b0b375baff,https://www.verginanews.gr/,ok,https://www.facebook.com/Verginatv,https://x.com/verginatv,https://www.youtube.com/%CE%B2%CE%B5%CF%81%CE%B3%CE%B9%CE%BD%CE%B1%CF%84%CE%B7%CE%BB%CE%B5%CE%BF%CF%81%CE%B1%CF%83%CE%B7,operating,news,tv,
789ed885b6e16376e51fa378f70e603cac059ce8,,no_website,,,,,,,
de65eea07356b6ee1c7cd263892e39db5bf13ec5,,no_website,,,,,,,
5cf309f523eaf8458242a1b6ee6860b09575b765,,,,,,,other,,
e2dd970ee5c2307747a70ef515432c8eba78e9bf,,no_website,,,,,,,
d04f8dc1afdf033736acbc8df7c4f120c8233c2a,https://stigmafm.gr/,ok,https://www.facebook.com/stigmafm.gr,https://twitter.com/StigmaRadio,,operating,news,radio,
586316dd5d07fef776222eaf3cda21b6cc683d8c,,,,,,,other,,
51b29dc4753a6781a65be8b90f4c5300656f4e4b,,no_website,,,,,,,
42c730518eb70fa5b1207979213185082401487d,https://www.notosnews.gr/,ok,https://www.facebook.com/notosnews/,https://x.com/notostv,https://www.youtube.com/@notostvgr,operating,news,radio,
0056aa2d8c4e470e43ca7c8e00fcf870d19c104e,https://xronikadramas.gr/,ok,https://www.facebook.com/xronikadramas,https://x.com/xronikadra,https://www.youtube.com/channel/UC81KKSzkm0758HtAgD_wgNg,operating,news,newspaper,
24a5806844061a8844bb403962cf8ffd6c6e22ae,https://focustonevro.gr/,ok,https://www.facebook.com/focustonevro/,,https://www.youtube.com/@focusstonevro8888,operating,news,radio,
c971fae72588be61040e22f9731d2e8d171eb650,https://975fm.gr/,ok,https://www.facebook.com/www.975fm.gr/?locale=el_GR,https://x.com/Karpenisi975fm,https://www.youtube.com/user/vickykarpenisi,operating,news,radio,
687f245f54d98cc028fc5e57275453ffd76081a7,https://lamiapolis.gr/,ok,https://www.facebook.com/lamiapolis877fm/?locale=el_GR,https://x.com/lamiapolis_877,https://www.youtube.com/@lamiapolis877fm,operating,news,radio,
fc377b113b6301ca30f4837e4463b37126b70bc5,https://tvstar.gr/,ok,https://www.facebook.com/lamiastar/,,https://www.youtube.com/channel/UC5voIS-R0gVfJ4JUcV0ipEQ,operating,news,tv,
85a335bdb380af4796912794569f97a7285eb5d9,https://grevenamedia.gr/,ok,https://www.facebook.com/p/%CE%A1%CE%AC%CE%B4%CE%B9%CE%BF-%CE%93%CF%81%CE%B5%CE%B2%CE%B5%CE%BD%CE%AC-1015-100063698167012/,,https://www.youtube.com/@grevenamediagr5338,operating,news,radio,
f5e485d0518829160c13c602741edb9361bd9d66,,no_website,,,,,,,
59858fcc641c1a0b9680076644c22aff5eaca96a,https://www.vimanews.gr/,ok,https://el-gr.facebook.com/vimanews.gr,https://x.com/vimanews,https://www.youtube.com/channel/UCJXSPPKTIbOoQdGEeK0fEew,operating,news,tv,
7e131edef9e02bbe6e9af86ecc0936b28f4a1e97,,,,,,,other,,
ef889f531298be68ecd433631aa1b317e83bd389,,,,,,,other,,
3d9af1a5e7426b9946647fb0398eb1a72858ab1f,,,,,,not_found,,,
2a0a162d0ddcf64590109ead723c023b518c6fce,,,,,,,other,,
85e19cfbab81716272d70dd6cbdf0e729be5ddd4,,,,,,,other,,
e53265e75d813e8969fac52e75b3280708d26334,https://www.neapolisnews.gr/,ok,,,,operating,news,radio,
18ca029bcd7872fdd3d08850b8269d5c18a108ff,https://www.eidisis.gr/,ok,https://www.facebook.com/eidisis.gr,https://x.com/EidisisGr,https://www.youtube.com/user/eidisisgr,operating,news,newspaper,
5117baa8db612ddac8e81d4b6e42da239c5f1c2f,https://flash-tv.gr/,ok,https://www.facebook.com/FlashTVWM/,https://x.com/FlashTV_GR,https://www.youtube.com/user/flashkozanitv,operating,news,tv,
83447f227653dc751900010e0665c2acfe6b1614,,,,,,,other,,
41c3b0786fa5a0bc6a110f1c08e7df020e4b0121,https://style100fm.gr/,ok,https://www.facebook.com/groups/14072395167/,,,operating,news,radio,
fb76290e08e9a044dbd94f5a6254d71dc96a9f22,,,,,,not_found,,,
092671688964f1002467e118283058e37d27a75b,,,,,,not_found,,,
fc4a32d811dec0999922daa0a3027d39f96b98e4,,,,,,,other,,
04e90a3e93b6e32fd45a3ca3cb41493e2081b860,,,,,,,other,,
703a45aa8f5bb833da4b0a07b84c8c9640171a90,,,,,,,other,,
277d12af095499b98d8fdf878e02d94949346138,https://www.kritep.gr/,ok,https://www.facebook.com/pages/%CE%9A%CF%81%CE%B7%CF%84%CE%B9%CE%BA%CE%AE-%CE%95%CF%80%CE%B9%CE%B8%CE%B5%CF%8E%CF%81%CE%B7%CF%83%CE%B7/212198699244342/?_rdr,,,operating,news,newspaper,
017f69e37b8951a0ccd1e28a629ee8a8e1761582,,,,,,,other,,
0fdd9552d2cf79a8bc1c7caa287b7efa27cc7899,https://radiosamos.gr/,ok,https://www.facebook.com/radiosamos/?locale=el_GR,,https://www.youtube.com/@radiosamosradiosamos2376,operating,news,radio,
610e95ce3a2511c24d9f857bdccbde7a4a1e085f,https://epsilon103.gr/,ok,https://www.facebook.com/p/%CE%A1%CE%AC%CE%B4%CE%B9%CE%BF-%CE%95103-100063627218647/?locale=el_GR,,https://www.youtube.com/channel/UCXODS7oybDQIUjgfNLWVqIA,operating,news,radio,
c643dca34c191cae21be2f982d1f151fd88e34f2,https://www.typosthes.gr/,ok,https://www.facebook.com/TyposThessalonikis,https://x.com/typosthes,https://www.youtube.com/channel/UC2bNfD28RJ9hFxJv0oCb16g,operating,news,newspaper,
048fadcaeac372c32fb2419ecc96691c53438cb6,https://www.rthess.gr/,ok,https://el-gr.facebook.com/radiothessaloniki945/,https://x.com/RThessaloniki,https://www.youtube.com/@radiothessaloniki945,operating,news,radio,
a766b2c3e44fe114685ad5b1bb1f29335cfd0ced,,no_website,,,,,,,
db36e7486c342071d73e2552f83a4ec9e0ac98f2,https://star888fm.gr/,ok,https://www.facebook.com/star888fm/?locale=el_GR,,https://www.youtube.com/@star88.8fmxanthi8,operating,news,radio,
4fd369ea1ed94e2ee87763017bc8e6afa5ac8686,https://ermisnews.gr/radio/,ok,https://www.facebook.com/ermisnews.gr/,https://x.com/ermisnewsgr,https://www.youtube.com/user/ermiszak,operating,news,radio,
972eca854a8b68d497e0743d7d92366ae37f80c9,https://radioenosi.gr/,ok,,,,operating,news,radio,
39fb416361c999dca0d7f4ce4dd59e44620a0831,,no_website,,,,,,,
6c837825eac27e97fa765f57ea4e156f6632c946,,no_website,,,,,,,
0b114b763a27a663caa1e57060050a853b7e7ac9,https://www.orafok.gr/,ok,,,,operating,news,newspaper,
f80327abb34534eef35f5d3671cbb9ccb33a9233,https://grevenamedia.gr/,ok,https://www.facebook.com/grevenamedia.gr,https://x.com/GrevenaMedia,,operating,news,newspaper,
e00ae0f12cb697f3688470b196285035eabf73a3,https://www.dimotikoradiofono.gr/,ok,,,,operating,news,radio,
2b025b3d28f6e16c2353a8649b65fe55b5c6c2da,https://www.radio984.gr/,ok,https://www.facebook.com/radio984her,https://x.com/radio984,https://www.youtube.com/user/984radio,operating,news,radio,
f119aa5eec7403312543d3cbfbed4dfb67f13721,,no_website,,,,,,,
81407905a55e81193a2b9f79d02c2e64257df84d,,no_website,,,,,,,
88da1a91c808a89323bc91232aebd4904553a15a,https://xronos-kozanis.gr/,ok,https://www.facebook.com/xronoskozanis/,,https://www.youtube.com/channel/UCBFTbtQO5pgkhEMqTzRs38Q,operating,news,newspaper,
ee89f3c0817f3dfbc328f002cd88c58983d3ad11,,,,,,,other,,
a284250d3a8c780ae350556e434f502edfaadb95,https://www.limnosfm100.gr/,ok,https://www.facebook.com/limnosfm100,https://x.com/LimnosFm100,https://www.youtube.com/channel/UCA3snGwTdy0Ymrsmeq78qiw,operating,news,radio,
d5e4cfb46030ead14e6e40619393552666248a8e,https://trttv.gr/,ok,https://www.facebook.com/TRT/,,https://www.youtube.com/@trtgreece,operating,news,tv,
86456629c1cfa1e5134b3a5b70812c82c0365cba,,no_website,,,,,,,
7c5aaaf467a4cdf7364d8430d66501d71e8cd8b4,https://diktyotv.gr/,ok,https://www.facebook.com/diktyotv,https://x.com/Diktyotvgr,https://www.youtube.com/@diktyotv2614/videos,operating,news,tv,
98c036608104709174641a427443449ae188c74a,,,,,,,other,,
168b622cdd3b5cc66bf5ec4eb66b1f50ee3c711f,https://radio899.gr/,ok,https://www.facebook.com/radio899.gr,,https://www.youtube.com/channel/UCRSlle7mqqZdTkWtsJmdegA,operating,news,radio,
f04591a4fcfe18c3b3726bb72689a929f43d76da,https://www.radioevros.gr/,ok,https://www.facebook.com/radioevros/?locale=el_GR,,https://www.youtube.com/user/radioevros,operating,news,radio,
bb940a55ba319729f26033427ba4bd0831d4efda,,,,,,not_found,,,
6c271c867abb822b90f0e844132b83a11b7d638e,,no_website,,,,,,,
7a4989dd0992fed123bfaaff4f69687b7519182f,https://www.inkefalonia.gr/,ok,https://www.facebook.com/inkefalonianews/,https://x.com/inkefaloniagr?lang=en,https://www.youtube.com/inkefalonia,operating,news,radio,
459de36fe0ed02be2d115d82c3c114b555da5f5b,https://www.radiovereniki.gr/,ok,https://www.facebook.com/radiovereniki/?locale=el_GR,,,operating,news,radio,
400c28408192d8eb09368cdbc18e46ff4f28ef19,,no_website,,,,,,,
db57623ce5f7489f4522908d9b9f5882cb5f916b,https://www.formedia.gr/,ok,https://www.facebook.com/4medianews/,https://x.com/formedianews,https://www.youtube.com/channel/UC4ADGM9UUwFI6-rR1Gsp_cA/videos,operating,news,tv,
9b2ba31332f25c4afa2dfeb08dc95efc0551395b,,no_website,,,,,,,
a2f3ef570fb4cec39a5e72f92ce394c02b1840af,,no_website,,,,,,,
b06f1bede9ab8eea686cd060ed5cea3d433bbc37,https://ant1south.gr/,ok,https://www.facebook.com/ant1south/?locale=el_GR,,https://www.youtube.com/channel/UClw3vNQ-3H8BbZSR-kLRhVQ,operating,news,radio,
f54c607238c86ff8ce48212374fb67ec8c3c422c,,,,,,,other,,
4a8e1d63c253c906fefac351c9bea250691f0e88,https://lamianet.gr/,ok,https://www.facebook.com/RadioNet1019SportFmLamia,,https://www.youtube.com/@radionet101.9,operating,news,radio,
ee84578415c8286c05ec7fae2e4b098d8216ef27,,,,,,,other,,
922299162d0ecbfde63e4d51af7adbef62ccde80,https://antennes.gr/,ok,https://www.facebook.com/antenneskastoria/,https://x.com/antennesgr,https://www.youtube.com/channel/UCiFpKZdsZRjBi5zyfjrx25Q,operating,news,radio,
f41d861a106e5215455312f69f398fa0fafe48db,https://www.focusfm.gr/,ok,https://www.facebook.com/Focus103.6/,https://x.com/FOCUSFM1036,https://www.youtube.com/@FocusFM1036,operating,news,radio,
3318e3ca122a24628d64f8c9d5b23f69b0868b93,http://gnomip.gr,ok,https://www.facebook.com/%CE%95%CF%86%CE%B7%CE%BC%CE%B5%CF%81%CE%AF%CE%B4%CE%B1-%CE%93%CE%BD%CF%8E%CE%BC%CE%B7-%CE%A0%CE%B1%CF%84%CF%81%CF%8E%CE%BD-990999944244146,https://twitter.com/gnomipatron,https://www.youtube.com/channel/UCbTKj4pxOpbNV87XpxR9lww?view_as=subscriber,operating,news,newspaper,
aeb265eacfd961184dbe2bb82744b77906fcf537,http://Protionline.gr,ok,https://www.facebook.com/100054793363368/timeline/,,https://www.youtube.com/channel/UCxbcNpk-AD9qbO7xVuSjCNw,operating,news,newspaper,
ebc9f1b33f72123ff343b9ef5ffa65a9b0e6c53d,http://aigiovoice.gr,ok,https://www.facebook.com/aigiovoice.gr,https://x.com/AigioVoice1,https://www.youtube.com/channel/UCeMuXg5gIEWp1QQxyFMYeYA,operating,news,website,
d8878cee2c6a111fb0348f535e5d7276efd87767,http://flamis.gr,ok,https://www.facebook.com/@kflamis/?locale=el_GR&_rdr,,https://www.youtube.com/@kflamis,operating,news,website,
34dfd4dff08f5c59c037550711ce58d3f8d44c26,http://patrasevents.gr,ok,https://www.facebook.com/patrasevents/,,https://www.youtube.com/@patraseventsoe4264,operating,news,website,
b2f1d880873fb4887396ccf9083cb17c4f324760,http://www.politeianews.gr,ok,https://www.facebook.com/Politeiapatra,https://x.com/PoliteiaNews,,operating,news,website,"Online edition of ΑΧΑΪΚΗ ΠΟΛΙΤΕΙΑ newspaper, but print title not in MT press register."
29aed26b69d9bf9058c1c867e8e4f5330904c829,http://tempo24.news,ok,https://www.facebook.com/tempo24.gr,https://x.com/tempo24_gr,https://www.youtube.com/channel/UCnmNz30Jzt7Q22wjmU0pr_A,operating,news,website,
cbd01a0342f33742915ce3f56c91a880be254a48,http://neaait.gr,ok,https://www.facebook.com/neaait.gr/,,https://www.youtube.com/@neaait,operating,news,newspaper,
7fcda1401f1c85af008b72288a1c0598c67be18a,http://www.lepantortv.gr,ok,https://www.facebook.com/lepantortvgr/?locale2=el_GR&_rdr,https://x.com/lepantotv,https://www.youtube.com/user/lepantortv,operating,news,newspaper,
c22e2fcf5f020106601442885fa3f701bff82211,https://sinidisi.gr/,ok,https://www.facebook.com/sinidisigr,https://x.com/esinidisi,https://www.youtube.com/channel/UCl5ZiE8q1Ki9st72zzvq3aQ,operating,news,newspaper,
f0181dc04630b7fd4fbda73a358a850c59819f70,http://www.aigialeia24.gr,ok,https://www.facebook.com/Aigialeia24gr/,,https://www.youtube.com/user/aigialeia24,operating,news,newspaper,
8a74abbe09746242afbbaf16f9fd2ad16e23316f,https://pelop.gr,ok,https://www.facebook.com/peloponnisosnewspaper,https://x.com/pelopnews,https://www.youtube.com/peloponnisosmedia,operating,news,newspaper,
f7e3fb1e0296c484ae6b5c249db886ad573d82ed,http://FINEVIEW.GR,ok,https://www.facebook.com/Fineview.gr,,https://www.youtube.com/channel/UCPsWcz8SY-6ZGHObWKkut6Q/featured,operating,news,website,
b924e797c0b86b5baf7633787ad83867a24d65a6,https://pelop.gr,ok,https://www.facebook.com/peloponnisosnewspaper,https://www.twitter.com/pelopnews,https://www.youtube.com/peloponnisosmedia,operating,news,website,
96a629ed3c2ea6fee7ad6589b34c93a4a88c57f9,https://www.thebest.gr/,ok,https://www.facebook.com/thebest.gr,https://x.com/thebestportal,https://www.youtube.com/user/thebestportal,operating,news,website,
0c2384928a8f5b2f74ba78b03ff826b141c102bd,http://palmospress.gr,ok,https://www.facebook.com/people/%CE%A0%CE%B1%CE%BB%CE%BC%CE%BF%CF%82-%CE%91%CE%B9%CF%84%CF%89%CE%BB%CE%BF%CE%B1%CE%BA%CE%B1%CF%81%CE%BD%CE%B1%CE%BD%CE%B9%CE%B1%CF%82/100063772713282/?fref=ts,,https://www.youtube.com/channel/UCkkFDe-BMvfJzjt_wmvXd3Q,operating,news,newspaper,
faa38fb617486d9cf66d98c81e34709875b34ae7,http://acheloostvnews.gr,ok,https://www.facebook.com/axelwostv,https://x.com/Axeloos_Media,https://www.youtube.com/channel/UCa0b8xwm9QEjxKHB740FruQ,operating,news,website,
81ccafabf2bffdf34e0108469014973184b7b637,https://www.agriniolike.gr/,ok,https://www.facebook.com/Agriniolikegr,https://x.com/agriniolike,https://www.youtube.com/channel/UCnIPW46yHN6KF3NtMeClb9g/featured,operating,news,website,
f87a3979c3f050bfe6099fbe3c6129bf9f4f48c1,http://www.agriniopress.gr,ok,https://www.facebook.com/agriniopress.gr/,https://x.com/AgrinioPress,https://www.youtube.com/user/agriniopress,operating,news,website,
be1103ee5974ae1014640069d32cbcd494eb7b0a,https://www.agriniosite.gr/,ok,https://www.facebook.com/www.agriniosite.gr,https://x.com/agriniosite,https://www.youtube.com/channel/UCI1IeucKlHarVLEDkRNlzzA,operating,news,website,
e537e894649485cb8a9904422681ac1fa2f307d7,http://www.agriniotv.gr,ok,,,https://www.youtube.com/@agriniotv7392,operating,news,website,
9bb5c70b6d56d3dd3b5fa0fa44a6b8e2d7414ae1,https://e-maistros.gr/main/,ok,https://www.facebook.com/EfimeridaMaistros/,,https://www.youtube.com/@emaistros,operating,news,website,
ce3e19a8fbeebc0854cdaaaec7704e064e0c4d95,https://hisports.gr/,ok,https://www.facebook.com/hisportsgr,,https://www.youtube.com/channel/UCeU-4PVUXcgRQl-BG2QcMaw,operating,sports,website,
c619af20aff5d81dd35d88bee0fa7594ae76b477,https://karvasaras.gr/,ok,https://www.facebook.com/karvasarasgr/,https://x.com/karvasarasgr,https://www.youtube.com/channel/UC_jk6E0M8Rageaeq6st-xXw,operating,news,website,
90527b2d9983673d4cd606cd432383c458021ab6,https://www.nafpaktosvoice.gr/,ok,https://www.facebook.com/nafpaktosvoice/?locale=el_GR,https://x.com/nafpaktosvoice,https://www.youtube.com/@nafpaktosvoice,operating,news,website,
babd313e46f9fe3e52206405fd41c72e395c141b,https://www.pna.gr,ok,https://www.facebook.com/pnanea,https://x.com/PnanewsGr,https://www.youtube.com/@PnaGr,operating,news,website,
58eaee3e63e3e3679eb702cad3f3ce4697067958,https://www.anagnostis.org/,ok,https://www.facebook.com/anagnostispeloponnisou/,https://x.com/anagnostispe,https://www.youtube.com/c/anagnostispe/videos,operating,news,newspaper,
24d593f1e1c09465f3dcc4f00fba16acb55a10c4,https://www.argonafplia.gr/,ok,https://www.facebook.com/argonafplia.gr/photos/,https://x.com/argonafpliagr,https://www.youtube.com/@ARGONAFPLIAOfficial,operating,news,website,
134f196950eae7a1db0b7ceb9919736c268490f0,https://maxitisartas.gr/,ok,https://www.facebook.com/maxitis.artas/,,,operating,news,newspaper,
7f0b3b645dc58232e2e0c289cbfd9ea61a4a7953,https://palmosnews.gr/,ok,https://www.facebook.com/Palmosnews/,https://x.com/Palmosnews,,operating,news,newspaper,
b8699b4457a438c1b299d2cb2d74cbc7b0646c11,https://www.athensvoice.gr/,ok,https://www.facebook.com/AthensVoice,,https://www.youtube.com/user/theathensvoice,operating,news,newspaper,
871f822ddbe53606e4d13cea4b9df55f8597414f,https://www.dealnews.gr/,ok,https://www.facebook.com/dealnewsonline,https://x.com/dealnewsgr1,https://www.youtube.com/channel/UCYYxGqkVjRc3qKeap_rKYcw,operating,news,newspaper,
40bc7d49a5483c29e373bd24bd1c259402b05104,https://www.lifo.gr/,ok,https://www.facebook.com/lifo.mag,https://twitter.com/lifomag,https://www.youtube.com/@LiFOTV,operating,news,newspaper,
2bb8b6baabf1da16866b220ec234ce62adbae7eb,https://www.real.gr/,ok,https://facebook.com/RealGroupGreece,https://twitter.com/RealGroupGreece,https://www.youtube.com/user/Realgrportal,operating,news,newspaper,
6da968fc22c1a338550b236abebf21331895b4a9,https://todaypress.gr/,ok,https://www.facebook.com/todaypressgr/,https://x.com/TodayPressGr1,,operating,news,newspaper,
e47a42fa4ac3619b08d22ed5f70f88a11cc8226a,https://athnews.gr/,ok,https://www.facebook.com/AthensNews/,https://x.com/AthensNewsEU,,operating,news,newspaper,
97c52e970f5785eeceef74342396c1c7cf242ca5,https://gnomip.gr/,ok,https://www.facebook.com/efimeridagnomipatron,https://x.com/gnomipatron,https://www.youtube.com/channel/UCbTKj4pxOpbNV87XpxR9lww?view_as=subscriber,operating,news,newspaper,
4f8cb24f8c328845f1dc4183cb52ad16b8aad5a2,https://ioniantv.gr/,ok,https://www.facebook.com/IonianTv/,https://x.com/IonianChannel,https://www.youtube.com/channel/UCGM649s8wdiDruTJDgeOMCQ,operating,news,website,
2975dddf148bf167501417feccac51f6879b0832,https://www.aixmi-news.gr/,ok,https://www.facebook.com/aixmiditikiellada,https://x.com/AIXMHnews,https://www.youtube.com/@energospolitis79,operating,news,newspaper,
8c26c8ca85bcaa72b1aa94b6f16ff2569c2c2621,https://agriniara.gr/,ok,https://www.facebook.com/agriniaragr,https://x.com/agriniaragr,https://www.youtube.com/channel/UCRsGvMmH2HTVWVyDyqUQFOg,operating,sports,website,
d271e2e20a53af174d1da24a684ebb7a78323b67,https://agrinioreport.com/,ok,https://www.facebook.com/agrinioreport/?locale=el_GR,,https://www.youtube.com/@agrinioreport890,operating,news,website,
c3b09e77ef3f1302fc11dbca877bd3d2f7e8eb93,https://arta2day.gr/,ok,,https://x.com/arta2day,https://www.youtube.com/@arta2day,operating,news,website,
493ee9d46e1992a84291328bbe4b7ea454bc96c7,https://www.nafpaktianews.gr,ok,https://www.facebook.com/NafpaktiaNews/,https://x.com/nafpaktianews,https://www.youtube.com/nafpaktianews,operating,news,website,
fde09aeca28884b22257dc9c715ca785aacbc68b,https://proinosmorias.gr/,ok,https://www.facebook.com/p/%CE%A0%CF%81%CF%89%CE%B9%CE%BD%CF%8C%CF%82-%CE%9C%CE%BF%CF%81%CE%B9%CE%AC%CF%82-100063463840028/,,,operating,news,website,
39d555442a3093115b87ab80487b08af5526cb23,https://ixotisartas.gr/,ok,https://www.facebook.com/ixotisartas.gr/,,https://www.youtube.com/user/ixoartas,operating,news,newspaper,
1a954b602f825124336358e1d92f37ede7f0bd5d,https://60plus.gr/,broken,,,,operating,other,newspaper,
f6f528648f028ff257a48b9b408872a8932f95b6,https://www.documentonews.gr/,ok,https://www.facebook.com/documentonews.gr,https://x.com/documentonews,https://www.youtube.com/c/DocumentoTv,operating,news,newspaper,
d4d2cb096442e4ca147933e71fe3edddddf94c07,https://tomanifesto.gr/,ok,https://www.facebook.com/tomanifesto.gr,https://x.com/tomanifesto,https://www.youtube.com/@tomanifestogr,operating,news,newspaper,
b2d20075c2a7db93346afda20702b95a57d6c5e1,https://athmonionvima.gr/,ok,https://www.facebook.com/athmonionvima.gr,,https://www.youtube.com/@%CE%91%CE%98%CE%9C%CE%9F%CE%9D%CE%99%CE%9F%CE%9D%CE%92%CE%97%CE%9C%CE%91,operating,news,newspaper,
daa2b9e2f161c952459b3608b8d65884a4c2df5c,https://www.dimokratia.gr/,ok,https://www.facebook.com/dimokratianews.gr/,https://x.com/DimokratiaGr,https://www.youtube.com/channel/UCoWBLdXOq47P75wz63fyu5w,operating,news,newspaper,
93ad2a1163e45e514e2af28a712d8b96553b8890,https://www.estianews.gr/,ok,https://www.facebook.com/EfimeridaEstia,https://x.com/EfimeridaEstia,https://www.youtube.com/channel/UCOzKXfCoH-7wcLfK5DUVJ_g,operating,news,newspaper,
e37ee5377b875a7351762ae50825d75d6d2e221f,https://www.elora.gr/portal/,ok,https://www.facebook.com/eleftheriora,https://x.com/ElftheriOra,,operating,news,newspaper,
4f6e6497ed9dde9bbc689359937b08597d0ded87,https://www.estianews.gr/,ok,https://www.facebook.com/EfimeridaEstia,https://x.com/EfimeridaEstia,https://www.youtube.com/channel/UCOzKXfCoH-7wcLfK5DUVJ_g,operating,news,newspaper,
61ff821c687f0f5435fd371b395fdad07e090239,https://www.protothema.gr/,ok,https://www.facebook.com/protothemagr/?ref=ts,https://x.com/protothema,https://www.youtube.com/@ProtoThemaEidiseis,operating,news,newspaper,
80b70ba0858f95361743d8bd5b25d681b104aaf8,https://www.avgi.gr/,ok,https://www.facebook.com/AvgiOnline,https://x.com/AvgiOnline,https://www.youtube.com/user/havgi,operating,news,newspaper,
4c1723b6cfb8a6736c2c0c22a916cca3cd587126,https://www.efsyn.gr/,ok,https://www.facebook.com/efimerida.syntakton/,https://x.com/EFSYNTAKTON,,operating,news,newspaper,
f9aa8ccc1f91fd7223f4fcb97505e657ea31b927,https://www.kathimerini.gr/,ok,https://www.facebook.com/kathimerinigr,https://x.com/kathimerini_gr,https://www.youtube.com/c/kathimerini,operating,news,newspaper,
f96fd22395f768a35f9b7996b8a97cdc66d4d08b,https://thriassio.gr/,ok,https://www.facebook.com/thriassiogr/,https://x.com/Thriassiogr,https://www.youtube.com/channel/UC4vPcyl1Qg6QVhrhxlXoaVg,operating,news,newspaper,
0d1f752d9a1e52598767dd12a6a9ac48b0b255ee,https://www.capital.gr/,ok,https://www.facebook.com/capital.gr,https://x.com/capitalgr?lang=en,https://www.youtube.com/channel/UCU-qRWNRh3ZbEpY_1CUtNzw,operating,news,newspaper,
09fcd57e906e56a94dc766adb5aedb83b1ab1c77,,no_website,,,,operating,other,newspaper,
864f13e0a889b69bbea08f309df8198cb8387fe2,,no_website,https://www.facebook.com/groups/1702411289843078/,,,operating,sports,newspaper,
f6b04339c6a1c3287b214049da332af69928c5ed,https://www.tanea.gr/,ok,https://www.facebook.com/tanea.grofficial,https://x.com/ta_nea,https://www.youtube.com/channel/UCYTti6kj97zrMi7sMePlU2g,operating,news,newspaper,
f69c3228d91b04557e6690a112d6c8b03b4f4a1d,https://www.paron.gr/,ok,https://www.facebook.com/paron.gr,https://x.com/typologies,https://www.youtube.com/@%CE%A4%CE%9F%CE%A0%CE%91%CE%A1%CE%9F%CE%9D%CE%95%CE%A6%CE%97%CE%9C%CE%95%CE%A1%CE%99%CE%94%CE%91,operating,news,newspaper,
ceecdaf8432e340f9b256d6310ba738f4e2583e1,https://www.fosonline.gr/,ok,https://www.facebook.com/FosTonSport/,https://x.com/fostonsport,https://www.youtube.com/channel/UC6GPBg-_CHUoSPbH0BoZ5IA,operating,sports,newspaper,
81f9fa41241f08c601a59ba595b6f2d57955bed5,https://www.ypaithros.gr/,ok,https://www.facebook.com/ypaithros,https://x.com/ypaithros,https://www.youtube.com/@ypaithrosTV,operating,news,newspaper,
a1c4b8e1e1a43093229b07a4df6d7a7038dedddd,https://www.forbesgreece.gr/,ok,https://www.facebook.com/forbesgr,https://x.com/capitalgr?lang=en,,operating,news,website,
92a79af0bbb657675f87d644c9802118710bdb5c,https://www.e-gortynia.gr/,ok,https://www.facebook.com/gortynia.newspaper/,,https://www.youtube.com/@egortynia,operating,news,newspaper,
c8909cf159c4f133f7149d50bd37cf5948a1cb6f,,no_website,https://www.facebook.com/thorivos2015/?locale=el_GR,,,operating,news,newspaper,
447b99c16950e82ac886b7cb1443f96314768637,https://www.aagora.gr/,ok,https://www.facebook.com/aagora.gr,https://x.com/Asf_Agora,,operating,news,website,
ef0565a4c15f23204c4de8d1759297307a17d311,https://aeginaportal.gr/,ok,https://www.facebook.com/aeginaportal/,https://x.com/aeginaportal?lang=en,,operating,news,website,
1df654b6ee5eedd0ffdc088f3da7c1f17401cfbf,https://www.aftodioikisi.gr/,ok,https://www.facebook.com/aftodioikisi.gr,https://x.com/aftodioikisi,https://www.youtube.com/channel/UCqfUikGm4eTREeOtBQKsJvw/videos,operating,news,website,
462d813ba32b523c4b68af4f1299bf6dc24b3841,https://www.agronews.gr/,ok,https://www.facebook.com/AgroNews.gr/,https://x.com/agronewsgr?lang=en,https://www.youtube.com/user/agronews,operating,news,website,
92a17e2f8360b68bad478a5d4ea65cfbfbe38b86,https://www.alfavita.gr/,ok,https://www.facebook.com/alfavita.gr/,https://x.com/alfavita,,operating,news,website,
91b7b4dae1124d0036326067daa7d4d50955407b,https://www.alpha-guide.gr/el/default.aspx?lan=1,ok,,,,operating,other,website,
8102dd4116ef068a42697cc8caea6b83347220ff,https://amarysia.gr/,ok,https://www.facebook.com/amarysia.gr/,,https://www.youtube.com/channel/UClG9fRjtoWxduQrLwAOjBRA,operating,news,website,
a29090539ed5ab8593ed48ce30b8f100820c2284,https://www.amna.gr/,ok,https://www.facebook.com/amnanewsgr,https://x.com/amna_news?lang=el,https://www.youtube.com/channel/UCyKt5RULE8q6Sx7raYkxRSA,operating,news,website,
2c3d565dbd1f106d86c8398c3d0e0a29e26491f6,https://ant1news.gr/,ok,https://www.facebook.com/Ant1news.gr/,https://x.com/antennanews,https://www.youtube.com/channel/UC0smvAbfczoN75dP0Hw4Pzw,operating,news,website,
d08201cb951384e760415c2b96a6c8b07a314935,https://apotis4stis5.com/,ok,https://www.facebook.com/apotis4stis5,https://twitter.com/Apotis4stis5,,operating,other,website,
c20c424a29868e43db4eb1e1aa0a1360cf805c72,https://www.astrology.gr/,ok,,,,operating,other,website,
e037f9b0ee21be2b248da816e5fe9ec04aa0d07d,https://athensreviewofbooks.com/,ok,,,,operating,other,website,
41041c88901986be0867f4708869c497e2cf1ab1,https://athinaikos-typos.gr/,ok,https://www.facebook.com/AthinaikosTypos,,,operating,news,website,
7790bb020a94f27091110a2d84db9def6f09b1b7,https://atticatimes.gr/,ok,https://www.facebook.com/atticatimes,https://x.com/atticatimes,https://www.youtube.com/channel/UCLTJSlJH6MxyCiB0S2CWJig,operating,news,website,
da46be43fae1e287c779762a8affed3330144e68,https://www.baby.gr/,ok,,,,operating,other,website,
00fe056bf82113e8623e2e5b58f484ce16752cbb,https://banks.com.gr/,ok,https://www.facebook.com/Bankscomgr.News,,https://www.youtube.com/channel/UCGlYoCC2xt0vWEa-n-qPJkw,operating,news,website,
63d21acd13dbc4f70018477d464ae0202b382bda,https://bizness.gr/,ok,https://www.facebook.com/bizness.gr,https://twitter.com/BiznessGr,,operating,other,website,
ed4ba13191d6695ca20ebf97623f06eba540dcff,https://booksjournal.gr/,ok,,,,operating,other,website,
41b6e7a1479ee0806ffa76974e3611b834774778,https://boro.gr/,ok,https://www.facebook.com/anna.drouza.5,,https://www.youtube.com/channel/UCuGJLReC83dVlPH2VyiQsjg/videos,operating,news,website,
a432c3312d0462f986b29b63b442773798e780bb,https://www.businessnews.gr/,ok,https://www.facebook.com/BusinessNews.gr/,https://x.com/businessnewsgr,,operating,news,website,
6ca41412bad23466c7c0c1bf36e7be49142e1e0d,https://businessvoice.gr/,ok,https://www.facebook.com/emeagr/,https://x.com/emea_gr,https://www.youtube.com/channel/UCREQMgqRCOIoJFtLjxk-uKA,operating,news,website,
fe3a07d79b5f4d35164ff7a282393915daca2886,https://www.carandmotor.gr/,ok,,,,operating,other,website,
dbf2567b2cc8aa9ad363fc6164e07fd6b7ea1a48,https://cit.gr/,ok,,,,operating,other,website,
7dd784ee31ee3c4ed1db7733ca2bc331d7b33d1e,https://www.coffeemag.gr/,ok,,,,operating,other,website,
107c99bf59ab55717a93302faa4723e1c58edc5d,https://www.contra.gr/,ok,https://www.facebook.com/contragr/,https://x.com/Contragr,,operating,sports,website,
2adff67fb959006847d02d3e347b688d6f72d389,https://dailypost.gr/,ok,https://www.facebook.com/dailypost.gr/,https://twitter.com/DailyPostgr_,,operating,news,website,
763ad54f067d666d06e29b751cab92954616a005,https://daysofart.gr/,ok,,,,operating,other,website,
7071084fe477d9c22d8c4aa70b57be1a10c0a8be,https://debater.gr/,ok,https://www.facebook.com/debatergr/,https://x.com/DebaterGr,,operating,news,website,
abdd951e54bc6f23457c897d0627cd4fe35eced6,https://diesi.gr/,ok,,,,operating,other,website,
439c4d2a598fc2c4491baa3db8a75f9e015d5357,https://www.dikastiko.gr/,ok,https://www.facebook.com/dikastiko.gr/,https://twitter.com/Dikastiko_gr,,operating,news,website,
98d04b42e03a591d6d5252748fa2945345c59af3,https://dimosio.gr/,ok,https://www.facebook.com/dimosio.gr/,https://twitter.com/dimosio_gr,,operating,news,website,
d50b7da2d34a6340202c69e5498794aa0b4a49d3,https://www.dogma.gr/,ok,,,,operating,other,website,
d6f549528f4d1878691a57b11dd345a650163006,https://www.drive.gr/,ok,,,,operating,other,website,
29825979c99d7cd293e83edf17ab056a32541f8e,http://www.e-grammi.gr,ok,https://www.facebook.com/efimeridagrammi/,https://twitter.com/GRAMMIefimerida,,operating,news,website,
2809c69765177b3d62b15b27e5a12c977b97234d,https://economico.gr/,ok,https://www.facebook.com/economico.greece/,https://twitter.com/Economiconews,,operating,news,website,
e0a46aca69681fd5170c144300b324b4c1d77315,https://ecopress.gr/,ok,,,,operating,news,website,
8a823f1bb7b2d8e2b335cc344ff845928524a610,https://www.ekathimerini.com/,ok,https://www.facebook.com/ekathimerinicom,https://twitter.com/ekathimerini,,operating,news,website,english version of kathimerini
84d148eac59723f1620f6de1d6e09fa5d30a5f28,https://www.eleftherostypos.gr/,ok,https://www.facebook.com/EleftherosTypos,https://x.com/etyposgr,https://www.youtube.com/@eleftherostyposgr,operating,news,website,
1fe72061706afd782cd5962dca36f39c5b9d1309,https://www.elle.gr/,ok,,,,operating,other,website,
9105dbba0fb777067bec2442a1303dba99d4f151,https://energypress.gr/,ok,,,,operating,other,website,
8fe98db4339a1f91da42c821b2ae9e22fc3fd3f6,https://www.enikos.gr/,ok,https://www.facebook.com/enikosgr/,https://twitter.com/enikos_gr,https://www.youtube.com/enikosgr,operating,news,website,
b192884b7ebd070eb78d0f2d2f2f04146ed29bc8,https://enypografa.gr/,ok,https://www.facebook.com/enypografa/,https://x.com/enypografa,https://www.youtube.com/channel/UCsAin7fJFnNcDp1pVphRPKA,operating,news,website,
81167c74382175ae57641d9c6757fa9218d1d50c,https://www.ereportaz.gr/,ok,https://www.facebook.com/ereportazgr/,https://twitter.com/ereportaz,https://www.youtube.com/channel/UCokUGofeTcM-JR_6BgPQ6mA,operating,news,website,
f7cf778ea54af97a109435cc2e25e0130a8ada08,https://www.esos.gr/,ok,https://www.facebook.com/esosgr,https://twitter.com/esosgr,https://www.youtube.com/@esos-paideia,operating,news,website,
43eabc7b11cf0337cbfa2ab8b30ee75296ef1de4,https://www.ethnos.gr/,ok,https://www.facebook.com/ethnosonline,https://x.com/ethnosgr,https://www.youtube.com/channel/UCb0SCTuWPy0Lgr4NBYWzuGQ,operating,news,website,
245210455fbe786d4f617c8d8b8b81863ac814b9,https://fimotro.gr/,ok,https://www.facebook.com/fimotro.gr,https://twitter.com/fimotro,https://www.youtube.com/channel/UCNAeryubPPTU7R4K2BwZdHg,operating,news,website,
4ac1e4dd9db266aeefd521ea789b86f70e3b048f,https://www.financialreport.gr/,ok,https://www.facebook.com/profile.php?id=61554199059410,https://twitter.com/Financial_RepGR,,operating,news,website,
344c33d475e4cf5c410d9c222575693eecb44581,https://www.flash.gr/,ok,https://www.facebook.com/flashgrofficial,https://x.com/flashgrofficial,https://www.youtube.com/@flashgrofficial,operating,news,website,
363252799b5f83e840d6ae63de5387d8370570e8,https://fleetnews.gr/,ok,,,,operating,other,website,
580095e5e252a0a529a55f33fa7c6172245b59d0,https://fresher.gr/,ok,,,,operating,other,website,
7fad26030fa297c2bbb6467a622ec86ff71ccb4e,https://www.gazzetta.gr/,ok,https://www.facebook.com/gazzetta.gr/,https://twitter.com/gazzetta_gr,https://www.youtube.com/channel/UCCeuDI0Rmr41MByExC8PQ6Q,operating,sports,website,
b5c1c67a67d37e9fc9620bcade3879e52d96a953,https://www.gossip-tv.gr/,ok,https://www.facebook.com/gossiptvgr,https://twitter.com/gossiptvgr,https://www.youtube.com/user/GossiptvgrVideos,operating,news,website,
d7505c58162837954049d0ad7c3aed9b5edea24f,https://www.govastileto.gr/,ok,https://www.facebook.com/www.govastileto.gr,https://twitter.com/GovaStiletogr,,operating,news,website,
3853c9ee8680031add24973036c57d028093f01c,https://www.greece-is.com/,ok,,,,operating,other,website,
e1300d53286d41fc827a8c990d98228692098824,https://greentoday.gr,ok,,,,operating,other,website,
772748ed6c364756b9777d8e99e46abc802d6383,https://www.harpersbazaar.gr/,ok,,,,operating,other,website,
4fb87d5e5b9b4a7091b78e1b7ee4ef1eaff85a6f,https://www.healthweb.gr/,ok,https://www.facebook.com/healthweb.gr/,https://twitter.com/healthwebgr,https://www.youtube.com/@healthweb3460,operating,news,website,
ce301dd2c1c3f20d981940c3c04e207ec5a3316a,https://www.huffingtonpost.gr/,ok,https://www.facebook.com/HuffPostGreece/?locale=el_GR,https://x.com/HuffPostGreece,https://www.youtube.com/@huffpostgreece1122,operating,news,website,
1332c322f9e510a047ad8cbe1c253fb7546e6321,https://www.iatronet.gr/,ok,https://www.facebook.com/iatronet,https://x.com/iatronet,https://www.youtube.com/channel/UCteO2aY3ECcy8i1UcHZgzwA,operating,news,website,
161c2b4c8ca87befa22ca1ad37103417d8860dba,https://www.iatropedia.gr/,ok,https://www.facebook.com/iatropedia.gr/,https://twitter.com/iatropedia,,operating,news,website,
08147a426aa8d757ef5bebd5d0405f3d627a9993,https://www.ieidiseis.gr/,ok,https://www.facebook.com/iEidiseis.gr,https://x.com/ieidiseisgr,https://youtube.com/@ieidiseis9137,operating,news,website,
25c24d22bdb781447e03381f4605a0744400aeca,https://ikivotos.gr/,ok,,,,operating,other,website,
aa19d9d9a9953a604c30c259e0e4d02bf86f9388,https://www.imommy.gr/,ok,,,,operating,other,website,
57cfe432f3136a35d614dc2e49f72aa457b81596,https://www.incredible-greece.com/,ok,,,,operating,other,website,
731af3a625855a81c5dffb456e3ef4850afe1d0a,https://www.infokids.gr/,ok,,,,operating,other,website,
6c1a6a305e9c9a8f2772b8fc8ef2133f10da81af,https://insidestory.gr/,ok,https://www.facebook.com/insidestory.gr/,https://twitter.com/insidestory_gr,,operating,news,website,
59bae6964d083ba52fbd92d27af42a340b5838d3,https://insuranceworld.gr/,ok,,,,operating,other,website,
cecf9d91cec3432348de9b236b5e30c76a97d5ca,https://irunmag.gr/,ok,,,,operating,other,website,
88e3ed4661394756f1c7a53d06e6d48aab374ec9,https://www.kidsradio.com/,ok,,,,operating,other,website,
d5a28f6f9b5d11f8b00713f631689b859706c2fa,https://www.koutipandoras.gr/,ok,https://www.facebook.com/koutipandoras.gr,https://twitter.com/Kouti_Pandoras,https://www.youtube.com/user/koutipandoras,operating,news,website,
fd5d2df18568a304b633220bee0c59f764818d65,https://www.ladylike.gr/,ok,https://www.facebook.com/Ladylikegr/,,https://www.youtube.com/ladylikegreece,operating,news,website,
379b82a2330b8dcc2ea29631e0f5fdab981906e2,https://www.liberal.gr/,ok,https://www.facebook.com/liberalgr,https://twitter.com/liberalgr,,operating,news,website,
a4aba8f148838d73f16f9404164119661c12f3ab,https://www.lykavitos.gr/,ok,https://www.facebook.com/lykavitos.gr/,https://x.com/lykavitosgr,https://www.youtube.com/watch?v=-l78rYw7pAk,operating,news,website,
2be9a3d8dc2fad1988e018a161962e6b7bf0077e,https://www.madamefigaro.gr/,ok,https://www.facebook.com/MadameFigaroGreece,,,operating,news,website,
0036c3884c24db1e155dbb219c5a280e2b834f7e,https://www.mama365.gr/,ok,https://www.facebook.com/mama365,https://twitter.com/mama365_gr,,operating,news,website,
0a183bad96c36fd3b29280594f98eaa479579866,https://meatplace.gr/,ok,https://www.facebook.com/Meatplace.gr,,,operating,other,website,
b7fc6379a90895678d8103ef434ae5ff8dcbe63e,https://www.megatv.com/,ok,https://www.facebook.com/megatvcom/,https://x.com/MegaTvOfficial,https://www.youtube.com/channel/UCpWa_Y5O7U2oQLAz-FRllwg,operating,news,website,
1a3bb4445df399fd454fb1a7b380412036521812,https://menshouse.gr/,ok,https://www.facebook.com/menshouse.gr/?locale=el_GR,https://x.com/Menshousegr,https://www.youtube.com/@menshouse2910,operating,news,website,
18c4c58819d2f16c37f0c0edc27f65912d80906e,https://www.militaire.gr/,ok,https://www.facebook.com/militaire.gr,https://twitter.com/karvounopoulosp,https://www.youtube.com/@MilitaireNews,operating,news,website,
3b4f2851ce45e2ab1e2d24883d4a4d60e453b5ac,https://www.mixanitouxronou.gr/,ok,https://www.facebook.com/mixanitouxronou/,https://twitter.com/mixanitouxronou/,https://www.youtube.com/channel/UC3cF5zwsHbX0noh3jMTVlYQ/,operating,news,website,
10e5e35562ebeb6d2ac853042b70ae741733c637,https://www.moneypress.gr/,ok,https://www.facebook.com/moneypress/,https://twitter.com/Moneypressgr,,operating,news,website,
bf9338b9888324d156e441463fd51f8f52710e0c,https://monobala.gr/,ok,https://www.facebook.com/monobala.gr/,https://twitter.com/monobalaGR,https://www.youtube.com/@monobalaGR,operating,sports,website,
207305dd7e25b1077fdd400c6030af83d4e6b44c,https://www.mothersblog.gr/,ok,https://www.facebook.com/mothersblog,,,operating,other,website,
bb1d717ac67d9aaf14fef790e66f261d9264e01b,https://www.motorone.gr/,ok,https://www.facebook.com/motorone.gr,https://twitter.com/GrMotorone,,operating,news,website,
b8e8a8170209fef9f2430d7e5a72a3d70b44f000,https://www.symboulos.gr/,ok,https://www.facebook.com/Symboulos.gr,,,operating,news,newspaper,
eed23dbb7fbb740704f58d69d165be83f95305ec,https://www.acheloostv.gr,ok,https://www.facebook.com/axelwostv/,https://x.com/Axeloos_Media,https://www.youtube.com/channel/UCa0b8xwm9QEjxKHB740FruQ,operating,news,website,
de1468d60478adc683d38831e474178c78f5556b,https://www.agriniotimes.gr/,ok,https://www.facebook.com/AgrinioTimes.gr,https://twitter.com/agriniotimes,https://www.youtube.com/channel/UCyWsrhvyRGd8Ru-p-uUWjRA,operating,news,website,
59241a89dc187eb830f2e9404d1cc20ab3fe58df,https://www.nafpaktosvoice.gr/,ok,https://www.facebook.com/nafpaktosvoice/?locale=el_GR,https://x.com/nafpaktosvoice,https://www.youtube.com/@nafpaktosvoice,operating,news,website,
0a0789f99e254cdd4e40c2aae775fd8c67c1cea2,https://www.taxydromosartas.gr/,ok,https://www.facebook.com/people/%CE%95%CF%86%CE%B7%CE%BC%CE%B5%CF%81%CE%AF%CE%B4%CE%B1-%CE%A4%CE%B1%CF%87%CF%85%CE%B4%CF%81%CF%8C%CE%BC%CE%BF%CF%82-%CE%86%CF%81%CF%84%CE%B1%CF%82/61573192125015/,,,operating,news,newspaper,
8b434a6d429f5e1678a52ca149c10a51e9856e4e,https://ontime24.gr/,ok,https://www.facebook.com/ONtime24a/,,https://www.youtube.com/@OnTime24gr,operating,news,newspaper,
3bdcd569c7d763681c0f71853649be89307d2150,https://www.attikovima.gr/,ok,https://facebook.com/attikovima,https://twitter.com/attikovima,,operating,news,newspaper,
9f84b21c18809b8a3de58a73c5cccde435839b69,https://www.elora.gr/portal/,ok,https://www.facebook.com/eleftheriora,https://twitter.com/ElftheriOra,,operating,news,newspaper,
992b18042fa90ce0a23ecd9771c97c7d5baf0981,https://www.karfitsa.gr/,ok,https://www.facebook.com/karfitsa.gr/,https://twitter.com/karfitsagr/,https://www.youtube.com/channel/UCuvE65yru0laOaFLZedwTHQ/,operating,news,newspaper,
f9e77e74709f1f4d0e8fbab9ca048c748eb2d67a,https://epohi.gr/,ok,https://www.facebook.com/efimerida.epohi,https://x.com/h_epohi,https://www.youtube.com/@efimerida_epohi,operating,news,newspaper,
b01ef4d5f425f89f8a6508dde4fff156eead5b8d,https://www.naftemporiki.gr/,ok,https://www.facebook.com/naftemporikigr,https://twitter.com/naftemporikigr,https://www.youtube.com/@naftemporikiGR,operating,news,newspaper,
a57069b2ad61da4ae466c18038d0b617514ddcd0,https://www.dimokratia.gr/,ok,https://www.facebook.com/dimokratianews.gr/,https://x.com/DimokratiaGr,https://www.youtube.com/channel/UCoWBLdXOq47P75wz63fyu5w,operating,news,newspaper,
8eda5ee75f298e4b2913ea49f407b7a04ca08f41,http://euro2day.gr,no_website,,,,operating,news,newspaper,
c3f15af83f6cf72e2091f939c25df8eec27da997,https://www.syneidisi.com/,ok,https://www.facebook.com/sinidisi.met/,https://x.com/syneidisicom,,operating,news,newspaper,
16efa57f8afae587cdbf52036bfc5f0d558c7173,https://www.fosonline.gr/,ok,https://www.facebook.com/FosTonSport/,https://twitter.com/fostonsport,https://twitter.com/fostonsport,operating,sports,newspaper,
0a6a9eef195520a2d232952f85eb2df21e06b7c9,https://www.xtypos.gr/,ok,https://www.facebook.com/xtypos.gr/,https://x.com/xtypos,https://www.youtube.com/user/xtyposnews,operating,news,newspaper,
2f7c8a7a2bfc54580718acdac6a44c1bbea706f6,https://www.chalandri.gr/%CE%B4%CE%B7%CE%BC%CE%BF%CF%84%CE%B9%CE%BA%CE%AE-%CE%B5%CE%BD%CE%B7%CE%BC%CE%AD%CF%81%CF%89%CF%83%CE%B7/,ok,https://www.facebook.com/p/%CE%95%CE%9D-%CE%94%CE%97%CE%9C%CE%A9-%CE%A7%CE%B1%CE%BB%CE%B1%CE%BD%CE%B4%CF%81%CE%AF%CE%BF%CF%85-100028131895162/,,,operating,news,newspaper,
eb3148125a95bd60b657d2cf6a7b3ebf3a7a2f12,https://www.advertising.gr/,ok,,,,operating,other,website,
8e6467977374955ed47e7cfd4910293d3b429400,https://www.agro24.gr/,ok,https://www.facebook.com/pages/Agro24gr/1501011463517067,https://twitter.com/agro24gr,,operating,news,website,
87093af4b2031b7d4732c6682caabed9bd466ac6,https://www.allstarbasket.gr/,ok,https://www.facebook.com/AllStarBasket,https://x.com/AllStar_Mag,https://www.youtube.com/@allstarbasket565,operating,sports,website,
6f12827e20df0adb2006be0f0a56df860a58ec20,https://amarysianotia.gr/,ok,https://www.facebook.com/amarysianotia.gr,,,operating,news,website,
1b0a5430759a6b0106d0e91f5a9c899c3729876d,https://antenna.gr/,ok,https://www.facebook.com/ANT1TV/,https://twitter.com/ant1tv,https://www.youtube.com/c/ant1tv,operating,news,website,
a5973c33ca71c3ae6b753924758484ba860bc46c,https://www.athensmagazine.gr/,ok,https://www.facebook.com/athensmagazine.gr,https://twitter.com/athensmagazine,https://www.youtube.com/@TheAthensMagazineGr,operating,news,website,
24ab4d1f5b915b8ce2a8fa646de3f31324d4a3c7,https://www.athinorama.gr/,ok,https://www.facebook.com/athinorama.gr/,,,operating,other,website,
de640a42c8200d1368071dcf4d3e775a46981a74,https://www.bankingnews.gr/,ok,https://www.facebook.com/bankingnewsgr/,https://twitter.com/bankingnewsgr,,operating,news,website,
92a3d138a3c81bea60aed8845ed1b0e9daa5c5fe,https://blueskytv.gr/,ok,https://www.facebook.com/blueskytv,https://twitter.com/blueskytvgr,https://www.youtube.com/blueskytv,operating,news,website,
3667e5706a3af763422974131a73a783af9bf6b6,https://www.businessdaily.gr/,ok,https://facebook.com/BusinessDaily1/,https://twitter.com/BusinessDaily9,,operating,news,website,
0202f69bdcc511065a14209a143a59f051dc2158,https://www.cantinamag.gr/,ok,,,,operating,other,website,
ce19f51e34e1a531376fb0bcb71349ec2ddf8b8d,https://www.cnn.gr/,ok,https://www.facebook.com/cnn.greece,https://twitter.com/CNNgreece,https://www.youtube.com/channel/UCA449AY-qrJsvE7HX8MZVog/videos,operating,news,website,
747399989b607de380cd3b46aa6c6c90e6369193,https://csrnews.gr/,ok,,,,operating,other,website,
72dc233e910392285039798901822733632c1e22,https://www.dairynews.gr/,ok,,,,operating,other,website,
864740c94ba9515d48b7d528e10c26efe95c1811,https://www.digitallife.gr/,ok,,,,operating,other,website,
d75165116705ac1bc619607e8ac7900fec506c6f,https://www.dnews.gr/,ok,https://www.facebook.com/dikaiologitika,https://twitter.com/dikaiologitika,https://www.youtube.com/channel/UCQnilFuPdrMaH6Jo2-uECFA/featured,operating,news,website,
7c0a3840f7810571f8d0a65d477a7361eeda5f31,https://www.dromosfm.gr/,ok,,,,operating,other,website,
15e65e043559cd3a691870231279a800b406fe8c,https://www.economistas.gr/,ok,https://www.facebook.com/economistasgr,https://twitter.com/economistasgr,,operating,news,website,
2684c0f35cc6e7f52c1e6049593f7c5d6ee06b23,https://elaiaskarpos.gr/,ok,,,,operating,other,website,
50a99ea92ab5961cc2deabafff84585e80fa157b,https://www.energymag.gr/,ok,,,,operating,other,website,
a99bd1782776a4536a33fcdbc58bb5b802c67fb0,https://www.enlefko.fm/,ok,,,,operating,other,website,
38efc90008a74fec57d3fe1a14afb00e9b1cb7ed,https://www.esgstories.gr/,ok,,,,operating,other,website,
f4568b4940b6f257cf08f8fcd247f76ce0d261e7,https://exploringgreece.tv/,ok,,,,operating,other,website,
33d79b2759c753e3d0b009114553112c4ebaaa12,https://finupnews.gr/,ok,https://www.facebook.com/Finupnews/,https://twitter.com/finupnews,https://www.youtube.com/channel/UCfDTLQvphn2R8MlE3sae_Jw,operating,news,website,
018dbf196a9cb8b97b72d6e1eab0f279157a7ef1,https://www.fpress.gr/,ok,https://www.facebook.com/fpress.gr/,https://x.com/fpress1?lang=en,,operating,news,website,
462227cab1c1852a37eb3a0413ae9c24fddebc99,https://www.gossipstory.gr/,ok,,,,operating,other,website,
4c0407af7a8d56871126318777c09b851318e68f,https://greenbusiness.gr/,ok,,,,operating,other,website,
8fe557584813f5a720b467a03805418254eaca93,https://healthstories.gr/,ok,,,,operating,other,website,
758dc82faa6f08fd0b0fd0b914b53713edbee0ad,https://www.skaipatras.gr/,ok,https://www.facebook.com/Skai-Patras-894-Skaipatrasgr-177070132396041/?fref=ts,,https://www.youtube.com/user/skaipatras,operating,news,website,
9d5dd3f126443bf2aa24e2072f2991d0dc2cf787,https://expressnews.gr/,ok,https://www.facebook.com/expressnewsgr/?locale=is_IS,,,operating,news,website,
eb440f072d96331455cfa2f857dc3895e7775b95,https://argolikianaptiksi.gr/,ok,https://www.facebook.com/argolikianaptiksi/,https://twitter.com/prooptiki?lang=el,,operating,news,newspaper,
360c44d6f505da022e8fb1f933c3b92f27c38105,https://profi.gr/,ok,,,,operating,other,newspaper,
8081d75ba77b99ef204a4569d09ef06c003bc124,https://enimerosi-news.gr/,ok,https://www.facebook.com/enimerosimegarondytikisattikis/,https://twitter.com/ENIMEROSINEWSGR,https://www.youtube.com/channel/UC2L_iQ3XPguixBmdPHMKb9g,operating,news,newspaper,
9340765db6071324c50a48868b2b66e68ea99f02,https://www.efsyn.gr/,ok,https://www.facebook.com/efimerida.syntakton/,https://twitter.com/EFSYNTAKTON,https://www.youtube.com/@user-efsyn,operating,news,newspaper,
ff48b3f978793c77633c07933f75b3608e07fecb,,no_website,,,,operating,news,newspaper,
26b3553b548ecd94343bb1e63fe37a5dc301ccbd,https://www.tovima.gr/,ok,https://www.facebook.com/tovimagr/,http://www.twitter.com/tovimagr/,https://www.youtube.com/@tovimagrofficial,operating,news,newspaper,
7aea351281296892bfd43a8e2ca442533b509285,https://ifn.gr/,ok,,,,operating,news,newspaper,
25d383a5d5a7417f4fcc093909f0b70b576f391c,https://afteroffice.gr/,ok,https://www.facebook.com/After-Office-Gr-124870929775319,https://twitter.com/afterofficegr,,operating,news,website,
4a9e8bdb7a5b2d586bc985a2792b093fb0152169,https://www.alphatv.gr/,ok,https://www.facebook.com/alphatv,https://twitter.com/alphatvgreece,https://www.youtube.com/user/AlphaTVGreece,operating,news,website,
41a5678657e480051871fe2709af6741ab3e9b0d,https://arthro.gr/,ok,https://www.facebook.com/arthrogr-110373053788394,https://twitter.com/GrArthro,https://youtube.com/channel/UCd8R6FiJqBD-4q9gcjQhKcg,operating,news,website,
c99c4be07ca634fb59bff1004c826e513189603c,https://www.autotypos.gr/,ok,,,,operating,other,website,
a27f29747cb48fec1c3209882c204462907d478d,https://www.bovary.gr/,ok,,,,operating,other,website,
b072d909913ae828c77717e7981f754a1a07cacb,https://www.cartest.gr/,ok,,,,operating,other,website,
e687bacd3380d10156f0de17340fc6596eafeb15,https://www.diakopes.gr/,ok,,,,operating,other,website,
0fb63c362c96c402b6b6dbf92214e30bdde27f32,https://dpress.gr/,ok,,,,operating,news,website,
d4123bf556627e0c6f760b0366cfae0a00530311,https://ecozen.gr/,ok,https://www.facebook.com/ecozengr/,https://twitter.com/ecozengr,,operating,news,website,
f637969bf105e8296c74e9526538029539f8b998,https://www.enikonomia.gr/,ok,https://www.facebook.com/enikonomia.gr/,https://twitter.com/enikonomia,https://www.youtube.com/channel/UC3dSW58JvLWajYlfIo9JrMA,operating,news,website,
b5525430196fefa143f036589c70f83abb5ba579,https://esquire.com.gr/,ok,,,,operating,other,website,
7d93ee01dbb733da4e8041a9748a6320c65bdb00,https://www.fortunegreece.com/,ok,,,,operating,news,website,
a06521500d55c2bc732167718f776f7cf18c0517,https://govnews.gr/,ok,https://www.facebook.com/govnews.gr,https://twitter.com/govnewsgr,,operating,news,website,
638ab81b15aac63e804d617f4ece1d85eef6d78e,https://www.hit889.gr/,ok,,,,operating,other,website,
46cc98bcff5be92f55f6a9e3680ce34a075d4f22,https://www.iatropedia.gr/,ok,,,,operating,other,website,
4eb67f4be7bf0510a114fb197e526ef9dfd253b7,https://www.ienergeia.gr/,ok,,,,operating,other,website,
472379c8d5a0801cbff152aac88dd25aaecb36cc,https://www.in2life.gr/,ok,,,,operating,other,website,
3eab8a27ff538cd2aa2bf136be8ff003bc0e22e7,https://www.insider.gr/,ok,https://www.facebook.com/insider.gr,https://twitter.com/insiderGrNews,,operating,news,website,
5ec7534b6ee9aabeccfbc9bfa7a05ef803ed6f4a,https://ipolimas.gr/,ok,,,,operating,other,website,
c6a3f773cfbd6c5c96406d0fbf2c3bee915a8bf9,https://koinoniki.gr/,ok,https://www.facebook.com/koinoniki/?fref=ts,https://twitter.com/koinonikinews,https://www.youtube.com/channel/UCoG4Rs2hZKG3LEQ9n0qONRA,operating,news,website,
e93f7383337f1aac1efcf63205ed616a58603ee0,https://lawandorder.gr/,ok,https://www.facebook.com/lawandorder.gr,https://twitter.com/Lawandordergr,https://www.youtube.com/channel/UCv5rQLR0fNQuuFGT1TfZVSw,operating,news,website,
222c8f7bd66e0accf0d06fc78110c07596c52592,https://www.mad.gr/,ok,,,,operating,other,website,
4af8f2daca652bc660a9c8601383bdfd4f8ada21,https://www.marieclaire.gr/,ok,,,,operating,other,website,
b26f4428e54e6891c409bc9df0bfadc24c65f240,https://www.melodia.gr/,ok,,,,operating,other,website,
6e209d87eed6a8e0c3d57fd41fcb76b97f271ab7,https://www.missbloom.gr/,ok,,,,operating,other,website,
a27114fe19e6883bc76432883ce7e7c0438b30ae,https://www.moneyreview.gr/,ok,https://www.facebook.com/Money-Review-100715108567626/,https://twitter.com/Money_Review_,,operating,news,website,
01585155e42e3b33e9b40440f21f2e1e27fb6fb1,https://www.motomag.gr/,ok,,,,operating,other,website,
3cf081bf710db9c39ed9a401876addcf5d29bfad,https://www.myradio1046.fm/,ok,,,,operating,other,website,
d72b6735f5e4bd4891cae21e46f3a13943d25eba,https://www.neamou.gr/,ok,,,,operating,news,website,
c500f2accdfe60e51ff1065a333a09454bef4a45,https://www.newmoney.gr/,ok,https://www.facebook.com/newmoneygr/,https://twitter.com/newmoneygr,https://www.youtube.com/@newmoney4561,operating,news,website,
79fdad381827ea2ad737de411815b25b96f9a02d,https://news.gtp.gr/,ok,,,,operating,other,website,
86f622f943845cdcef8acb5b76223d6f38c3ff3f,https://www.news247.gr/,ok,https://www.facebook.com/news247,https://twitter.com/News247gr,https://www.youtube.com/user/News247gr,operating,news,website,
6122016340645357705e71edb67f9c26472aa221,https://www.newsauto.gr/,ok,,,,operating,other,website,
355af114c3b2ffcb8ebf14fff35e4b992db3ee1f,https://www.newsbomb.gr/,ok,https://www.facebook.com/newsbombgr,https://x.com/newsbombgr,https://www.youtube.com/channel/UCiZ5gd_RCuHipTJQm-2e8kw?sub_confirmation=1,operating,news,website,
09d2172dd054998c77895af8c88bb83834ea3e11,https://www.newsit.gr/,ok,https://www.facebook.com/newsitgr,https://x.com/NewsItFeed,https://www.youtube.com/channel/UC3y7pL9boqyhVT6YNNw_v1w,operating,news,website,
19ce2c95be6cb0a7a022bffc11fba95204a01cea,https://www.novasports.gr/,ok,,,,operating,sports,website,
7f925bf507872de62986a978f7d42e1150de8368,https://oknews.gr/,ok,https://www.facebook.com/OknewsGr,https://twitter.com/OknewsGr/,,operating,news,website,
2727f5cf7e6e2d7510805ded47ce69ba3aa7a917,https://www.onalert.gr/,ok,,,,operating,other,website,
14ce11aa0ed46f9c807de69817a682f0a3ffeb91,https://www.oneman.gr/,ok,,,,operating,other,website,
90914ab5720befff0f7e8d1d641e9ee8e55481e5,https://www.onsports.gr/,ok,,,,operating,sports,website,
b9c97763545f6a3abaae29dbb0fba68926821d09,https://otavoice.gr/,ok,https://www.facebook.com/otavoicegr/,https://twitter.com/OTAVOICE2,https://www.youtube.com/channel/UCGjZa4q07dpfQfJ2uve9eMw,operating,news,website,
ebbcf9a49f240a079a7d7b680bfe15a7feb4a19a,https://www.pagenews.gr/,ok,https://www.facebook.com/pagenewsgr/?hc_ref=PAGES_TIMELINE,,https://www.youtube.com/channel/UCL9aVoiLm-ueOiLwTVM9Rew,operating,news,website,
dc49a7e26a7a4239a28255cd4edd4413668dfa33,https://www.paok24.com/,ok,,,,operating,sports,website,
da80d9b5e3d5138785358f4323077fba74a34b20,https://www.pepper966.gr/,ok,,,,operating,other,website,
4ae603abd42e056eec8fd3d5c71338fbcb88a6d4,https://perpetual.gr/,ok,,,,operating,other,website,
12e57b7efcb22fae564f6c77941ac62ed97273f8,https://police365.gr/,ok,,,,operating,news,website,
9288fe098ac846b71860e1683ac3e77c62c60766,https://www.political.gr/,ok,https://facebook.com/PoliticalPress.GR,https://x.com/PoliticalGR,,operating,news,website,
b6823e408bee0c8e34e54d6bf0cc27a237fae881,https://popaganda.gr/,ok,,,,operating,other,website,
cc7a48160ad201d3dce55e3e4d98ad70ef9776b9,https://portnet.gr/,ok,https://www.facebook.com/Portnet.gr,https://twitter.com/portnetgr,,operating,news,website,
b7b6c4fd99cc1e5a4a02003f15787496ef48623d,https://www.powermag.gr/,ok,,,,operating,other,website,
68a01e366af1dd4d6a2abca157ec865b64d5deb4,https://www.protagon.gr/,ok,https://www.facebook.com/protagongr/,https://x.com/protagongr,https://www.youtube.com/user/protagongr,operating,news,website,
e156215465914d707d944807651ec81cbb8d8a37,https://www.psychologynow.gr/,ok,,,,operating,other,website,
f9159fcb9ac39ef1a1338e50b69017b13a12ed65,https://www.ratpack.gr/,ok,,,,operating,other,website,
3e4df7bc415b9111e760d58b01ed2eec4b280f20,https://www.redfm.gr/,ok,,,,operating,other,website,
fb94b344dabac66be8eb8537299e8c660ec97863,https://www.reporter.gr/,ok,https://www.facebook.com/Reporter.gr,https://x.com/reportergr,,operating,news,website,
a4d6da90b5a13a54f8e2b7670a7e00c13a8bc7c5,https://www.rosa.gr/,ok,https://www.facebook.com/RosaProgressive/,https://twitter.com/rosa_progress,https://www.youtube.com/@ROSAProgressive,operating,news,website,
41cc95bc53878c4a3b28975bce7a1432091e21fe,https://www.saronicmagazine.gr/,ok,https://www.facebook.com/saronicmagazine/,https://twitter.com/SaronicM,https://www.youtube.com/channel/UCjJGLtzE0j8J_zPvnEzhC4Q,operating,news,website,
fa48453ca4441b23df8028656db444907aea90c2,https://www.securitymanager.gr/,ok,,,,operating,other,website,
e197d97f68ebb179bae9d87744281bdcc3952642,https://www.shape.gr/,ok,,,,operating,other,website,
b36c899eed0c0b3df88b03fd30a8f9868f7fbc24,https://www.skairadio.gr/,ok,https://www.facebook.com/skaigr,https://www.twitter.com/skaigr,https://www.youtube.com/channel/UC6ermTU8nKSCRJOX2WdYj7g,operating,news,website,
e2ef41a63be7f32efcbf213c5b6d921ffca304b6,https://www.sofokleousin.gr/,ok,https://www.facebook.com/sofokleousin,https://twitter.com/Sofokleousin,,operating,news,website,
d5c7bb2024acd1c5a7d3c81dbb9bc82e37e8b549,https://www.sport24.gr/,ok,https://www.facebook.com/SPORT24/,https://twitter.com/sport24,https://www.youtube.com/@sport24greecetv?sub_confirmation=1,operating,sports,website,
20845fb9dd0dbda38233c0e17cefaa5d7a09cb22,https://sportday.gr/,ok,https://www.facebook.com/sportdaygr/,https://x.com/sportdaygr,https://www.youtube.com/@sportday3064,operating,sports,website,
47035a8346f931ed372bf485f83bb9718685cc48,https://www.star.gr/,ok,https://www.facebook.com/stargrnews,https://twitter.com/wwwstargr,,operating,news,website,
b199c06ee252074890069b4550e1a597f3246760,https://www.supply-chain.gr/,ok,https://www.facebook.com/SupplyChain.gr,,https://youtube.com/user/omindcreatives,operating,other,website,
31c04f9836a0e1c209e27583c5a01c36f39cf3f2,https://www.tanea.gr/,ok,https://www.facebook.com/tanea.grofficial,https://x.com/ta_nea,https://www.youtube.com/channel/UCYTti6kj97zrMi7sMePlU2g,operating,news,website,
09c1c7fc0f2f72a4feb74ef377bbb5bfdf8bbb6d,https://thecaller.gr/,ok,https://www.facebook.com/thecallergr/,https://twitter.com/thecaller8,,operating,news,website,
aebc09ceda64efc2d77694cc6d95d2765e136c6c,https://www.thecitizen.gr/,ok,,,,operating,other,website,
337f0bdde41cee15b2449d9ab08d3639fc651add,https://www.themamagers.gr/,ok,,,,operating,other,website,
697bd91be5c50f9ce3ba2dd2ec39bd1f55c4d3c8,https://thestandard.gr/,ok,https://www.facebook.com/thestandardgreece,https://twitter.com/TheStandardgr,,operating,news,website,
22279088d8f3548a5e5ec424eaea38c63ffffb1b,https://www.tlife.gr/,ok,,,,operating,other,website,
26ebe842a21effe27b8b9939f64d6db20b33ddd0,https://www.topetmou.gr/,ok,,,,operating,other,website,
4665420ae4ab003476018152fd9dd3428e0a3cf1,https://tornosnews.gr/,ok,,,,operating,other,website,
09e67a1072637652930fb459c9f8d4b4389a04d9,https://www.tovima.gr/,ok,https://www.facebook.com/tovimagr/,http://www.twitter.com/tovimagr/,https://www.youtube.com/@tovimagrofficial,operating,news,website,
af80db33b356950420d3682991cde9e89ea72488,https://www.travel.gr/,ok,,,,operating,other,website,
c825985640ae801553938aee83b194afa410f5c9,https://www.travelstyle.gr/,ok,,,,operating,other,website,
626498a200f45011f725c7334ba52ab89ea1a5b9,https://www.tvopen.gr/,ok,https://www.facebook.com/opentvgr/,https://twitter.com/opentvgr,https://www.youtube.com/opentvgr,operating,news,website,
633d5a5e609ff45be4fdfe1292488ecd7b897ec1,https://typologies.gr/,ok,,,,operating,other,website,
3e28e0ca4b862bee23bf03bb72be773158639e32,https://www.usay.gr/,ok,https://www.facebook.com/usay.gr/,https://twitter.com/usay_gr,,operating,news,website,
bbe45413e8d6b2f8246cf552aeede0a9852b87cb,https://www.vita.gr/,ok,,,,operating,other,website,
babf3d44fc36098d0c2491b92a36a7cdc754df12,https://www.vradini.gr/,ok,https://www.facebook.com/vradini.gr,https://twitter.com/VradiniGr,https://www.youtube.com/channel/UC8hnKp5j72dbiWpotwINTFg/videos,operating,news,website,
8ff12cf97573cf5d95b3510dcc150e615fca36b6,https://winetrails.gr/,ok,,,,operating,other,website,
0eb608d963d9ea2e5d6fc8da2126f43b764096aa,https://womenonly.skai.gr/,ok,,,,operating,other,website,
72ef705bd336b758ecce634dce5643c25d3d24b5,https://xrisima.gr,ok,,,,operating,other,website,
613e3611e838415fde3baa1836eec9fcf0f75a46,https://www.youweekly.gr/,ok,,,,operating,other,website,
1cf7f20c4febea4c596744ebff52730c3f6abd26,https://www.zappit.gr/,ok,,,,operating,other,website,
fe927434a8498f4c45ec1afb5c96dfe3250bb316,https://www.zinapost.gr/,ok,,,,operating,other,website,
47849acef3ab6045d64a2911c2707835200153e1,https://www.diavima.gr/,ok,,,,operating,news,newspaper,
04e3b91ba77d9a29a6f5114c130dc6fb3cc732c2,https://typoshalkidikis.gr/,ok,,,,operating,news,website,
8a20f8d831a446eb365fed0fde0b50abd9adf150,https://www.haniotika-nea.gr/,ok,https://www.facebook.com/haniotika.nea,https://twitter.com/HaniotikaNea,,operating,news,newspaper,
b4f5ffde11e18b13e2eaad3431f8a532e5ca3292,https://www.neoiorizontes.gr/,ok,https://www.facebook.com/%CE%95%CF%86%CE%B7%CE%BC%CE%B5%CF%81%CE%AF%CE%B4%CE%B1-%CE%9D%CE%AD%CE%BF%CE%B9-%CE%9F%CF%81%CE%AF%CE%B6%CE%BF%CE%BD%CF%84%CE%B5%CF%82-373707687124/,,,operating,news,website,
db2df0309803fb5095ea43509ecb0122fa883d5e,https://www.zarpanews.gr/,ok,https://www.facebook.com/zarpa.gr,https://twitter.com/zarpanews,https://www.youtube.com/channel/UC1H0rJdHfj4ogoWsojyqZ-g/feed,operating,news,website,
790bd14cae956da0ddcd047e48e8d25d31dc80ba,https://www.xiakoslaos.gr/,ok,https://www.facebook.com/xiakoslaos/,https://twitter.com/xiakoslaos,https://www.youtube.com/channel/UCvw3XIKyEMbfDOoaADF4v-g,operating,news,newspaper,
ebcd94033f81bb474f8323c35f979b8fe7b74627,https://tvpatrida.gr/,ok,https://www.facebook.com/patrida.chios/,https://twitter.com/patridachios,https://www.youtube.com/channel/UCMCew9C72UZvj_4eOWenCTQ/videos,operating,news,website,
053f3aa551801f743ea3f6ea4c90e4a01b9bff6a,https://www.kerkyrasimera.gr/,ok,https://www.facebook.com/kerkyrasimera/,https://x.com/corfunewspaper?mx=2,https://www.youtube.com/@corfunewspaper2803,operating,news,newspaper,
c6a6fc945982b20eccfc5d9f5f2f8091be32adf8,https://www.corfupress.com/,ok,https://www.facebook.com/CorfuPress.com.Official/,https://twitter.com/corfupress,https://www.youtube.com/channel/UC38lHlcs0lAuvTghuS7Vd3Q,operating,news,website,
02ed78fc5db4d70c1de8343d6ed7254a40e6b502,https://krnews.gr/,ok,https://www.facebook.com/krnews.gr,https://twitter.com/korinthiaki,,operating,news,newspaper,
74ede3f99082c48f6a185dd7768e1780f37a2ff6,https://www.fonikor.gr/,ok,,,,operating,news,newspaper,
010631448470c8f92c7debd41a034033e07fe43f,https://www.koinignomi.gr,ok,https://www.facebook.com/pages/%CE%9A%CE%BF%CE%B9%CE%BD%CE%AE-%CE%93%CE%BD%CF%8E%CE%BC%CE%B7/460827877312985,https://twitter.com/Koini_Gnomi,http://www.youtube.com/user/KoiniGnwmi,operating,news,newspaper,
9c6fc4f6dbd42bb516ca80449d6d7a8595509c01,https://parostoday.gr,ok,https://www.facebook.com/people/Paros-Today/61556103659553/,https://twitter.com/ParosToday,,operating,news,newspaper,
7117cf3705faea0869c5ef4b30dd6aa1248d94bc,https://cyclades24.gr/,ok,https://www.facebook.com/cyclades24.gr/,https://twitter.com/cyclades24,https://www.youtube.com/channel/UCthKcM2JA69kNz2txL_wmMA,operating,news,website,
db40c572470793c4c33886a408ec42849e33a171,https://fileleutheros.net/,ok,,,https://www.youtube.com/@%CE%A6%CF%89%CE%BD%CE%B7%CF%84%CE%B7%CF%82%CE%A0%CE%B1%CF%81%CE%BF%CF%85/streams,operating,news,website,
0cfa698aa7c9b10940b72d9496183dbb4757b891,https://www.dimokratiki.gr/,ok,https://www.facebook.com/dimokratiki/,https://x.com/dimokratikinews,,operating,news,newspaper,
e4fbcdf5c4fe8fef962768bc066a6a27126791b4,https://12vima.gr/,ok,https://www.facebook.com/12vima.gr/,,https://www.youtube.com/channel/UCaWsafsT0nqJDsKj5UBF5yg,operating,news,newspaper,
4cc789bc2da6fbc554bedfd8fd2ed29f5b7e5630,https://aegeanlive.gr/,ok,https://www.facebook.com/aegeanlive.gr,,https://www.youtube.com/channel/UCJUB9apKO1uOv6q4Ukdxeqw,operating,news,website,
94af7fdb72e95ff1a8b1353ef22415cb32924904,https://realvoice995.gr/,ok,https://www.facebook.com/realvoice995,https://twitter.com/RealVoice995,,operating,news,website,
d60c00ee78c30526255405dcf90e7f019a1f146e,https://www.facebook.com/ergasia.syn/,ok,https://www.facebook.com/ergasia.syn/,,,operating,news,newspaper,
476b97075255ce0886eba9036c0030289bcfbafd,https://www.alpha-news.gr/,ok,https://www.facebook.com/alphanewsfm/,https://twitter.com/alphanewsdrama,,operating,news,website,
8a8bb2e5023ffd06136a4147ece46cb3815035ef,https://www.egnomi.gr/home,ok,https://www.facebook.com/evoiki.gnomi/,https://x.com/EGNOMI,https://www.youtube.com/channel/UClnJmY9jcxVhUg50ZER8_7A,operating,news,newspaper,
7c9705d152efeea3fa482170577691d92f2afa43,https://www.heart942.com/,ok,,,,operating,other,radio,
2f14e09ffbd28d3cf3972c740168fd2a0521af5c,http://www.eviatop.eu/,ok,,https://x.com/eviatop,,operating,news,website,
736cba0187bdabe17fc389ffafd8ad7469e2352b,https://elthraki.gr/,ok,https://www.facebook.com/elthraki/,,https://www.youtube.com/user/thrakinet,operating,news,newspaper,
818e04421d835cb4337830b04512d90d88e053c9,https://methorios.gr/,ok,https://www.facebook.com/Methoriosorestiada/,,,operating,news,newspaper,
9334beb4231c4a8009333c9c7f7edf8702360648,https://evros24.gr,ok,https://www.facebook.com/evros24,https://twitter.com/evros_24,https://www.youtube.com/evros24gr,operating,news,website,
df2b711d47974604d73ff89c385c0005ee351d0f,https://pameevro.gr,ok,https://www.facebook.com/pameevro.gr,,https://www.youtube.com/channel/UCHJSRj_-wkF5G9cCQBejx2A,operating,news,website,
0c0f58700d6bfaa483b9dd5b2dc43ca9bc68d2b8,https://statusradio.gr/,ok,https://www.facebook.com/statusradio942/,https://twitter.com/STATUSRADIO_942,https://youtube.com/@statusmedia5290,operating,news,website,
bf35003759cd3985e2da9dae1bc6f920eb738167,https://evrytanika.gr/,ok,https://www.facebook.com/evrytanikanews,,https://www.youtube.com/evrytanika,operating,news,newspaper,
029031f471dcc7cecabe8957b940549697a725d0,https://florinapress.gr/,ok,https://www.facebook.com/florinapressgr/,https://www.facebook.com/florinapressgr/,https://www.youtube.com/user/florinapress,operating,news,newspaper,
3217eb8decba7034d5e97b6088a85e9bda809372,https://www.fokidanews.gr/,ok,https://www.facebook.com/KathimeriniFokida/,,https://www.youtube.com/channel/UC0Hi_3QkLnhiahyc1wDE0Mw,operating,news,newspaper,
6b073a8765db8b5be557662e0911326dd2b54e35,,no_website,,,,operating,news,unknown,
63dd6e83410818496462cf207796130ebffc4b7d,https://polydrososparnassou.gr/,ok,,,,operating,other,website,
b697df8e899d6744e82b0210c3f6a005016f7629,https://www.sterea.gr/index.php/home,ok,,,,operating,news,newspaper,
9b3bfef28fa947d00f647528650cdd0e4ea08336,https://www.lamiareport.gr/,ok,https://www.facebook.com/pages/LamiaReportgr/120830027937234,,https://www.youtube.com/@Vampireos,operating,news,website,
f8204b641f410dc1ab33b28155c4b4fd8cb1c104,https://starsports.gr/,ok,https://www.facebook.com/starsportsgr,,https://www.youtube.com/c/StarKentrikisElladas/videos,operating,news,website,
67a4ef07020650afb589432a01cf8b85e09f7017,https://www.media-news.gr/,ok,https://www.facebook.com/medianews.gr/,,https://www.facebook.com/medianews.gr/,operating,news,newspaper,
833a6d4ae05244ed2bd50dc77b8e5564c581c46b,https://www.media-news.gr/,ok,https://www.facebook.com/medianews.gr/,,https://www.facebook.com/medianews.gr/,operating,news,newspaper,
1f43dffbb1b3360103b4c0a32454111b67551ef7,https://mygrevena.gr/,ok,https://www.facebook.com/XronikaGrevena/?locale=el_GR,,https://www.youtube.com/channel/UCBhNIYW-EU6AWCigWcQXtLQ,operating,news,newspaper,
83beb0d740f893b64514867e9e075557f8172ac3,https://kozanipress.gr/,ok,https://www.facebook.com/p/Kozanipress-100036847431508/,,https://www.youtube.com/user/KOZANIPRESS,operating,news,website,
58f60ce1f4f31ae4c60e5bd33200bc024df96375,https://www.patris.gr/,ok,https://www.facebook.com/patris.gr,https://twitter.com/patrisnewspaper,https://www.youtube.com/channel/UC1WoZLblt0Wq6yJ96NyQjww,operating,news,newspaper,
92253d3cd2841e73903b5035deab87d6522e5422,https://www.protinews.com.gr/,ok,https://www.facebook.com/proti.news/,,,operating,news,newspaper,
84a3ca4572c44b2cf10605980d23409a30ab4224,https://www.ionionfm.gr/,ok,,,,operating,news,website,
380603de0f5f9955866d78fed650636c65c7dbd5,https://opolitis.gr,ok,https://www.facebook.com/%CE%9F-%CE%A0%CE%9F%CE%9B%CE%99%CE%A4%CE%97%CE%A3gr-73059803703/,,,operating,news,newspaper,
8de391ffa7899eed02638d588bd698216e002750,https://kerkidasport.gr/,ok,https://www.facebook.com/kerkidasport/,https://x.com/kerkidasport,https://www.youtube.com/user/kerkidasport,operating,sports,website,
bc1cf4cc76514105e17efe370dcfe1ef69611a85,http://www.anex.gr,broken,,,,operating,news,newspaper,
439feb8bec5c20a655c6d0bb8e06e820e612ccd6,https://www.ele.gr/,ok,,,,operating,news,newspaper,
c6a7b0a384162f9ffda27f6ac703d8231532e074,https://www.neoiagones.gr,ok,https://www.facebook.com/neoiagones.gr,,,operating,news,newspaper,
933d5da8648b431b17d8a74106c604a1fa3f3835,https://proinoslogos.gr/,ok,https://www.facebook.com/proinoslogos/?locale=el_GR,https://x.com/proinoslogosgr,,operating,news,newspaper,
86a1dfb0f49a6cec407decf3769cb6a2eb8ef07a,https://epirusgate.gr/,ok,https://www.facebook.com/Epirusgate,,https://www.youtube.com/channel/UCg20bM7rUhPDJHI9gPNZtVw,operating,news,website,
a132b96620cf4ac7cbf4f6080ed4c9e2f7fe7411,https://www.ioanninatv.gr,broken,,,,operating,news,website,
601a7958f1b5e04d2b4e9e9e3c9fa98cedaa4166,https://www.apopsilive.gr/,ok,https://www.facebook.com/ApopsiLivegr-620053638146800,https://twitter.com/ApopsiLive,,operating,news,newspaper,
1045417a2f3995401795179ffdd5b5630a52b90e,https://fonimaleviziou.gr/,ok,https://www.facebook.com/fonimaleviziou.gr,https://www.twitter.com/fonimaleviziou,https://youtube.com/channel/UCC53kksKDxnc6r8J0A7smiw,operating,news,newspaper,
a2279f47c5cd589a5ca9ead5f5d1dcf6c36603b5,https://www.athletic.gr/live-radio,ok,,,,operating,sports,website,
f807cf3cdf9d5ee39251b51e83166107db00114e,https://creta24.gr,ok,https://www.facebook.com/creta24.gr/,https://twitter.com/creta24news,https://www.youtube.com/channel/UCBjb_pNOT0WQMh7QGHmajEA,operating,news,website,
75f8c3c6f919bd0ff23dffbd5f6da03dd4bcfc6f,https://cretaone.gr/,ok,https://www.facebook.com/cretaonegr/,https://twitter.com/cretaonegr,https://www.youtube.com/channel/UCwzjrcwPZXoW_iDkY76FbEQ,operating,news,website,
7f5eb541de419300eea92d0cf55d942712aa38ff,https://www.cretetv.gr,ok,https://www.facebook.com/KPHTHTV/,https://x.com/krititv?lang=en,https://www.youtube.com/@kriti_tv,operating,news,website,
917c1a8b680d666ca1664258ea54936b235284e2,https://www.ekriti.gr/,ok,https://www.facebook.com/ekriti.gr,https://twitter.com/ekriti_gr,,operating,news,website,
25c4972c24157cebd71bf98bee04201e9bbe4e73,https://grandsport.gr,ok,https://www.facebook.com/GRANDSPORTGR/?locale=el_GR,,https://grandsport.gr/#,operating,sports,website,
11b60beaf6742e0d05c081c14b8e1cc73228459f,https://maleviziotis.gr/,ok,https://www.facebook.com/maleviziotis,https://twitter.com/MaleviziotisGr,https://www.youtube.com/channel/UCgiO33VwNgtsxkuKNscg0VQ,operating,news,website,
b30522ab3ecd0cad5797f36ef769ff902d96f465,https://phaistosnews.gr/,ok,https://www.facebook.com/phaistosnews.gr/,,,operating,news,website,
15eb6d7073851318b7984faea147b50eed1d5520,https://www.radio984.gr/,ok,https://www.facebook.com/radio984her,https://x.com/radio984,https://www.youtube.com/user/984radio,operating,news,website,
38cf896238d3100d4c2d034cb005c45295eef3a2,https://themakritis.gr/,ok,https://www.facebook.com/themakritis,https://twitter.com/themakritis,https://www.youtube.com/@themakritis,operating,news,website,
d44cd56940e2e4f0d16947e5fb81153630104a50,https://www.alithianews.gr/,ok,https://www.facebook.com/efimeridaalithia,https://twitter.com/alithianews,,operating,news,newspaper,
d8848298ae773804b1045d926ea113845d1013b7,https://neosagon.gr/,ok,https://www.facebook.com/neosagon.gr/,https://x.com/NeosAgon,https://www.youtube.com/channel/UCF7SZ_soyeRlqhWXGEqO87Q/videos,operating,news,newspaper,
4c7724769af6b98c4277bf9471121ae89e352c70,https://epikairotita.info/,ok,https://www.facebook.com/people/%CE%95%CF%80%CE%B9%CE%BA%CE%B1%CE%B9%CF%81%CF%8C%CF%84%CE%B7%CF%84%CE%B1-%CE%9A%CE%B1%CF%81%CE%B4%CE%AF%CF%84%CF%83%CE%B1%CF%82/100063281706579/,,,operating,news,website,
cdaf0f7a7153b75948362fb16a9d3738edb61885,https://www.kozaninews.gr/,ok,https://www.facebook.com/kozaninews.gr/,https://x.com/kozaninews,,operating,news,website,
213cfa09b387fe148db3bbab31aa088cc6ed79b9,https://www.thesnea.gr/,ok,https://www.facebook.com/thesnea.gr/,https://x.com/thesnea,,operating,news,website,
1e09d3f754b16fa5968de5169bf0d50acf64e05e,https://www.kastorianiestia.gr/,ok,https://www.facebook.com/kasestia/,,https://www.youtube.com/channel/UC7dZWssHa_ZaS3J1G6pCwqQ,operating,news,newspaper,
fc3d832c529e2c930dcaaf6d575b95ce86717046,https://fonikastorias.gr/,ok,https://www.facebook.com/fonikastorias,,https://www.youtube.com/@dimitrisiatrou6994,operating,news,website,
84d2e88cce5ef729f5242f343b3c54bd69af795c,https://evdomimera.gr/,ok,https://www.facebook.com/Evdomimera.gr/,,,operating,news,newspaper,
059bf10d17bc6068b0995ba335874a19e3a6e2b0,https://www.proininews.gr/,ok,https://www.facebook.com/proiniefimerida,https://twitter.com/proininews,,operating,news,newspaper,
18b3f590543bdcbb28c0c670aa5b41f135dd1fef,,no_website,https://www.facebook.com/thasiaki.gr/?locale=el_GR,,,operating,news,newspaper,
93d3bb3f77fa3862dfb0ae001d4151df2b3b836a,https://xirafi.gr/,ok,,,,operating,news,newspaper,
1d785a8f3bad5ecd07e47dce6d58be7b46db9d24,https://www.xronometro.com/,ok,https://www.facebook.com/pages/%CE%95%CF%86%CE%B7%CE%BC%CE%B5%CF%81%CE%AF%CE%B4%CE%B1-%CE%A7%CF%81%CE%BF%CE%BD%CF%8C%CE%BC%CE%B5%CF%84%CF%81%CE%BF/1424775257737153,https://twitter.com/Xronometro,,operating,news,newspaper,
8c7501c0be3faa7793f0ddc290c26e0429f9e251,https://www.k-tipos.gr/,ok,http://www.facebook.com/ktipos,https://www.twitter.com/xirafi,https://www.youtube.com/user/xirafigr,operating,news,website,
2e8898aada53f4888744da4caa3ca3d27ef8f871,https://www.kavalapost.gr/,ok,https://facebook.com/kavalapost.gr,https://twitter.com/kavalapostgr,,operating,news,website,
4ef669aed95834a942ab48e3311f80cef7ba601c,https://www.thrakinea.gr/,ok,https://www.facebook.com/thrakinea.gr/,https://x.com/thrakinea?lang=en,https://www.youtube.com/user/thrakinea,operating,news,website,
af6e059db54dbf28fe4bc579a0e80a21863970f3,https://www.965.gr/,ok,,,,operating,other,radio,
aa5dcbb504c1a3cf1fcdafd4e18eeeac93389469,https://ptolemaidanews.gr/,ok,https://www.facebook.com/diafaniaptol/,,,operating,news,newspaper,
d519838e6bad9c1f8f61571374e572983819655d,https://ptolemaidanews.gr/,ok,https://www.facebook.com/diafaniaptol/,,,operating,news,newspaper,
a044ce23196627f5ddbe3d5beb668476cb561fbd,https://e-ptolemeos.gr/,ok,https://www.facebook.com/ptolemeos.news/,https://x.com/eptolemeos?lang=en,https://www.youtube.com/user/eptolemeos,operating,news,newspaper,
ccc4c0a0e658b4aade046f70518851a5935888b3,https://egnatianews.gr/,ok,https://www.facebook.com/egnatianews.gr/,,,operating,news,website,
e58ece5132f8a7b68659d199d19f3cf320de9eb1,https://flash-tv.gr/,ok,https://www.facebook.com/FlashTVWM/,https://twitter.com/FlashTV_GR,https://www.youtube.com/user/flashkozanitv,operating,news,website,
862d4ee37a90b96b176744fac0edd200f1b18d36,https://xronos-kozanis.gr/,ok,https://www.facebook.com/xronoskozanis/,,https://www.youtube.com/channel/UCBFTbtQO5pgkhEMqTzRs38Q,operating,news,website,
df6073e38907876c9bd29e370415ed0a4dced2d0,https://www.larissanet.gr/,ok,https://www.facebook.com/larissanet.gr/,https://twitter.com/LARISSANETGR,https://www.youtube.com/channel/UCIR4go8aCQ9oh6h6bMfr9cg,operating,news,newspaper,
1c7fe7acf4ced25caebee8c3463bfa0c1fb892d7,https://kosmoslarissa.gr/,ok,https://www.facebook.com/kosmoslarissa.gr/,https://x.com/kosmoslarissa,https://www.youtube.com/@kosmoslarissagr-xn9rv,operating,news,newspaper,
d582a847278cfdcd2a3990e25063f9bafc96bc77,https://www.elassonanews.gr/,ok,https://www.facebook.com/elassonanews,https://twitter.com/elassonanews,,operating,news,website,
097292145132ba0510ed129f89be8f39202b62c0,https://www.healthtodaymag.gr/,ok,,,,operating,other,website,
02c7c28b6b80fab24b29cb12a4aa65da85a34acd,https://www.onlarissa.gr/,ok,https://www.facebook.com/onlarissa.gr,https://twitter.com/onlarissa,https://www.youtube.com/channel/UCV6BU7xB-BnXJNg-Wgy9rzw,operating,news,website,
7dbb2f0667c10b10c7e828f5407d6d48a56d1d7b,https://thessalianews.gr/,ok,https://www.facebook.com/thessaliaeconomy,https://www.twitter.com/Thessaliaeconom,,operating,news,website,
89a1dd66a9df17e892379f2cf5d8a97f1eba52a0,https://thessalikigi.gr/,ok,,,,operating,other,website,
fcd8b636b8412009d34d4b4f3a24c6cd69b110e1,https://trikalaenimerosi.gr/,ok,https://www.google.com/url?sa=t&source=web&rct=j&opi=89978449&url=https://www.facebook.com/trikalaenimerosi/%3Flocale%3Del_GR&ved=2ahUKEwiF1YiJ0duRAxVAAtsEHZ6KHdoQFnoECBkQAQ&usg=AOvVaw2huaCAIjGt9hZEgJ8QC9Wc,,,operating,news,website,
ee872ba06c54f3873b6be3abaff1ca217176ea68,https://www.anatolh.com/,ok,https://www.facebook.com/p/anatolhcom-100059272937544,https://x.com/anatolhcom,https://www.youtube.com/@anatolhcom,operating,news,newspaper,
6dae876f593f0def9e3cd32a060ae470cd4dd312,https://www.dimokratis.gr/,ok,https://www.facebook.com/pages/%CE%95%CE%A6%CE%97%CE%9C%CE%95%CE%A1%CE%99%CE%94%CE%91-%CE%94%CE%97%CE%9C%CE%9F%CE%9A%CE%A1%CE%91%CE%A4%CE%97%CE%A3/189699401059919,,,operating,news,newspaper,
63c455478a9faa336f4866b7148501bbfc42efb6,https://nealesvou.gr/,ok,https://www.facebook.com/nealesvou/,,https://www.youtube.com/@nealesvou2963,operating,news,newspaper,
04792605d77980169a63c72173b301d770b076e7,https://www.stonisi.gr/,ok,https://www.facebook.com/stonisigr,https://twitter.com/stonisigr,https://www.youtube.com/channel/UCUsntTK6TAMFcQ8dPtxUXHw,operating,news,website,
1b0264006d8ef87c94b4d406795d74418575570b,https://www.taxydromos.gr/,ok,https://www.facebook.com/taxydromos,https://twitter.com/taxydromosvolos?lang=el,,operating,news,newspaper,
2159e6d238ab00fb1db9aecf01530295fb8dc222,https://magnesianews.gr/,ok,https://www.facebook.com/magnesianews,https://twitter.com/magnesianews,https://www.youtube.com/magnesianews,operating,news,website,
1364e92ce41a20a030d0ae01e2c11c382e319f04,https://www.thenewspaper.gr/,ok,https://www.facebook.com/thenewspapergr/,https://x.com/TheNewspaper8,https://www.youtube.com/channel/UC7NGRU4NhM4vVIvBjCPpEOw,operating,news,website,
5ae485065a05044fa44cc884608a7ed9dbd4b8ba,https://eleftheriaonline.gr/,ok,https://www.facebook.com/eleftheriaonline,https://x.com/eleftherianews,https://www.youtube.com/user/Eleftheriaonline,operating,news,newspaper,
982a7835c209c82c18afd214872271b3a34c560a,https://www.tharrosnews.gr/,ok,https://www.facebook.com/TharrosNews/,https://twitter.com/tharrosnews?lang=el,https://www.youtube.com/user/tharrosnews,operating,news,website,
1a63d45bbb2078c4c603659aa1d99705f6078907,https://edessaiki.gr/,ok,http://facebook.com/edessaikigr,https://twitter.com/edessaiki,http://youtube/,operating,news,newspaper,
a21292f04fc4996e58fe80f014ad506c2c756cd2,https://www.halkidikipost.gr/,ok,https://www.facebook.com/halkidikipost,,https://www.youtube.com/@HalkidikiPost,operating,news,newspaper,
96ae97b43eb5faaf2d61d1b18286222b6989a732,https://apopsipellas.gr/,ok,https://www.facebook.com/people/%CE%91%CE%A0%CE%9F%CE%A8%CE%97/100050373231634/?sk=about,,,operating,news,website,
c099f0beb905a43e2a3671959e2a31bfb327704f,https://www.halkidikipost.gr/,ok,https://www.facebook.com/halkidikipost,,https://www.youtube.com/@HalkidikiPost,operating,news,website,
1e560bbe11d52683f4085f43ab880577f12dd72a,https://odelalis.gr/,ok,https://www.facebook.com/odelalis,,,operating,news,newspaper,
7e3fef0dcb37e89ca832cb17c8f2f4d28801f067,,no_website,https://www.facebook.com/vimaprevezas/?locale=el_GR,,,operating,news,newspaper,
075ba14011caf3e49bdc96920b8b9fe0e916ac14,https://www.lefkadatoday.gr/,ok,https://www.lefkadatoday.gr/,https://x.com/lefkadatoday?lang=en,https://www.youtube.com/@lefkadatoday671,operating,news,website,
4a764cf8f2f1c10182aa78410c70a178ed7c00ae,https://prismaradio.gr/,ok,https://www.facebook.com/Prisma916/,https://x.com/prisma916,https://www.youtube.com/@prisma916,operating,news,website,
7d72938341dd384e3b1ed3148b9fda065a5735bf,https://rethnea.gr,ok,https://www.facebook.com/rethnea/,https://x.com/rethneagr,,operating,news,website,
7914e8f368cdb59806faa18c62f2721a6585de6d,https://www.komotini24.gr/,ok,https://www.facebook.com/komotini24/?locale=el_GR,https://x.com/komotini24?lang=en,,operating,news,newspaper,
ab7f86f7fdce15a6841468de7a87106e6f04c8c0,https://thrakionline.gr/,ok,https://www.facebook.com/thrakionline.gr/,,https://www.youtube.com/channel/UCUdjqkh1zeyjiFsaX6Tfxhw,operating,news,newspaper,
3af4ba4b7367890d4aeaa001711da5a9a4d54b76,https://www.thrakikiagora.gr/,ok,https://www.facebook.com/@thrakikiagora.gr/,,https://www.youtube.com/channel/UC4XYUTLaZqFbFS_Abwpd65g,operating,news,website,
1a2701f743c2f0b181eb7442324cff7acf737613,,no_website,https://www.facebook.com/p/%CE%95%CF%86%CE%B7%CE%BC%CE%B5%CF%81%CE%AF%CE%B4%CE%B1-%CE%95%CE%BB%CE%B5%CF%85%CE%B8%CE%B5%CF%81%CE%AF%CE%B1-%CE%A3%CE%AD%CF%81%CF%81%CE%B5%CF%82-61567040052375/,,,operating,news,newspaper,
a25662812638b0adf005c9aa7c4e49640a2be1f6,https://thessimera.gr/,ok,https://www.facebook.com/ThessToday/photos/,,,operating,news,newspaper,
809e3195fceb230bb1eaa21b6e284c6e7693b25f,https://www.foni-visaltias.gr/,ok,https://www.facebook.com/p/%CE%97-%CE%A6%CF%89%CE%BD%CE%AE-%CF%84%CE%B7%CF%82-%CE%92%CE%B9%CF%83%CE%B1%CE%BB%CF%84%CE%AF%CE%B1%CF%82-100063649294896/,,,operating,news,newspaper,
b2a42ced376824652ced611381f5bd7ca98caf93,,no_website,,,,operating,news,newspaper,
c771ac8d8567de9f1f2e600c24edb0025bccc2a8,https://www.enigrita.gr/,ok,https://www.facebook.com/enigrita,https://twitter.com/enigrita,https://www.youtube.com/c/%CE%95%CE%A6%CE%97%CE%9C%CE%95%CE%A1%CE%99%CE%94%CE%91%CE%9D%CE%99%CE%93%CE%A1%CE%99%CE%A4%CE%91,operating,news,newspaper,
770c0dfb0240be3f5e3c8c0f652561328cec192f,https://serres24.gr/,ok,https://www.facebook.com/serres24.gr,,https://www.youtube.com/channel/UCBAFeNwA9vkW9EHZo6gUMCw,operating,news,website,
d0aa941f2c0f304c069ad1b3d17f1e559706d515,https://diavouleusi.gr/,ok,http://www.facebook.gr/thesdiav,,,operating,news,newspaper,
d3b9a700db95404659e80c176278843a875a929f,https://thesprotiki.gr/,ok,https://www.facebook.com/thesprotiki,,,operating,news,website,
31cfac10fd2ec7f5802b453077322153634c739d,,no_website,,,,not_found,news,newspaper,
656debe811157d6a6608cfb6bf8b242a9bd1d49d,https://www.voria.gr/,ok,https://www.facebook.com/VoriaGreece/,,https://www.youtube.com/user/voriamedia,operating,news,website,
fcf5795b5aa686ca3d3560d217655c23ce0feffa,https://allaboutaris.gr/,ok,https://www.facebook.com/AllAboutARIS/?locale=el_GR,https://x.com/AllAboutARIS,https://www.youtube.com/channel/UCiN6Dd38C-lmS0s9Asuy5FA,operating,sports,website,
6ac6694da7c5d28ea19d117e7475b056ef507943,https://www.ellinikahoaxes.gr/,ok,https://www.youtube.com/channel/UCiN6Dd38C-lmS0s9Asuy5FA,https://twitter.com/ellinikahoaxes,https://www.youtube.com/channel/UCFmsAmrK8CB3bh80snfxQyQ,operating,news,website,
8ed4d9542b6e0c20fc4aa8bf5cb9fd056645190d,https://www.googlareis.gr/,ok,https://www.facebook.com/googlareis/,,https://www.youtube.com/channel/UC4S6nTjFitNZT-nvcdTP8KQ,operating,news,website,
56a21c901023dc109fb517733369bae2c39cfbba,https://inpaok.com/,ok,https://www.facebook.com/inpaok/,https://www.twitter.com/inpaokCom,https://www.youtube.com/user/inpaok,operating,news,website,
cc4cedd4b5176423b5706e5b755efcd9b168e62d,https://mymagazine.gr/,ok,,,,operating,news,website,
db32b903a6651d3b421c9d2473b85b5a01a83f8d,https://myportal.gr/,ok,https://www.facebook.com/MyPortal.gr,https://twitter.com/MyPortalGR,https://www.youtube.com/channel/UC-L_MwEzpxsQqq2T-5eBdtA,operating,news,website,
8ba183c731ae87b5c32db452666c0fa5ea29e986,https://mythessaloniki.gr,ok,,,,operating,news,website,
e99682341c5f7deac68bad583f1008d9c803572d,https://www.rthess.gr/,ok,https://el-gr.facebook.com/radiothessaloniki945/,https://x.com/RThessaloniki,https://www.youtube.com/@radiothessaloniki945,operating,news,website,
7123c4ced7e7bf4aaee4fa5381a5998a284dab9e,https://www.theopinion.gr/,ok,https://www.facebook.com/theopiniongr,https://x.com/TheOpinion_News,https://www.youtube.com/channel/UCIgu03X5PFdXu6F1LK8sclQ,operating,news,website,
35dabb1cd8c1224fe65bb175a8a8bb9ce057f0b1,https://www.thestival.gr/,ok,https://www.facebook.com/thestival.gr/,https://twitter.com/thestival,https://www.youtube.com/user/thestivalgr,operating,news,website,
0ee3328c0c5e249b4e6f6e577451b1dfe039a416,https://proinoslogosnews.gr,ok,https://www.facebook.com/proinoslogosnews/,,,operating,news,newspaper,
7895eb70305381125ee38ae2730e2a85083d784d,https://www.tameteora.gr/,ok,https://www.facebook.com/tameteora.gr,https://twitter.com/tameteora,https://www.youtube.com/channel/UC2-jwggN5SA1rTpCD877dRw,operating,news,newspaper,
63bd75aa6246e9d95e642e144ad63b26f9bfcb1d,https://krinilive.gr/,ok,https://www.facebook.com/KriniLive.gr/,,https://www.youtube.com/@KriniLive,operating,news,website,
3480167889e14ac68bfe6fe98c9178ac8b2c6f24,https://trikalaopinion.gr/,ok,https://www.facebook.com/trikalaopinion,,https://www.youtube.com/channel/UCq2nC8_FVwyl35ixlUSVMoA,operating,news,website,
8b85c671e4d7ef3117947c993cc9539e829f02fd,https://agonas.gr/,ok,,,,operating,news,newspaper,
38db37c2fc3a48eedd2e6a475dc8167aefcef662,https://www.thraki.com.gr/,ok,https://www.facebook.com/thraki.com.gr/,https://twitter.com/thraki_com_gr,https://www.youtube.com/user/EFIMERIDATHRAKI?feature=sub_widget_1,operating,news,newspaper,
64b3313b7b8ff96d706c95e24008dd75f170c928,https://www.fonitisxanthis.gr/,ok,https://www.facebook.com/fonitisxanthis.gr,,,operating,news,newspaper,
abb07275eedbc083b78896f2683ac5be2daef0af,https://www.adesmeuti.gr,ok,https://www.facebook.com/adesmeuti/,,,operating,news,website,
674de1c168407e7ac03b0682bc2b0294b5359424,https://xanthidaily.gr/,ok,https://www.facebook.com/xanthidaily.gr/,https://twitter.com/DailyXanthi,https://www.youtube.com/channel/UCjbwNWiR9hVIKuI_i5skpwQ,operating,news,website,
f3ee828ec47d9cccfbe2711c810c0006064cf68d,https://xanthipost.gr/,ok,https://www.facebook.com/xanthipost.gr/,https://twitter.com/xanthipost,https://www.youtube.com/user/kanali6,operating,news,website,
22518748cc6fa93b2a229041389b2200e95bad06,https://www.agrinionews.gr/,ok,https://www.facebook.com/agrinionews/,https://twitter.com/agrinionews,,operating,news,website,
bd4f4fe93037a1c981a7e5cc84d7deda99deec3f,https://www.topontiki.gr/,ok,https://www.facebook.com/topontiki,https://twitter.com/topontiki,https://www.youtube.com/user/topontiki,operating,news,newspaper,
25e84ad7ce34e252c00eb0c0f20d69c38b2f1c23,https://www.kathimerini.gr/,ok,https://www.facebook.com/kathimerinigr,https://twitter.com/kathimerini_gr,https://www.youtube.com/c/kathimerini,operating,news,newspaper,
f750910598f3ba8ed5c063866d61d26361d1544e,,no_website,https://www.facebook.com/groups/206454269373748/about?locale=el_GR,,,operating,news,newspaper,
0f739d4ba0a264aa7bef0def4371e873031d3dd5,https://agrotypos.gr,ok,https://www.facebook.com/agrotypos/?locale=el_GR,https://x.com/agrotypos,https://www.youtube.com/agrotypos,operating,other,website,
bd907ad2525e9d7a3a3552957ca32b101d292d0c,https://www.athensvoice.gr/,ok,https://www.facebook.com/AthensVoice,,https://www.youtube.com/user/theathensvoice,operating,news,website,
6ba46ec4eb90ac71c0c69a044c4db05ad0a4b6dd,,broken,,,,operating,other,website,
43daab3dcf47fe53c5b53d565cccdb30bc205af9,https://e-ota.gr/,ok,https://www.facebook.com/eotagr/,,https://www.youtube.com/c/parapolitikagrofficial/videos,operating,news,website,
e840b323e4032e9dc354b281366f23c77ef5b6b5,https://www.youtube.com/c/parapolitikagrofficial/videos,ok,https://www.facebook.com/epoli.gr/,https://twitter.com/epoli_gr,,operating,news,website,
ef376a8bbc8f04906155ecc2e4dde1de8bf4f6fa,https://www.gastronomos.gr/,ok,,,,operating,other,website,
970b11480b26607ab73a78fc31263859c3e12735,https://www.iapopsi.gr/,ok,https://www.facebook.com/iapopsi/?locale=el_GR,https://x.com/H_Apopsi,https://www.youtube.com/@%CE%97%CE%86%CF%80%CE%BF%CF%88%CE%B7-%CF%841%CF%83,operating,news,website,
c08b021dc674597cfc08c3357186f9528608c396,https://www.imerisia.gr/,ok,https://www.facebook.com/imerisia.gr,https://twitter.com/imerisiagr,,operating,news,website,
7d224c221276b586b2f31b0aa21a503c15700900,https://www.instyle.gr/,ok,,,,operating,other,website,
42eaf8db7252c88365bbd4ed0f43520e0ec901d4,https://www.kynigesia.gr/,ok,,,,operating,other,website,
13ac21327d8da6bce059f5c9052d82840c15d5e7,https://www.makeleio.gr/,ok,https://www.facebook.com/makeleionew/,https://twitter.com/makeleio_gr,,operating,news,website,
a8f46d23acc38d0ac550e3afcc296885c05b24ec,https://menta88.gr/,ok,,,,operating,other,website,
caf98704a7c63e128ca469e335975aa330633ee8,https://www.mononews.gr/,ok,https://www.facebook.com/mononewsgr/,https://x.com/mononewsgr,https://www.youtube.com/@mononewsgr131,operating,news,website,
64fde284a1e011efd2e158c7760b14f0f11fb542,https://www.naftemporiki.gr/,ok,https://www.facebook.com/naftemporikigr/,https://twitter.com/naftemporikigr,https://www.youtube.com/user/naftemporikigr,operating,news,website,
4619bc25e0eb683647c551474855595730aff752,https://newpost.gr,ok,https://www.facebook.com/newpostgr/?locale=el_GR,https://x.com/newpostgr,https://www.youtube.com/@newpostgr1,operating,news,website,
1d104c1e583e92b172f11c6d7e0cf0ecf2922311,https://www.news4health.gr/,ok,,,,operating,other,website,
ce46b032da8b6c375f32e6d158da8754e704bf70,https://www.newsbreak.gr/,ok,https://www.facebook.com/newsbreak.gr/,https://twitter.com/newsbreakGR,https://www.youtube.com/channel/UCuEDDwxVF34yRG4e52uudiA?sub_confirmation=1,operating,news,website,
e67e36063745fe63ae443b2c1daae8c427305d4f,https://www.ogdoo.gr/,ok,,,,operating,other,website,
116ed5ddb8dc7a29ac2dee84cb37ebc9a8389672,https://www.onalert.gr/,ok,https://www.facebook.com/OnAlertgr-169622579719516/,https://twitter.com/OnAlertfeed,,operating,other,website,
d11ed2c507e4c48114de15eef88f3086303a9b80,https://www.ot.gr/,ok,https://www.facebook.com/otgrofficial,https://x.com/otgr_official,,operating,news,website,
550c832c493fe129b5d759d1703c657c0e012bc7,https://www.palmos-glyfada.gr/,ok,https://www.facebook.com/palmosglyfadas/?locale=el_GR,https://twitter.com/PalmosGlyfada,,operating,news,website,
f3d7941bd2b41c2139e3d7db64a6cf88e18500e5,https://perpetual.gr/main/,ok,,,,operating,other,website,
230371b4d17471351b67c9538fec902eafb70dd9,https://www.politic.gr/,ok,https://www.facebook.com/politic.gr,https://twitter.com/PoliticGr,https://www.youtube.com/channel/UCnQp22oMdejquC0oqD5MtpQ,operating,news,website,
fbd39ce9d058943b809dffab90d06b9aeaebf208,https://popup.gr/,ok,,,,operating,other,website,
65b037008e591b32df8eaa1fe715453a5d129415,https://pride.gr/,ok,https://www.facebook.com/pridegr.0fficial,https://twitter.com/PridegrOfficial,,operating,other,website,
4374f62fb4433c50fa9aa45f46266f1cc03a4b46,https://www.queen.gr/,ok,,,,operating,other,website,
5e0c81d7310bf03884d1e3190e1ccbc04ed56861,https://reformer.gr/,ok,https://reformer.gr/#,https://x.com/Reformer_gr,,operating,news,website,
93f46525d19ac637d1ddfff695ee2912abada6a8,https://www.sdna.gr/,ok,https://www.facebook.com/www.sdna.gr,https://twitter.com/sdnagr,https://www.youtube.com/channel/UCqmlP6T_3yoFj83s3UconPQ,operating,sports,website,
011f01e8842023b39a213aec704d50de27feedd1,https://www.skai.gr/,ok,https://www.facebook.com/skaigr,https://twitter.com/skaigr,https://www.youtube.com/channel/UCmHgxU394HiIAsN1fMegqzw,operating,news,website,
30deacd6fb6da0b016fd91e9494c743b4c1fd7ab,https://www.sport-fm.gr/,ok,https://www.facebook.com/SPORFMOFFICIAL/,https://twitter.com/sporfm946,https://www.youtube.com/user/NovaSPORFM946,operating,sports,website,
6501ef74e055f838bf7eba2fffc41f72bb81d08c,https://www.sportdog.gr/,ok,https://www.facebook.com/sportdog,https://twitter.com/sportdoggr?lang=en,https://www.youtube.com/user/sportdogchannel?app=desktop,operating,sports,website,
ec33e56c96beabd72bb27ea948e060453dff2790,https://www.syneidisi.com/,ok,https://www.facebook.com/sinidisi.met/,https://x.com/syneidisicom,https://www.syneidisi.com/#,operating,news,website,
d2e0e9d0b29324640c2994f3d0621c3fa03f6f03,https://www.thatslife.gr/,ok,https://www.facebook.com/thatslifeGR,https://twitter.com/thatslifeGR,,operating,other,website,
283700ae6599852e2951a6f346bc97046ca21326,https://theleader.gr/,ok,https://www.facebook.com/profile.php?id=61559554544957,https://x.com/theleader9gr,https://www.youtube.com/@theleadergr,operating,news,website,
53e3e70c3a0fd87d475bfe8390f18944c62c0dc9,https://www.thetoc.gr/,ok,https://www.facebook.com/TheTOC.gr,https://twitter.com/TheTOC_gr,https://www.youtube.com/user/TheTOCgr,operating,news,website,
6cf0afffd9d96ba9154c373c7199523f6eff3658,https://www.topgeargreece.gr/,ok,,,,operating,other,website,
ec56e18b469cf51d1c395c1e0223f03949bf9d37,https://www.toxrima.gr/,ok,https://www.facebook.com/toxrima,https://twitter.com/toxrima,,operating,news,website,
45e7d2a493270efd4e2e71f01325132cd77752bb,https://www.troxoikaitir.gr/,ok,,,,operating,other,website,
ac26695fb7e6b48df581394864b110c3e4dcca48,https://tyrokomos.gr/,ok,,,,operating,other,website,
74ccef14ac732869d7a354a48f49a1f6038911ef,https://voicenews.gr/,ok,https://www.facebook.com/voicenews.gr,https://x.com/apokalyptikodel,,operating,news,website,
9c77b80d96b8f133dc5f121d6b166f56871451d0,https://www.womantoc.gr/,ok,,,,operating,other,website,
b9b28d1b601f122f9811dab7f059e2f2c0f1c673,https://www.ygeiamou.gr/,ok,,,,operating,other,website,
c0bca30fb29f8fcb7d15fac44a051407631b9b72,https://www.zappit.gr/,ok,,,,operating,other,website,
b0f573b36f341921ea4362deb4c5cba780fc9e65,https://neatisviotias.gr/,ok,https://www.facebook.com/nea.viotias.9/,,,operating,news,newspaper,
a5e86205855282dbb574de61e51a1f16ee30f9a8,https://www.ebdomi.com/,ok,https://www.facebook.com/ebdomi/,https://x.com/ebdomi,,operating,news,newspaper,
5634929904766bb43e583d27b533322fdbcaf755,https://15minutes.gr/,ok,https://www.facebook.com/15minutesgr,https://x.com/i/flow/login?redirect_after_login=%2F15minutes_gr,,operating,news,website,
46d4f2e7966406e366f5e0224371ba9aee614a50,https://www.dimoprasion.gr/,ok,,,,operating,other,website,
2234c5bf31dda31bac112e54539d52ff50174b2b,https://financenews.gr/,ok,,,,operating,news,website,
b95b7d39fce0e9db67d46e5a1bb0073253574615,https://www.iefimerida.gr/,ok,https://www.facebook.com/iefimerida,https://www.twitter.com/iefimerida,https://www.youtube.com/user/iefimerida1?feature=mhum,operating,news,website,
6ccbdaf4c44df5fedc9bc3a3323fe189e9b0ca43,https://www.kathimerini.gr/,ok,https://www.facebook.com/kathimerinigr,https://twitter.com/kathimerini_gr,https://www.youtube.com/c/kathimerini,operating,news,website,
07dac229ffe491ed1bdbadbd2d7c45118b223313,https://www.media.gr/,ok,,,,operating,other,website,
8a3e1b24818b7d6767e6bbee35f6979721746efc,https://music892.gr/,ok,,,,operating,other,website,
e70210454d7869ec7aab65ca37b9e944f5ec339e,https://www.news.gr/,ok,https://www.facebook.com/amesi.enimerosi,https://twitter.com/newsgr1,https://www.youtube.com/channel/UC5U50NcwTX2x52-20_txZTw,operating,news,website,
93d5c0e9e55bb1f22d8694c73ed209c205696b6d,https://www.noupou.gr/,ok,https://www.facebook.com/noupougr/,,,operating,news,website,
0dd5435b0be18dd4e001927a49b7852a6ee7ef37,https://www.onmed.gr/,ok,,,,operating,other,website,
f004c8b673e0af19eab3991ba7efeb790f7ebe65,https://www.paraskhnio.gr/,ok,https://www.facebook.com/paraskhnio/,https://x.com/paraskhnio/,https://www.youtube.com/channel/UCvY7hn77RZZrM3oNwZaCU9A,operating,news,website,
432daad99fb93a9824fb35f966fe3237ddd6753c,https://politicalbank.gr/,ok,https://www.facebook.com/politicalbank.gr/,https://twitter.com/political_bank,,operating,news,website,
63323ef49b0b18652f92c951cf389386c7b99c78,https://protoneo.gr/,ok,https://www.facebook.com/protoneogr,https://x.com/ProtoneoGr,,operating,news,website,
25fb2346ad180aeede6fd8b86efb77c655c809de,https://www.sfera.gr/,ok,,,,operating,other,website,
96e9c0fa83e42e45e5a23849ba2f6a3376b62ada,https://www.sportal.gr/,ok,https://www.facebook.com/sportalgreece,https://twitter.com/SportalgrG,https://www.youtube.com/channel/UCMVkJNLEm8gsHjA3rIfm61g,operating,sports,website,
4dd774662ab3bc9118273482756d917f0564856a,https://alpharadio989.gr/,ok,,,,operating,other,website,
0c02937aea805949f61fb370bbe4635a7e6b7a75,https://www.parapolitika.gr/,ok,https://web.facebook.com/www.parapolitika.gr?_rdc=1&_rdr,https://twitter.com/parapolitika,https://www.youtube.com/c/parapolitikagrofficial/videos,operating,news,newspaper,
79033aa19deea465e841e4b586b90f317ef7a51c,http://www.basketnews.gr,broken,,,,operating,sports,website,
8caf3661bec8332ca5597c9d88501d982633d182,https://ellada24.gr/,ok,https://www.facebook.com/ellada24,https://twitter.com/ellada24,https://www.youtube.com/channel/UCc7v9dBvRptCoLTujj5H8JA,operating,news,website,
7f7f926af23bbc3aafd4f089a955f8a3a0fadee7,https://www.infocom.gr/,ok,,,,operating,other,website,
cb21bf56468edfd73c4264878f4b0ed4f78d3075,https://money-tourism.gr/,ok,,,,operating,other,website,
42721d81ab37466930a74fd67e487b7270bda400,https://www.newsbeast.gr/,ok,https://www.facebook.com/newsbeast.gr,https://twitter.com/newsbeast,,operating,news,website,
b173ea9a4958069b32d5d742cfc4ff277e7b3418,https://www.ow.gr/,ok,,,,operating,other,website,
5b2a3bcf885c923b25ed228685841b39c91f2cdd,https://www.powergame.gr/,ok,https://www.facebook.com/powergame.gr/,https://x.com/PowergameGr,https://www.youtube.com/channel/UCYXQE4Tkm6HLygLVmLc4obw,operating,news,website,
81f2ad9d3e281cf8da92a79bd0a7848860256455,https://slpress.gr/,ok,https://www.facebook.com/StavrosLygeros.gr/,https://twitter.com/lygerosstavros,https://www.youtube.com/channel/UCm_hLzz_bvWKdVFvIlCHbtQ,operating,news,website,
ae035a0ac71542f51fdf2710ad9bad83c3985b57,https://www.thecars.gr/,ok,,,,operating,other,website,
b9f8c71e68dcced794e82dbf7dd41622c0b119ad,https://todaypress.gr/,ok,https://www.facebook.com/todaypressgr/,,,operating,news,website,
fb435ae45486a6aa80c6883e427744fe86517da4,https://www.travelgo.gr/,ok,,,,operating,other,website,
55775acffdef9bce42809d4afc76e75310880d75,https://westatticatoday.gr/,ok,https://www.facebook.com/westatticatoday/,,https://www.youtube.com/channel/UCBGRMCRzh6c_G1_LE5AUKuw,operating,news,website,
0d5f2a22f9a2cd7ae85082a1143809db6644aa94,https://www.yupiii.gr/,ok,,,,operating,other,website,
1542c258762784747b3b69e8d6e38663b79f3792,https://kriti360.gr/,ok,https://www.facebook.com/kriti360.gr/,https://twitter.com/kriti360g?lang=el,https://www.youtube.com/channel/UCLcDyWkzJeGBo7-tHETMdpA,operating,news,newspaper,
021e96baa8b4a3638d9c1659eb204ef7383b12e8,https://www.parakritika.gr,ok,https://www.facebook.com/parakritika.gr,https://twitter.com/infoparakritik1,http://www.youtube.com/c/CHANIALIVETV?sub_confirmation=1,operating,news,website,
d7b3700a0f8497187dc24b19551d3a3b44c61579,https://diafaneia.eu/,ok,https://www.facebook.com/p/%CE%A7%CE%B9%CF%8E%CF%84%CE%B9%CE%BA%CE%B7-%CE%94%CE%B9%CE%B1%CF%86%CE%AC%CE%BD%CE%B5%CE%B9%CE%B1-100063619356386/,,https://www.youtube.com/channel/UCfFdy2Y98Z1yoGQCLAS1lqg,operating,news,newspaper,
9929173f00c5d698571c8caf1ff852c10a905890,https://corfuchannel.com/,ok,https://www.facebook.com/corfuchannel/?ref=page_internal,,https://www.youtube.com/c/corfuchanneltileorasi,operating,news,newspaper,
d75fee7b047c8d912e188201a520ab8dd68ece0f,https://www.corfusports.com/,ok,https://www.facebook.com/corfusports/,,,operating,sports,website,
e57bfc412af837c814bfff829b874b85c8056d79,https://hmerisiakorinthou.gr/,ok,https://www.facebook.com/%CE%97%CE%BC%CE%B5%CF%81%CE%B7%CF%83%CE%B9%CE%B1-%CE%9A%CE%BF%CF%81%CE%B9%CE%BD%CE%B8%CE%BF%CF%85-896120593784427,,,operating,news,website,
dcba61f840733784c99a420cc4ab517092561774,https://atlantea.news/,ok,https://www.facebook.com/atlanteanews/,https://twitter.com/atlantea_news,https://www.youtube.com/atlantea-webtv,operating,news,website,
c6ed5e983578e2f171059517640daaae198d09d1,https://fonitisparou.gr/,ok,https://www.facebook.com/fonitisparou/,https://twitter.com/FonitisParou,,operating,news,website,
4c834587f8df0232c01a3e385933595a56413657,https://vimatisko.gr/,ok,https://www.facebook.com/vimatisko,https://x.com/vimatisko,https://www.youtube.com/channel/UCVYb4giPl7rDdNZtwh2tu9w,operating,news,newspaper,
c99de55f4839bfe901de72335c1c75e187f81374,,no_website,https://www.facebook.com/EnimerosiDrama/?locale=el_GR,,,operating,news,newspaper,
e9b6398a0e15579b37528e467bf1c08af787d1de,https://xronikadramas.gr,ok,http://www.facebook.com/xronikadramas,https://twitter.com/xronikadra,,operating,news,website,
89cb0f2b322e8c933b5d655575ee9e59c1f97690,https://eviathema.gr,ok,https://www.facebook.com/eviathemagr2,https://x.com/eviathemagr,,operating,news,website,
9b055294239fa466fcf1a0cdf9a0fa8bb0a790ce,https://www.gnomionline.gr/,ok,https://www.facebook.com/gnomionline/,,,operating,news,newspaper,
1f40500665f1c153286536063ca670d037217cbd,https://methorios.gr/,ok,https://www.facebook.com/Methoriosorestiada/,,,operating,news,website,
f2535887b2600a956d96970d1e87f102c8f3a5f3,https://www.thrakinet.tv/,ok,https://www.facebook.com/thrakinet/?locale=el_GR,,https://www.youtube.com/thrakinet,operating,news,website,
dc641ff537fdcf0ff32dd437991481875307ba6d,https://radio-lehovo.gr/,ok,https://www.facebook.com/RadioLehovo97.1/,https://twitter.com/radio_lehovo,https://www.youtube.com/user/radiolehovo,operating,news,website,
53eba3b9a09909eca44149a2bb571cf1dcd1ed4e,https://iparnassos.gr/,ok,https://www.facebook.com/Iparnassos-106901917922085,,,operating,news,website,
69ee0691a235576f92c966e5729512cd96363e3c,https://lamiafm1.gr/,ok,https://www.facebook.com/profile.php?id=61559572703683,,https://www.youtube.com/@LamiaFM-zh8cx,operating,news,website,
32c9f7d7c7211120aac5d45c1c4a972c7ed8c962,https://tvstar.gr/,ok,https://www.facebook.com/lamiastar/,,https://www.youtube.com/channel/UC5voIS-R0gVfJ4JUcV0ipEQ,operating,news,website,
5082ee5e03047e3b0612481a800eb6076783573b,https://www.media-news.gr/,ok,https://www.facebook.com/medianews.gr/,,,operating,news,newspaper,
dc2a763dc042deecdcb4270cd557e32378ebceca,https://www.patris.gr/,ok,https://www.facebook.com/patris.gr,https://twitter.com/patrisnewspaper,https://www.youtube.com/channel/UC1WoZLblt0Wq6yJ96NyQjww,operating,news,newspaper,
cdc692a06555d826c1f9e2cd0233ea319c7286db,https://www.ilialive.gr/,ok,https://www.facebook.com/ilialive.gr,,https://www.youtube.com/@ilialive,operating,news,website,
e21a8050f075d620888713b02e44e39c20a87e41,https://www.laosnews.gr/,ok,https://www.facebook.com/laosnews.gr/,https://x.com/laosnews_veria,,operating,news,newspaper,
4b8a02742c8704deaede8de0c72f89f711351950,,no_website,,,,operating,news,newspaper,
14fa01a3287b2faf521130999dd043dea0d90165,https://www.proinanea.gr/,ok,,,,operating,news,newspaper,
84f6025dcc3de4e523ee5eb5613a1e1070df61ae,https://epirusonline.gr/,ok,https://www.facebook.com/Epirus.Online/,https://twitter.com/Epirusonline,https://www.youtube.com/channel/UC2IL98A393OvLdxKa4qjIKg,operating,news,website,
9cad0281f14da649d92be303afbaffced3fd5cf0,https://www.patris.gr/,ok,https://www.facebook.com/patris.gr,https://twitter.com/patrisnewspaper,https://www.youtube.com/channel/UC1WoZLblt0Wq6yJ96NyQjww,operating,news,newspaper,
3dfebf7a4076718ac1d22ecf1e664c6536f72088,https://capitano.gr/,ok,https://www.facebook.com/Capitanogr-345752789242159/,https://twitter.com/Capitano_Sports,,operating,sports,website,
5ae35acfc6851a5a5f52ca9049dc4ac372d8aa4a,https://cretatimes.gr/,ok,https://www.facebook.com/cretatimes/,,,operating,news,website,
089362257ca3433187070a986624620b84b990a2,https://www.gentikoule.gr/,ok,https://www.facebook.com/gentikoule.gr,https://x.com/Gentikoule1,https://www.youtube.com/ofigentikoule,operating,sports,website,
1f5becbbbb4b7c9c888604e8dc8703e2c548d890,https://www.neakriti.gr,ok,https://www.facebook.com/neakritigr,https://twitter.com/neakritigr,https://www.youtube.com/c/NeakritiGr-News,operating,news,website,
d37f19f87a5f45bb29cf74f17dcc9b082ba0ade0,https://www.sfera987.gr/,ok,,,,operating,other,website,
9ccba619a0c3a2d1810fd351971d20380a8eef25,https://www.3kalanews.gr/,ok,https://www.facebook.com/3kalanews.gr/,,,operating,news,newspaper,
af5936b48152a71db8536365bb82beaaa194ddd7,https://www.karditsanews.gr/,ok,https://www.facebook.com/karditsanews.gr/,,,operating,news,website,
494dff5502de4e426a9dcad6805dd873e3d3c596,https://www.thessaliatv.gr/,ok,https://www.facebook.com/thessaliatv.gr,https://twitter.com/thessaliatv,https://www.youtube.com/c/thessaliatv1,operating,news,website,
d97ea72f4e31b9529d7b191346e0e33b442d82f3,https://oladeka.com/,ok,https://www.facebook.com/oladeka/,,https://www.youtube.com/@OlaDekaoladeka,operating,news,website,
2018a822b983a4f956d315f6b308a9b69909e42f,https://kavalawebnews.gr/,ok,https://www.facebook.com/KavalaWebNews.gr,https://x.com/KavalaWebNewsGR,,operating,news,newspaper,
eb8d9a1046b7d2ee9aed25ca6ab601be82aae1e0,https://www.proininews.gr/,ok,https://www.facebook.com/proiniefimerida,https://twitter.com/proininews,,operating,news,newspaper,
b50b86d199a77ad02c8a453813dbee4819172569,https://www.kavala-portal.gr,ok,https://www.facebook.com/fonikavalas/,https://twitter.com/kavalaportal,https://www.youtube.com/channel/UCjtrdJf3hOvMY-oLBFXKhIg/,operating,news,website,
56aba785b74d4b6b8ca9d8fc0adfc7599197c0de,https://kefalonianmantata.gr/,ok,https://www.facebook.com/EfimeridaImerisios/,,,operating,news,newspaper,
93bc26815176d91d7201765acf2e1ee9ef67b1c4,http://e-ptolemeos.gr,ok,,,,operating,news,newspaper,
21855ead6cab2edf3b3c5d737fe92cc0584b445c,https://efkozani.gr/,ok,https://www.facebook.com/www.efkozani.gr/,https://x.com/o8S936cNzLFoYB8,https://www.youtube.com/channel/UCP_yl4WjP1Xjyoje7YaAMGA,operating,news,website,
e6ea5a214bcbbf9c32cfbd139c72725c6a6648a4,https://truestoryradio.gr/,ok,,,,operating,other,website,
a820264d8ce1f0140a9dcb141ab79c40118e99dd,https://www.eleftheria.gr/,ok,https://www.facebook.com/eleftherianewspaper/,https://x.com/eleftheriagr,https://www.youtube.com/@EleftheriaNewspaper,operating,news,newspaper,
6636f32fe674624292e0478a22da0f78f5b5f244,https://www.formedia.gr/,ok,https://www.facebook.com/4medianews/,https://twitter.com/formedianews,https://www.youtube.com/channel/UC4ADGM9UUwFI6-rR1Gsp_cA/videos,operating,news,website,
01f84101d96e299fbb9275bf533df6a61eae66e1,https://thessaliaeconomy.gr/,ok,https://www.facebook.com/thessaliaeconomy,https://www.twitter.com/Thessaliaeconom,,operating,news,website,
3a2d59dbbae9dba2f7e7a955782ecd19a0ac83ff,https://tinealarissa.gr/,ok,https://www.facebook.com/tinealarissa.gr/,https://twitter.com/tinealarissa,,operating,news,website,
5c67e3a0af78651b18f5305306ec6daae8cdb99c,,no_website,https://www.facebook.com/neaeparxia/?locale=el_GR,,,operating,news,newspaper,
eb2515896240f5834214bf8b49b4ca4bacf5d7a7,https://sportlesvos.gr/,ok,https://www.facebook.com/sportlesvos.gr,https://x.com/SportLesvosGR,https://www.youtube.com/@sportlesvos,operating,sports,website,
83ba6326c00252d965671f13698ebe610624530c,https://gegonota.news/,ok,https://www.facebook.com/%CE%93%CE%B5%CE%B3%CE%BF%CE%BD%CF%8C%CF%84%CE%B1-104050335363432,https://twitter.com/gegonota_news,,operating,news,website,
a393b282d9654d55b9e7c1bbd3f591b46297bb41,https://eleftheriaonline.gr/,ok,https://www.facebook.com/eleftheriaonline,https://x.com/eleftherianews,https://www.youtube.com/user/Eleftheriaonline,operating,news,newspaper,
b544910491140e4580fba7dc1a4dc6864752b831,https://meapopsi.gr/,ok,,,,operating,news,newspaper,
6807e0cd979be965ceac8f344420f0dfc3b5059a,https://neapellas.gr/,ok,https://www.facebook.com/p/%CE%9D%CE%AD%CE%B1-%CF%84%CE%B7%CF%82-%CE%A0%CE%AD%CE%BB%CE%BB%CE%B1%CF%82-100063652447979/,,https://www.youtube.com/@NEAPELLAS-TV?app=desktop,operating,news,newspaper,
c1676fd6743f907205ae7c826393e2bfdf7a94e8,https://www.pellanews.gr/,ok,https://www.facebook.com/pellanewsgr/,,https://www.youtube.com/channel/UC7qL383yBC5_-oTt9_a__EA/featured,operating,news,website,
08c1073fd83a659ff8c7aa39aa2afabc52e62de4,https://topikifoni.gr/,ok,https://www.facebook.com/topikifoni,https://twitter.com/topikifoni,https://www.youtube.com/channel/UCghFBA4NSOSyebo9swV6iFA,operating,news,newspaper,
f297c881d6230fb634544a8e42c71321f5711b48,https://www.rethemnosnews.gr/,ok,https://www.facebook.com/rethemnosnews,https://twitter.com/rethnews,https://www.youtube.com/channel/UCkPwKrdzEp0Aulj_QdxE1AQ,operating,news,newspaper,
39f5f28a195bd82365c35b9b19facd2460a997aa,https://www.paratiritis-news.gr/,ok,https://www.facebook.com/paratiritis.thrakis,https://twitter.com/Paratiritis_Thr,https://www.youtube.com/c/%CE%A0%CE%B1%CF%81%CE%B1%CF%84%CE%B7%CF%81%CE%B7%CF%84%CE%AE%CF%82%CF%84%CE%B7%CF%82%CE%98%CF%81%CE%AC%CE%BA%CE%B7%CF%82/featured,operating,news,newspaper,
a225db3e12a8aa42eba7344fbf135b0ba40d1bca,https://samos24.gr/,ok,https://www.facebook.com/24samos,https://twitter.com/InfoSamos24,https://www.youtube.com/channel/UCtv7v9iaVuSymuyCX75K4NQ/videos,operating,news,website,
14aec894df0e815aaf13446d33936bdd4ab457cf,https://www.eproodos.gr/,ok,https://www.facebook.com/proodosserrwn,http://twitter.com/HProodos,https://www.youtube.com/channel/UC8PseMB0qYIqbYax565yjcA,operating,news,newspaper,
37de67dd1f73f9d492011d292338c859e20643d8,https://www.neaserres.gr/,ok,,,,operating,news,newspaper,
575acb46ba9364e7e074bc50cd5ecddf8699c27a,https://www.serrespost.gr/,ok,https://www.facebook.com/Serrespost-1884628254895723/,,https://www.youtube.com/channel/UCM181grQQPh87GSvsB-9BmQ,operating,news,website,
b15f19818fd096e4d5a2ece4e4f7ada30f03c14c,https://www.emakedonia.gr/,ok,https://www.facebook.com/emakedonia,https://x.com/makedonia_efim,https://www.youtube.com/@%CE%95%CF%86%CE%B7%CE%BC%CE%B5%CF%81%CE%AF%CE%B4%CE%B1%CE%9C%CE%B1%CE%BA%CE%B5%CE%B4%CE%BF%CE%BD%CE%AF%CE%B1-%CE%BA4%CE%BB,operating,news,newspaper,
7dc8c882e823aa741ec89d1047e6675485706b34,https://www.1077statusfm.gr/,ok,https://www.facebook.com/status1077/?locale=el_GR,https://x.com/Status1077,https://www.youtube.com/channel/UCQ7a9S-6VJ8WHmVCvPQXxQg,operating,news,website,
f336a383bdbe9f8da0f2112631c645487c089be2,https://www.forzaonline.gr/news/,ok,https://www.facebook.com/FORZAPlus,,https://www.youtube.com/channel/UCp1Sw6sArV8oWGE9XHQeGhg,operating,sports,website,
53d29afabbde8d8cde3f5e4fdde29a2d1c174753,https://metrosport.gr/,ok,https://www.facebook.com/metrosport.gr,https://twitter.com/metrosportgr_,https://www.youtube.com/user/Metropolis955,operating,sports,website,
6dd507f281438f737792893c42fe1fbbe54fdad0,https://mysports.gr/,ok,,,,operating,sports,website,
dbbd42d82ba2bdbf2ca379b617172ffe09e1b6f2,https://samosvoice.gr,ok,https://www.facebook.com/SamosVoice/,https://x.com/SamosVoice,https://www.youtube.com/channel/UCON5yg5uiABOyVHlYwgBs6A,operating,news,website,
2d17ca66678e8d63780adb4a3a434002c8da38d5,https://www.typosthes.gr/,ok,https://www.facebook.com/TyposThessalonikis,https://twitter.com/typosthes,,operating,news,website,
c1d5780525cf99a4fd7f20fd5aa250045608ce93,https://www.trikalaonline.gr/,ok,https://www.trikalaonline.gr/,,,operating,news,newspaper,
f0b13ca7c720c3d83be3bda8c102fde053687293,https://trikalaview.gr/,ok,https://www.facebook.com/trikalaviewgr,https://twitter.com/trikalaviewgr?lang=el,,operating,news,website,
1f0ac9f610edeab6f277651cad8f6df2562a20db,https://xanthi2.gr/,ok,https://www.facebook.com/xanthi2.gr/,https://twitter.com/Xanthi2gr,https://www.youtube.com/channel/UC2NZ_f4pJFR2m_rW2H_NFug,operating,news,newspaper,
daac434b37ec807bb968e416d2e5fe32c37023f3,https://tolminews.gr,broken,,,,not_found,news,website,
3b83f963a38e6a99c980a4c6901f9d723ef5e747,https://www.imerazante.gr/,ok,https://www.facebook.com/imera.zakynthos,https://twitter.com/imerazante,https://www.youtube.com/channel/UCjRMz-RZSOUtj5dA00r4EjA,operating,news,newspaper,
6fc96301927c5636532f652499faf2b97ee5c553,https://www.anatropinews.gr/,ok,https://www.facebook.com/Anatropinews,https://www.twitter.com/anatropi_news,,operating,news,website,
3097afa07b3c94f2b088642d65689cbedead67a7,https://www.libre.gr/,ok,https://www.facebook.com/libre.gr/,https://twitter.com/libre_gr,https://www.youtube.com/channel/UCe1PXFjAVn9hKQyCDdPeqJw,operating,news,website,
2b9f38905be7f89baec03b93b33e112d31beda29,https://www.oloygeia.gr/,ok,,,,operating,other,website,
ff8b6ffa98c1a7ef5e1159d97b6bac846b602b41,https://www.reader.gr/,ok,https://www.facebook.com/reader.gr/,https://twitter.com/readergr,,operating,news,website,
2656c9256c8afd0212199dd3a75b3c03f3215b83,https://www.thepresident.gr/,ok,https://www.facebook.com/thepresident.gr/,https://x.com/ThePresidentGr,https://www.youtube.com/@thepresidentgr5670,operating,news,website,
c94ef636b043efd8c3277bd9334705c5d9bab0d8,https://tvxs.gr/,ok,https://www.facebook.com/tvxs.gr,https://twitter.com/tvxs,https://www.youtube.com/channel/UCc7gdvAlFWnckuCLsV8ZzjQ,operating,news,website,
e0d2474ff8d00ecb7c1c9fc9e91c5c73b8d4a888,https://workenter.gr/,ok,,,,operating,other,website,
edcc427dcbc15dd890232ad1a1e681a04ae841c1,https://flashnews.gr/,ok,https://www.facebook.com/Flashnews.gr/,https://twitter.com/flashnews_gr,https://www.youtube.com/channel/UCJ3tZNB83AChtEtIsQITCbg,operating,news,website,
79703cbec596471a673420ca4d1e98b11dea25d7,https://www.enimerosi.com/,ok,https://www.facebook.com/enimerosi.kerkyraa/,,https://www.youtube.com/channel/UCQzPp2_7xyovu77adh-C1xw,operating,news,newspaper,
5eb6e3a8844526f8445be4c71e1c26009052bbbc,https://www.logotypos.gr/,ok,https://www.facebook.com/logotypos/,https://twitter.com/LogotyposGr,https://www.youtube.com/channel/UChmHLRA96Rl3d-GwSRFcfCg/videos,operating,news,newspaper,
504b4213006b57be6dff87a28ce32eff0c0a006e,https://www.rodiaki.gr/,ok,https://www.facebook.com/efimeridarodiaki,https://twitter.com/irodiaki,https://www.youtube.com/user/rodiakiefimerida,operating,news,newspaper,
d2a50e9b53ecfc102239cd5e121cc5df47afb130,https://www.proinos-typos.gr/,ok,https://www.facebook.com/proinosdramas/,,,operating,news,newspaper,
1a616c83f1201e6f6626c55433f647095c5e1570,https://newstok.gr,ok,https://www.facebook.com/newstok.gr,https://x.com/Newstok_gr,,operating,news,website,
7bfd5df0aade90fbc619f64cef1e7203c3954de5,https://www.radioevros.gr/,ok,https://www.facebook.com/radioevros,,https://youtube.com/user/radioevros,operating,news,website,
86fe69963f63bf08ba1102f797cc17bed67f43bc,https://orapaper.gr/,ok,https://www.facebook.com/ef.fokida/,,,operating,news,newspaper,
306c45680ca47ace1f50a3dceed15a1ae574fc42,https://www.mag24.gr/,ok,https://www.facebook.com/mag24greece,https://twitter.com/mag24gr,https://www.youtube.com/@mag24online,operating,news,website,
17362e90ef831369861686ee25182d0cac90aee9,https://grevenamedia.gr/,ok,http://www.facebook.com/grevenamedia.gr,https://twitter.com/GrevenaMedia,,operating,news,website,
6c97f745301dcb8db4a0f1103b731334073d2488,https://www.patrisnews.com/,ok,https://www.facebook.com/patrisnews/,https://x.com/patrisnewscom,https://www.youtube.com/@patrisnews,operating,news,website,
6c92fe4363b27899af77f5badb9b392f88733536,https://www.agon.gr/,ok,https://www.facebook.com/ipirotikosagon/,https://twitter.com/agongr,,operating,news,newspaper,
99f578e652944413b5e57f04d6fb165045f4a83b,https://typos-i.gr/,ok,https://www.facebook.com/typosioanninon,,https://www.youtube.com/channel/UCBW9-ynRYZU1TKOZsJHBkrA,operating,news,website,
fad4c6a3018c630c653eccb22c90ed6e51aac1d3,https://www.cretalive.gr/,ok,https://www.facebook.com/cretalive/,https://www.twitter.com/cretalive/,https://www.youtube.com/channel/UCmzaIE6UCdRguV2hYXxDl_A,operating,news,website,
1fe5ff32c31aefaef2395f4a93eb18032243c75e,https://iraklionews.gr,ok,https://www.facebook.com/iraklionews.gr/,https://x.com/iraklionews?lang=en,https://www.youtube.com/@iraklionewscrete/videos,operating,news,website,
e125ad868726fcf090b7f3c7513559c03d7bd738,https://www.alithianews.gr/,ok,https://www.facebook.com/efimeridaalithia,https://twitter.com/alithianews,,operating,news,newspaper,
01e538b4109d0e7397a322449a1b1dbda4a8834d,https://www.larisanews.gr/,ok,https://www.facebook.com/larisanews.gr/,https://x.com/larisanews1,,operating,news,website,
9eb5ea968591c77bdbe77042558e0dfe15652392,https://www.enanews.gr/,ok,https://www.facebook.com/analitis.ena/?locale=el_GR,,,operating,news,newspaper,
63ec91c0d86a3aa586cfd11556c04236d8aa2b6a,https://enachannel.gr/,ok,https://www.facebook.com/enachannel.gr/,,https://www.youtube.com/channel/UC_E3ROtebnZXH708dOeBgDQ,operating,news,website,
a59f2db8ac8bb94dda543017e7090aae69e488d8,https://www.eidisis.gr/,ok,https://www.facebook.com/eidisis.gr,https://x.com/EidisisGr,https://www.youtube.com/user/eidisisgr,operating,news,website,
1e35ae16c95a7860c41969265f314c14aeea3705,https://egnatianews.gr/,ok,https://www.facebook.com/egnatianews.gr/,,,operating,news,website,
aeb8ba7c33fd5ecd086e9baf9c251b1ef92832e7,https://kosmoslarissa.gr/,ok,https://www.facebook.com/kosmoslarissa.gr/,https://x.com/kosmoslarissa,,operating,news,newspaper,
30c67a912d70723272f2d5e42f950d5f0920e19e,https://www.thessalikesepiloges.gr/,ok,,,,operating,other,website,
b0badb88afec63f99ad92083333b98ebcc7548f2,https://www.emprosnet.gr/,ok,https://www.facebook.com/emprosnet/,,https://www.youtube.com/channel/UCt2TvXb-D_ID-ILOI15QOVg,operating,news,newspaper,
69fbc020b2765fc8c9904bcc011fa95b47e439c0,https://skiathoslife.gr/,ok,https://www.facebook.com/skiathoslife/,https://twitter.com/skiathoslife?lang=el,https://www.youtube.com/channel/UCKUZt5n71TuUw-vum2kwk3Q,operating,news,website,
79633b5efac27c63e512b2076739d3342bb5fc6f,,no_website,,,,operating,news,newspaper,
cc210af6d20b0f657e460760d1769641791c072c,https://eptanews.gr/,ok,https://www.facebook.com/EPTANEWS/,https://twitter.com/eptanews?lang=en,https://www.youtube.com/channel/UC3wT-qKcG8kU7AfUpyl2gNQ,operating,news,website,
9bd11968f600fc72a40d34a7c3206ee565d139b0,https://xronos.gr/,ok,https://www.facebook.com/xronos.gr,https://twitter.com/xronosgr,https://www.youtube.com/user/xronosnews,operating,news,newspaper,
277f5567e5073d603d7b00cd218baa72ce90b78d,https://www.evimaserres.gr/,ok,https://www.facebook.com/evimagr1/,https://x.com/vimaserres,https://www.youtube.com/channel/UC-tTWrOdGuMsVR8Rt0Omqbg,operating,news,newspaper,
a17586608a06de0751668552981746da339e4552,https://www.simerini.gr/,ok,https://www.facebook.com/simerini.serres,,,operating,news,newspaper,
150a1cbcd1a1140ea685e81b9cce1efd915e9db3,https://parallaximag.gr/,ok,https://www.facebook.com/Parallaximag,https://twitter.com/parallaximag/,,operating,news,newspaper,
2f6deb256d343aa68a0e18b94f9291ffcad58be5,https://www.grtimes.gr/,ok,https://www.facebook.com/GRTIMES.gr,https://x.com/grtimes_,https://www.youtube.com/channel/UC6l--jd0YBeKEUYaOHzWH9w,operating,news,website,
ba462512c31162be4f92a55dc5670b2e94ba30d9,https://www.psychology.gr,ok,,,,operating,other,website,
38a65ec4ef6ed2cd9f2cea7b6302ec21e32f8409,https://www.trikalaerevna.gr/,ok,https://www.facebook.com/trikalaerevna/,https://twitter.com/trikalaerevna,https://www.youtube.com/channel/UCwkReOcCXAnK81VhHNWGPOQ,operating,news,newspaper,
a415715288a6de134ffc2b3fba12ecb87046c560,https://empros.gr/,ok,https://www.facebook.com/efhmeridaempros/,https://twitter.com/Empros_xanthis,,operating,news,newspaper,
b7e270af027ffd098deedd72cb070812ede99d07,https://xanthinews.gr/,ok,https://www.facebook.com/xanthinews/,https://twitter.com/xanthinews,https://www.youtube.com/channel/UCirGwTQDB_NZFqcuHZ_YHUg,operating,news,website,
d541167c5905079dd79f808b8ffe3c2f99426def,https://grillmagazine.gr/,ok,,,,operating,other,website,
4bd10eac82580abf5938a1803230235ac09ec3d7,https://pod.gr/,ok,,,,operating,other,website,
31af0ef60d0f433d2616daad41bfed639a24c57d,https://startupper.gr/,ok,,,,operating,other,website,
7e94a5cfb76da1bccf4f9137a19842bd5a570a3c,https://www.zougla.gr/,ok,https://www.facebook.com/www.zougla.gr/,https://twitter.com/zougla_online,https://www.youtube.com/user/zouglagr,operating,news,website,
87f07777be8f31d586515979e1c511ae4a6d31ae,https://epiloges.tv/,ok,https://www.facebook.com/tileepiloges,,https://www.youtube.com/channel/UCJmgSX50r0Q0kFXFcKHp4Kg/videos,operating,news,website,
eefe171fc16199f7aaf90e2a32fa621b84ab25de,https://deltatv.gr/,ok,https://www.facebook.com/deltatv.gr,,https://www.youtube.com/channel/UCzbsC-Pud1UPAYlm5nWI-uQ,operating,news,website,
b621053e741e33fb4bce7571b994afbc50a42ad9,https://www.lamiakos-typos.gr/,ok,https://www.facebook.com/lamiakos.typos,https://www.twitter.com/lamiakos_typos,,operating,news,newspaper,
b9ab4e5c7b40f1ffb71d92affc5a5085482efefb,https://proini.news/,ok,https://m.facebook.com/proini.news/,,,operating,news,newspaper,
8e228f4c0fb97d5531f175bd236b72d1141b3caa,https://proinoslogos.gr/,ok,https://www.facebook.com/proinoslogos/?locale=el_GR,https://x.com/proinoslogosgr,,operating,news,newspaper,
f816dccba3a1ff0e927ef0330dafc32a0057a4a7,https://e-mesara.gr/,ok,https://www.facebook.com/p/e-mesaragr-100064034350554/,https://x.com/e_mesara,,operating,news,website,
a6d86937a12361c08234291c2e1777910673bf05,https://neosagon.gr/,ok,https://www.facebook.com/neosagon.gr/,https://x.com/NeosAgon,https://www.youtube.com/channel/UCF7SZ_soyeRlqhWXGEqO87Q/videos,operating,news,newspaper,
f4c9b1b68b7890680a34b858a4ef44c1129e7842,https://www.efimeridakavala.gr/,ok,https://www.facebook.com/efimeridakavala,,,operating,news,newspaper,
3c6cf54a1a059fccb68645821d416f1a77ba2d18,https://www.prlogos.gr/,ok,https://www.facebook.com/prlogos.gr,https://twitter.com/proinoslogos,,operating,news,newspaper,
47444befefab0e63c086d87fdb57fbc86e83f7bf,https://www.larissapress.gr/,ok,https://www.facebook.com/LarissaPress.gr/,https://twitter.com/larissapressgr,https://www.youtube.com/channel/UCMVSTLF5VCyAgidl_Hthtnw,operating,news,website,
961154bdad4631c221327cac9c371b2fbfc4504d,https://e-almyros.gr/,ok,https://www.facebook.com/LaosTisMagnisias,,https://www.youtube.com/channel/UCPSG9-A9nP6qgjaxNa5_Ghg,operating,news,newspaper,
d4788a51d2d1d55cd4040e9b258ea38364534c99,https://florinadaily.gr/,ok,,,,operating,news,website,
b57f805b4adf07e3ff6fa2b82f734e4b8e15c631,https://diavlos924.gr,ok,https://www.facebook.com/diavlos924.gr/videos/,,,operating,news,website,
bdc24f4f846700c795799f8f2c682b585cd5ac29,https://www.thespro.gr/,ok,https://www.facebook.com/thespronews.gr/,,,operating,news,newspaper,
687b58cae726764cc225e05ae6075b79cc0c4232,https://myplace.gr/,ok,,,,operating,other,website,
ad1203d31786c1c4c335caabba2963e4b601e74a,https://www.trikalaidees.gr/,ok,https://www.facebook.com/trikalaidees.gr/,,,operating,news,website,
6bc1a5855e14d8f1126c173f8339f2148c83e467,https://www.net-time.gr/,ok,https://www.facebook.com/nettimegreece/?locale=el_GR,,,operating,news,website,
97210fd9f0f303e3659e6657498a26836ec603f5,https://www.tourismtoday.gr/,ok,,,,operating,other,website,
d22692fe4ba3868121cf35a7f6fb923e4dc49d53,https://www.politischios.gr/,ok,https://www.facebook.com/Politischios.gr,https://x.com/politischios,https://www.youtube.com/user/PolitisDigital,operating,news,newspaper,
191d51799887812ad838707edda4518f51476998,https://destinationgreece.tv/,ok,,,,operating,other,website,
78d03620b39e18d2ce7f8d438884a870a210a0b8,https://www.evrytanikospalmos.gr/,ok,https://www.facebook.com/evrytanikospalmos.gr/?fref=ts,,,operating,news,newspaper,
a9675b2d0ee44943fbbcd6ae11974bd00a081103,https://www.proinanea.gr/,ok,,,,operating,news,newspaper,
cd91b87ab8384c21a04fbb3ac55dd6a9462b0053,https://www.politica.gr/,ok,https://www.facebook.com/Politica.gr/,,,operating,news,website,
efab761a9d602d5e501b3db3d0c2d6b1ff66a885,https://www.kavalasports.gr/,ok,https://www.facebook.com/kavalanews.gr,https://x.com/kavalanews,https://www.youtube.com/kavalanews,operating,sports,website,
e46fee5267184b6ad49c5864f91e9016ea06881f,https://www.anatolh.com/,ok,https://www.facebook.com/p/anatolhcom-100059272937544,https://x.com/anatolhcom,https://www.youtube.com/@anatolhcom,operating,news,newspaper,
37a82feae03d874728cfb1af03f82cab7f871bf4,https://www.prevezatoday.gr/,ok,https://www.facebook.com/prevezatoday,,,operating,news,website,
c260aa3329d2ef9f6c7166f10d82b445bf770df1,https://cozyvibe.gr/,ok,,,,operating,other,website,
32defa2a971d06fc2cdc783afd16fd3282bad6a5,,no_website,https://www.facebook.com/groups/fonitounestou/about?locale=el_GR,,,operating,news,newspaper,
57f43aba1db95ec299fe1a6cf2aa997772d36bd0,https://www.igrevena.gr/,ok,https://www.facebook.com/igrevena.gr,,,operating,news,newspaper,
88545f1c594e93ee0b8a73ef2265dc9bcc3ae49e,http://sentranews.gr,ok,https://www.facebook.com/sentrakastoria,,https://www.youtube.com/channel/UCg4lFAhZVq_VYtZKhhUlsEA,operating,news,newspaper,
aa9f204d2565393ed2a193980a3637f82f7e2ae0,https://www.neathess.gr/,ok,,,,operating,news,newspaper,
8df18524ce015f67d37c8f90672856065a8f2bdf,,no_website,,,,operating,unknown,newspaper,
d6ce52875d31442341e766fcb67c43d2f30b9ece,https://antilalospress.gr/,ok,https://www.facebook.com/antilalospress/,,https://www.youtube.com/channel/UCMq1llNnP5miQWXm46PUakQ,operating,news,website,
b876510dd7f50faffbd86cd3017f1362c1674032,https://www.thes.gr/,ok,https://www.facebook.com/thes.greece/,https://twitter.com/Thes_Portal,https://www.youtube.com/@lifeeventsgr,operating,news,website,
7bf7b0f9c323d1056a170f3ecb4f764b71ddfefa,https://kainourgiopress.gr/,broken,,,,operating,unknown,website,
80e30f26d2df7e9cce2cf0dfff4f5eef45ebeb51,,no_website,,,,operating,unknown,newspaper,
2a1c746a49cfe06f2826ec671b896f02a1210a27,http://comtoday.gr,broken,,,,operating,unknown,website,
64c47538f08745cfe9140c1db42d012f3308345c,https://csrweek.gr/,broken,,,,operating,unknown,website,
443c547fc58d2808771f3dad8bee52922d81f7ed,http://retailtoday.gr,broken,,,,operating,unknown,website,
cb669f94eac2cd8692890da2120e017ba47c9f47,http://RP.GR,broken,,,,operating,unknown,website,
37caf57b1ebe5d1717201c36bf41817e9113370c,http://virus.com,broken,,,,operating,unknown,website,
7871c6bae1b834588839221d5dd35c7ca799621f,,no_website,https://www.facebook.com/groups/80640923699/?locale=el_GR,,https://www.youtube.com/@palmos94.1fmchios4,operating,other,radio,
c9e3643304c89499cba0e869bed97158faf9f4d5,,no_website,https://www.facebook.com/evoikostipos/?locale=el_GR,,,operating,news,newspaper,
049123cc119f1ecbaf8c91a7b5522b4a023ffb67,,no_website,https://www.facebook.com/messiniakoslogosmessinias/?locale=el_GR,,,operating,news,newspaper,
e1bd8e9d6e8db7da39388dfa20d758e8665493f5,https://www.patratv.gr/,ok,https://www.facebook.com/lychnos/?locale=el_GR,,https://www.youtube.com/@ieramitropolispatron,not_operating,news,tv,
741e93747e89febddd0f9dad1ef27c89937b4a16,https://www.alerttv.com.gr/,ok,https://www.facebook.com/profile.php?id=100038170187066,https://x.com/ALERTTV3,https://www.youtube.com/channel/UCO-NNz_o4nMijZ_ysXS08gw,operating,news,tv,
6d1bd5fb5f7469b41446832254b43280844a5f8b,https://www.hightv.gr/,ok,,,,operating,other,tv,
5c15e499ad945f994a4994fc9962e2aca5556ef5,,ok,,,,not_operating,unknown,tv,
d5d7d9aad11fe424cbe1087789255c480c1c2820,https://kontrachannel.gr/,ok,https://www.facebook.com/kontrachannel/,https://twitter.com/Kontrachannel,https://www.youtube.com/user/kontrachannelhellas,operating,news,tv,
fcd1a3a7777065fa5ce40703ce42ae818356259f,https://www.megatv.com/,ok,https://www.facebook.com/megatvcom/,https://x.com/MegaTvOfficial,https://www.youtube.com/@MegaTVClassics,not_operating,news,tv,
4c9a422935bbaa1ea8ae323192d062404546e352,https://www.rise.gr/,ok,,,,operating,other,tv,
f4b52b960059cb5aedd990b3dc03df872d6de8ce,https://www.tvsmile.gr/,ok,,,,operating,other,tv,
92985e66bbc999317b9a33ece24622caa408e6a4,,ok,,,,not_operating,other,tv,
0aaeef8e90c3ed95d330ca13686e3c81561c3561,https://matchnews.gr/,ok,http://www.facebook.com/matchnews.gr,http://www.twitter.com/matchaxaias,,operating,sports,newspaper,
53949803a994b52131e8313910868729c97693b0,https://politeianews.gr/,ok,https://www.facebook.com/Politeiapatra,https://twitter.com/PoliteiaNews,,operating,news,newspaper,
6b8682b86c4b0076c32243bb52298de13fa7bf88,https://alphapatras.radiohype.gr/,ok,https://www.facebook.com/alphapatrasgr,,https://www.youtube.com/channel/UCq6MQs9EczamyQlR5c5gkLA,operating,news,radio,
2bfe79a76da16c7edce7ddc51388c07151f52c3b,,no_website,,,,not_found,unknown,radio,
b9363307d0b6a378c47dadd6aa1ec0d833b62b08,https://www.free1011.gr/,broken,https://www.facebook.com/Free1011Patra/,,,not_found,unknown,radio,
2bedf0de532a9e3c82419f47f5b5bd53bb54a274,https://galaxy1061.gr/,ok,https://www.facebook.com/GalaxyFm106.1/,,,operating,other,radio,
a56cac76b56bb922c2e26558831ff38cf9c1f8a7,https://radiokiss.gr/,ok,,,,operating,other,radio,
0cff97cbc5a1b6693d350187c35107c680c00538,,no_website,,,,not_operating,other,radio,
fae4c70c9e36c0dafe4dea1fe4e02ca829044cbf,https://masterfm.gr/,ok,https://www.facebook.com/masterfm902/,,,operating,other,radio,
e81e4294ce70b48553ace0674ab7bbd8f1911c39,https://maxfm.com.gr/,broken,https://www.facebook.com/maxfm934/?locale=el_GR,,,operating,news,radio,
6b68ceeba174ab9d3710ea1d3b38f36459262d21,https://melon-music.com/,ok,,,,operating,other,radio,
66fb0476ecadd986bab4f1be2048a4c7bb74d0bc,,no_website,,,,not_found,other,radio,
bb2c43ffbf314cc88c476ad82b139cc17bafc07d,,no_website,,,,not_found,other,radio,
b62165bba16be6a1efe2abd838d508fa0e045dd0,,no_website,,,,not_found,other,radio,
7a4df320c15297426819fa795199ca3c3e74ecd3,https://matchnews.gr/,ok,http://www.facebook.com/matchnews.gr,http://www.twitter.com/matchaxaias,,operating,news,newspaper,
