canonical_url,domain,outlet_count,outlet_ids,outlet_names,media_types,owners,prefectures,source_names,has_manual,fb_any,x_any,youtube_any,has_tv,has_radio,has_newspaper,has_website_entity,web_native
https://1077statusfm.gr,1077statusfm.gr,2,"['4757a7a2fb198379266d7f33b0e46fc2d2e47da6', '7dc8c882e823aa741ec89d1047e6675485706b34']","['1077statusfm', 'STATUS FM 107,7']","['radio', 'website']","['STATUS  ΡΑΔΙΟΤΗΛΕΟΠΤΙΚΕΣ ΠΑΡΑΓΩΓΕΣ', 'Θ. ΧΟΥΣΟΥ ΚΑΙ ΣΙΑ Ε.Ε.\nΑ ΓΕΜΗ 041904306000\nΝΟΜΙΜΗ ΕΚΠΡΟΣΩΠΟΣ: ΘΕΟΔΩΡΑ ΧΟΥΣΟΥ']",['Thessaloniki'],"['esr_radio', 'mt_websites']",False,https://www.facebook.com/status1077/?locale=el_GR,https://x.com/Status1077,https://www.youtube.com/channel/UCQ7a9S-6VJ8WHmVCvPQXxQg,False,True,False,True,False
https://12vima.gr,12vima.gr,1,['e4fbcdf5c4fe8fef962768bc066a6a27126791b4'],['ΤΟ ΒΗΜΑ ΤΗΣ ΔΩΔΕΚΑΝΗΣΟΥ'],['newspaper'],['ΜΑΤΣΗΣ MEDIA GROUP IKE'],['Dodecanese'],['mt_press'],False,https://www.facebook.com/12vima.gr/,,https://www.youtube.com/channel/UCaWsafsT0nqJDsKj5UBF5yg,False,False,True,False,False
https://15minutes.gr,15minutes.gr,1,['5634929904766bb43e583d27b533322fdbcaf755'],['15minutes'],['website'],[],['Attica'],['mt_websites'],False,https://www.facebook.com/15minutesgr,https://x.com/i/flow/login?redirect_after_login=%2F15minutes_gr,,False,False,False,True,True
https://3kalanews.gr,3kalanews.gr,1,['9ccba619a0c3a2d1810fd351971d20380a8eef25'],['Η ΓΝΩΜΗ'],['newspaper'],['ORION MEDIA'],['Karditsa'],['mt_press'],False,https://www.facebook.com/3kalanews.gr/,,,False,False,True,False,False
https://90fm.gr,90fm.gr,1,['29a99e9e52514f335d9c750aad8ef608363ef3d6'],['ΚΑΝΑΛΙ ΕΥΡΙΠΟΣ FM 90'],['radio'],['ΒΑΣΙΛΕΙΟΣ ΣΜΠΙΛΙΡΗΣ ΚΑΙ ΣΙΑ Ε.Ε.\nΑ ΓΕΜΗ 046130322000\nΝΟΜΙΜΟΣ ΕΚΠΡΟΣΩΠΟΣ:  ΒΑΣΙΛΕΙΟΣ ΣΜΠΙΛΙΡΗΣ'],['Evia'],['esr_radio'],False,https://www.facebook.com/evripos90fm,https://twitter.com/evripos90fm,https://www.youtube.com/user/evripos90fm,False,True,False,False,False
https://919.gr,919.gr,1,['afd77da20b24796190c4c1baedf895ee0df6c955'],"['ΑΜΒΡΑΚΙΑ FM 91,9']",['radio'],['ΑΡΤΑΙΩΝ ΔΗΜΟΤΙΚΗ ΑΝΩΝΥΜΗ ΕΤΑΙΡΙΑ Ο.Τ.Α. (Α.Δ.Α.Ε. Ο.Τ.Α.)\nΑ ΓΕΜΗ 017440115000\nΝΟΜΙΜΟΣ ΕΚΠΡΟΣΩΠΟΣ: ΝΙΚΟΛΑΟΣ ΚΕΦΗΣ'],['Arta'],['esr_radio'],False,https://www.facebook.com/919.gr/,,,False,True,False,False,False
https://94fm.gr,94fm.gr,1,['6ff88bd94eb3c2e93e7accf1e2d30d286b383cf0'],['ΡΑΔΙΟ ΕΠΙΚΟΙΝΩΝΙΑ 9.41'],['radio'],['ΔΗΜΟΤ.ΕΠΙΧΕΙΡ. ΡΑΔ/ΦΩΝΙΑΣ ΔΗΜΟΥ ΗΡΑΚΛΕΙΟΥ ΑΤΤΙΚΗΣ\nΝΟΜΙΜΟΣ ΕΚΠΡΟΣΩΠΟΣ: ΔΗΜΗΤΡΗΣ ΤΑΒΟΥΛΑΡΗΣ'],['Attica'],['esr_radio'],False,https://www.facebook.com/epikoinwnia94fm/?locale=el_GR,,https://www.youtube.com/channel/UC8NmJF7ka6kAgGclW0xj6Tg,False,True,False,False,False
https://975fm.gr,975fm.gr,1,['c971fae72588be61040e22f9731d2e8d171eb650'],['ΡΑΔΙΟ ΚΑΡΠΕΝΗΣΙ'],['radio'],['ΠΑΝΑΓΙΩΤΗΣ ΑΝΤΩΝΟΠΟΥΛΟΣ'],['Evrytania'],['esr_radio'],False,https://www.facebook.com/www.975fm.gr/?locale=el_GR,https://x.com/Karpenisi975fm,https://www.youtube.com/user/vickykarpenisi,False,True,False,False,False
https://976.gr,976.gr,1,['6892dff647d270710c292afd32a4cddf84bc5f7b'],"['ΡΑΔΙΟΦΩΝΙΚΗ ΛΕΣΧΗ 97,6']",['radio'],['ΡΑΔΙΟΦΩΝΙΚΗ ΛΕΣΧΗ ΤΡΙΚΑΛΩΝ Α.Ε\nΑ ΓΕΜΗ 010626353000\nΝΟΜΙΜΟΣ ΕΚΠΡΟΣΩΠΟΣ: ΚΩΝΣΤΑΝΤΙΝΟΣ ΘΕΟΔΩΡΟΥ'],['Trikala'],['esr_radio'],False,https://www.facebook.com/lesxi976/,,,False,True,False,False,False
https://aagora.gr,aagora.gr,1,['447b99c16950e82ac886b7cb1443f96314768637'],['aagora'],['website'],['ΑΣΦΑΛΙΣΤΙΚΗ ΑΓΟΡΑ'],['Attica'],['mt_websites'],False,https://www.facebook.com/aagora.gr,https://x.com/Asf_Agora,,False,False,False,True,True
https://acheloostv.gr,acheloostv.gr,2,"['a929d9c39ae91496b80a5b6ce68e503498b93e6a', 'eed23dbb7fbb740704f58d69d165be83f95305ec']","['acheloostv', 'ΑΧΕΛΩΟΣ FM']","['radio', 'website']","['ΑΧΕΛΩΟΣ TV', 'Γ. ΜΠΟΚΑΣ ΚΑΙ ΣΙΑ Α.Ε.\nΑ ΓΕΜΗ 027340512000\nΝΟΜΙΜΟΣ ΕΚΠΡΟΣΩΠΟΣ: ΚΩΝ/ΝΟΣ ΜΠΟΚΑΣ\nΝΟΜΙΜΟΣ ΕΚΠΡΟΣΩΠΟΣ: ΠΑΝΑΓΙΩΤΑ ΜΠΟΚΑ']",['Aitoloakarnania'],"['esr_radio', 'mt_websites']",False,https://www.facebook.com/axelwostv/,https://x.com/Axeloos_Media,https://www.youtube.com/channel/UCa0b8xwm9QEjxKHB740FruQ,False,True,False,True,False
https://acheloostvnews.gr,acheloostvnews.gr,2,"['b7a447976df175c6d1e89f577753661f4fbe1410', 'faa38fb617486d9cf66d98c81e34709875b34ae7']","['acheloostvnews', 'ΑΧΕΛΩΟΣ TV']","['tv', 'website']","['ΑΧΕΛΩΟΣ TV', 'Γ. ΜΠΟΚΑΣ & ΣΙΑ ΑΝΩΝΥΜΗ ΕΤΑΙΡΕΙΑ ΡΑΔΙΟΤΗΛΕΟΠΤΙΚΕΣ ΕΠΙΧΕΙΡΗΣΕΙΣ ΔΥΤΙΚΗΣ ΕΛΛΑΔΟΣ ΑΧΕΛΩΟΣ T.V.']",['Aitoloakarnania'],"['esr_tv_regional', 'mt_websites']",False,https://www.facebook.com/axelwostv,https://x.com/Axeloos_Media,https://www.youtube.com/channel/UCa0b8xwm9QEjxKHB740FruQ,True,False,False,True,False
https://action24.gr,action24.gr,1,['84f03498230b4213cb03c2ce45c1bbd58643a4af'],['ACTION 24'],['tv'],['SPORT TV - ΡΑΔΙΟΤΗΛΕΟΠΤΙΚΗ ΠΡΟΒΟΛΗ Α.Ε. (πρώην MAGIC ΠΕΙΡΑΙΑ)'],['Attica'],['esr_tv_regional'],False,https://www.facebook.com/action24tv,https://x.com/action24tv,https://www.youtube.com/@action24tv,True,False,False,False,False
https://adesmeuti.gr,adesmeuti.gr,1,['abb07275eedbc083b78896f2683ac5be2daef0af'],['adesmeuti'],['website'],['ΑΔΕΣΜΕΥΤΗ'],['Xanthi'],['mt_websites'],False,https://www.facebook.com/adesmeuti/,,,False,False,False,True,True
https://aegeanlive.gr,aegeanlive.gr,1,['4cc789bc2da6fbc554bedfd8fd2ed29f5b7e5630'],['aegeanlive'],['website'],['Ψηφιακά Μέσα Αιγαίου - Aegean Digital Media'],['Dodecanese'],['mt_websites'],False,https://www.facebook.com/aegeanlive.gr,,https://www.youtube.com/channel/UCJUB9apKO1uOv6q4Ukdxeqw,False,False,False,True,True
https://aeginaportal.gr,aeginaportal.gr,1,['ef0565a4c15f23204c4de8d1759297307a17d311'],['aeginaportal'],['website'],['AEGINA PORTAL'],['Attica'],['mt_websites'],False,https://www.facebook.com/aeginaportal/,https://x.com/aeginaportal?lang=en,,False,False,False,True,True
https://aeolos.tv,aeolos.tv,1,['e0443e95a673019d97838c25bb98fdbe77d81c35'],['AEOLOS TV'],['tv'],['ΡΑΔΙΟΤΗΛΕΟΠΤΙΚΕΣ ΕΠΙΧΕΙΡΗΣΕΙΣ ΜΥΤΙΛΗΝΗΣ Α.Ε.'],['Lesvos'],['esr_tv_regional'],False,https://www.facebook.com/aeolostv,,https://www.youtube.com/channel/UCw8dJC17kgJyMQnstAzkvrw,True,False,False,False,False
https://afteroffice.gr,afteroffice.gr,1,['25d383a5d5a7417f4fcc093909f0b70b576f391c'],['afteroffice'],['website'],['AG MEDIA M.IKE'],['Attica'],['mt_websites'],False,https://www.facebook.com/After-Office-Gr-124870929775319,https://twitter.com/afterofficegr,,False,False,False,True,True
https://aftodioikisi.gr,aftodioikisi.gr,1,['1df654b6ee5eedd0ffdc088f3da7c1f17401cfbf'],['aftodioikisi'],['website'],['AFTODIOIKISI.GR'],['Attica'],['mt_websites'],False,https://www.facebook.com/aftodioikisi.gr,https://x.com/aftodioikisi,https://www.youtube.com/channel/UCqfUikGm4eTREeOtBQKsJvw/videos,False,False,False,True,True
https://agon.gr,agon.gr,1,['6c92fe4363b27899af77f5badb9b392f88733536'],['ΗΠΕΙΡΩΤΙΚΟΣ ΑΓΩΝ'],['newspaper'],['ΗΠΕΙΡΩΤΙΚΟΣ ΑΓΩΝ'],['Ioannina'],['mt_press'],False,https://www.facebook.com/ipirotikosagon/,https://twitter.com/agongr,,False,False,True,False,False
https://agonas.gr,agonas.gr,1,['8b85c671e4d7ef3117947c993cc9539e829f02fd'],['ΑΓΩΝΑΣ'],['newspaper'],['ΘΡΑΚΙΚΟΣ ΑΓΩΝΑΣ'],['Xanthi'],['mt_press'],False,,,,False,False,True,False,False
https://agriniara.gr,agriniara.gr,1,['8c26c8ca85bcaa72b1aa94b6f16ff2569c2c2621'],['agriniara'],['website'],['All Around Media'],['Aitoloakarnania'],['mt_websites'],False,https://www.facebook.com/agriniaragr,https://x.com/agriniaragr,https://www.youtube.com/channel/UCRsGvMmH2HTVWVyDyqUQFOg,False,False,False,True,True
https://agriniolike.gr,agriniolike.gr,1,['81ccafabf2bffdf34e0108469014973184b7b637'],['agriniolike'],['website'],[],['Aitoloakarnania'],['mt_websites'],False,https://www.facebook.com/Agriniolikegr,https://x.com/agriniolike,https://www.youtube.com/channel/UCnIPW46yHN6KF3NtMeClb9g/featured,False,False,False,True,True
https://agrinionews.gr,agrinionews.gr,1,['22518748cc6fa93b2a229041389b2200e95bad06'],['agrinionews'],['website'],['AGRINIOMEDIA'],['Aitoloakarnania'],['mt_websites'],False,https://www.facebook.com/agrinionews/,https://twitter.com/agrinionews,,False,False,False,True,True
https://agriniopress.gr,agriniopress.gr,1,['f87a3979c3f050bfe6099fbe3c6129bf9f4f48c1'],['agriniopress'],['website'],['AGRINIOMEDIA'],['Aitoloakarnania'],['mt_websites'],False,https://www.facebook.com/agriniopress.gr/,https://x.com/AgrinioPress,https://www.youtube.com/user/agriniopress,False,False,False,True,True
https://agrinioreport.com,agrinioreport.com,1,['d271e2e20a53af174d1da24a684ebb7a78323b67'],['agrinioreport'],['website'],[],['Aitoloakarnania'],['mt_websites'],False,https://www.facebook.com/agrinioreport/?locale=el_GR,,https://www.youtube.com/@agrinioreport890,False,False,False,True,True
https://agriniosite.gr,agriniosite.gr,1,['be1103ee5974ae1014640069d32cbcd494eb7b0a'],['agriniosite'],['website'],['Ρ/Σ ENERGY 942'],['Aitoloakarnania'],['mt_websites'],False,https://www.facebook.com/www.agriniosite.gr,https://x.com/agriniosite,https://www.youtube.com/channel/UCI1IeucKlHarVLEDkRNlzzA,False,False,False,True,True
https://agriniotimes.gr,agriniotimes.gr,1,['de1468d60478adc683d38831e474178c78f5556b'],['agriniotimes'],['website'],[],['Aitoloakarnania'],['mt_websites'],False,https://www.facebook.com/AgrinioTimes.gr,https://twitter.com/agriniotimes,https://www.youtube.com/channel/UCyWsrhvyRGd8Ru-p-uUWjRA,False,False,False,True,True
https://agriniotv.gr,agriniotv.gr,1,['e537e894649485cb8a9904422681ac1fa2f307d7'],['agriniotv'],['website'],['AGRINIOMEDIA'],['Aitoloakarnania'],['mt_websites'],False,,,https://www.youtube.com/@agriniotv7392,False,False,False,True,True
https://agro24.gr,agro24.gr,1,['8e6467977374955ed47e7cfd4910293d3b429400'],['agro24'],['website'],['STARTCOM'],['Attica'],['mt_websites'],False,https://www.facebook.com/pages/Agro24gr/1501011463517067,https://twitter.com/agro24gr,,False,False,False,True,True
https://agronews.gr,agronews.gr,1,['462d813ba32b523c4b68af4f1299bf6dc24b3841'],['agronews'],['website'],['GREEN BOX A.E.'],['Attica'],['mt_websites'],False,https://www.facebook.com/AgroNews.gr/,https://x.com/agronewsgr?lang=en,https://www.youtube.com/user/agronews,False,False,False,True,True
https://aigaiotv.gr,aigaiotv.gr,1,['6b2a11f0d8b631c0ed3e159816d6f6d094230fc4'],['TV ΑΙΓΑΙΟ ΚΑΛΥΜΝΟΣ'],['tv'],['ΡΑΔΙΟΤΗΛΕΟΠΤΙΚΗ ΚΑΛΥΜΝΟΥ  Α.Ε.'],['Dodecanese'],['esr_tv_regional'],False,http://www.facebook.com/aigaiotv,http://twitter.com/#!/aigaio_tv,https://www.youtube.com/@aigaiotv1,True,False,False,False,False
https://aigialeia24.gr,aigialeia24.gr,1,['f0181dc04630b7fd4fbda73a358a850c59819f70'],['ΕΒΔΟΜΑΔΙΑΙΟΣ ΤΥΠΟΣ ΤΗΣ ΑΙΓΙΑΛΕΙΑΣ'],['newspaper'],['ΤΥΠΟΓΡΑΦΕΙΟ ΚΩΝΣΤΑΝΤΙΝΟΣ ΣΤΙΒΑΧΤΟΠΟΥΛΟΣ'],['Achaia'],['mt_press'],False,https://www.facebook.com/Aigialeia24gr/,,https://www.youtube.com/user/aigialeia24,False,False,True,False,False
https://aigiovoice.gr,aigiovoice.gr,1,['ebc9f1b33f72123ff343b9ef5ffa65a9b0e6c53d'],['aigiovoice'],['website'],['Aigiovoice'],['Achaia'],['mt_websites'],False,https://www.facebook.com/aigiovoice.gr,https://x.com/AigioVoice1,https://www.youtube.com/channel/UCeMuXg5gIEWp1QQxyFMYeYA,False,False,False,True,True
https://aixmi-news.gr,aixmi-news.gr,1,['2975dddf148bf167501417feccac51f6879b0832'],['ΑΙΧΜΗ ΑΙΤΩΛΟΑΚΑΡΝΑΝΙΑΣ'],['newspaper'],['ΑΙΧΜΗ ΑΙΤΩΛΟΑΚΑΡΝΑΝΙΑΣ'],['Aitoloakarnania'],['mt_press'],False,https://www.facebook.com/aixmiditikiellada,https://x.com/AIXMHnews,https://www.youtube.com/@energospolitis79,False,False,True,False,False
https://alerttv.com.gr,alerttv.com.gr,2,"['39e1dbef4f8f688f10b3c48b9f63c3ccde733002', '741e93747e89febddd0f9dad1ef27c89937b4a16']","['ALERT', 'ALTER CHANNEL']",['tv'],"['ΕΛΕΥΘΕΡΗ ΤΗΛΕΟΡΑΣΗ Α.Ε.', 'ΡΑΔΙΟΤΗΛΕΟΠΤΙΚΕΣ ΕKMΕΤΑΛΛΕΥΣΕΙΣ JERONIMO GROOVY AE']",['Attica'],"['esr_tv_national', 'esr_tv_regional']",False,https://www.facebook.com/people/Alerttvcomgr/100038170187066/,https://x.com/ALERTTV3,https://www.youtube.com/@AlertTVgr,True,False,False,False,False
https://alfavita.gr,alfavita.gr,1,['92a17e2f8360b68bad478a5d4ea65cfbfbe38b86'],['alfavita'],['website'],['KEYWEB ΕΠΙΚΟΙΝΩΝΙΕΣ ΕΕ'],['Attica'],['mt_websites'],False,https://www.facebook.com/alfavita.gr/,https://x.com/alfavita,,False,False,False,True,True
https://alithia.gr,alithia.gr,2,"['09faa53394886ccc7ee662297f742994e1574809', '4a9e8ce77917f44741b842a3c73d60aa345cbe0d']","['ΑΛΗΘΕΙΑ TV', 'ΧΙΟΣ ΡΑΔΙΟ ΑΛΗΘΕΙΑ']","['radio', 'tv']","['ΕΙΡΗΝΗ ΑΝΑΓΝΩΣΤΟΥ', 'ΤΗΛΕΟΠΤΙΚΕΣ ΕΠΙΧΕΙΡΗΣΕΙΣ ΑΛΗΘΕΙΑ Α.Ε.']",['Chios'],"['esr_radio', 'esr_tv_regional']",False,https://www.facebook.com/AlithiaMedia,https://www.twitter.com/alithiachios,https://www.youtube.com/channel/UCHblWnb-6Rt904hFql5cM5Q,True,True,False,False,False
https://alithianews.gr,alithianews.gr,2,"['d44cd56940e2e4f0d16947e5fb81153630104a50', 'e125ad868726fcf090b7f3c7513559c03d7bd738']","['ΑΛΗΘΕΙΑ ΤΗΣ ΚΑΡΔΙΤΣΑΣ - ΗΜΕΡΗΣΙΑ ΕΦΗΜΕΡΙΔΑ', 'ΑΛΗΘΕΙΑ ΤΗΣ ΚΥΡΙΑΚΗΣ - ΕΒΔΟΜΑΔΙΑΙΑ ΕΦΗΜΕΡΙΔΑ ΤΗΣ ΚΑΡΔΙΤΣΑΣ']",['newspaper'],['Η ΑΛΗΘΕΙΑ'],['Karditsa'],['mt_press'],False,https://www.facebook.com/efimeridaalithia,https://twitter.com/alithianews,,False,False,True,False,False
https://allaboutaris.gr,allaboutaris.gr,1,['fcf5795b5aa686ca3d3560d217655c23ce0feffa'],['allaboutaris'],['website'],['ALL ABOUT WEB'],['Thessaloniki'],['mt_websites'],False,https://www.facebook.com/AllAboutARIS/?locale=el_GR,https://x.com/AllAboutARIS,https://www.youtube.com/channel/UCiN6Dd38C-lmS0s9Asuy5FA,False,False,False,True,True
https://allstarbasket.gr,allstarbasket.gr,1,['87093af4b2031b7d4732c6682caabed9bd466ac6'],['allstarbasket'],['website'],['DIRECTION BUSINESS NETWORK'],['Attica'],['mt_websites'],False,https://www.facebook.com/AllStarBasket,https://x.com/AllStar_Mag,https://www.youtube.com/@allstarbasket565,False,False,False,True,True
https://alpha-news.gr,alpha-news.gr,2,"['476b97075255ce0886eba9036c0030289bcfbafd', 'f6d5f5b9de5540809579bb9bd554c8b5628c638a']","['ALPHA NEWS', 'alpha-news']","['radio', 'website']","['ALPHA NEWS DRAMA ΜΟΝΟΠΡΟΣΩΠΗ ΙΚΕ\nΑ ΓΕΜΗ 128866619000\nΝΟΜΙΜΟΣ ΕΚΠΡΟΣΩΠΟΣ: ΜΙΧΑΗΛ ΓΙΑΓΤΖΟΓΛΟΥ', 'ALPHA NEWS Drama']",['Drama'],"['esr_radio', 'mt_websites']",False,https://www.facebook.com/alphanewsfm/,https://twitter.com/alphanewsdrama,,False,True,False,True,False
https://alphafm.gr,alphafm.gr,1,['19899ecd1b12e880013e4c2ff6d3a816ec6be174'],"['ALPHA 94,7']",['radio'],['ΑΝΤΩΝΙΟΣ ΠΑΡΑΡΑΣ'],['Kastoria'],['esr_radio'],False,https://www.facebook.com/Alpha947,https://twitter.com/pararas?lang=el,https://www.youtube.com/channel/UC0kclFMJcT0kPP5kr104qLw,False,True,False,False,False
https://alphapatras.radiohype.gr,radiohype.gr,1,['6b8682b86c4b0076c32243bb52298de13fa7bf88'],['ALPHA ΠΑΤΡΑΣ'],['radio'],['ΡΑΔΙΟΤΗΛΕΟΠΤΙΚΗ ΔΥΤΙΚΗΣ ΕΛΛΑΔΑΣ ΜΟΝΟΠΡΟΣΩΠΗ ΕΠΕ\nΑ ΓΕΜΗ 036457216000\nΝΟΜΙΜΟΣ ΕΚΠΡΟΣΩΠΟΣ: ΜΙΧΑΗΛ ΣΑΡΑΝΤΙΔΗΣ'],['Achaia'],['esr_radio'],False,https://www.facebook.com/alphapatrasgr,,https://www.youtube.com/channel/UCq6MQs9EczamyQlR5c5gkLA,False,True,False,False,False
https://alpharadio989.gr,alpharadio989.gr,1,['6d05a11198d32e24a1bbad78b1fa3c220faa6741'],"['ALPHA RADIO 98,9']",['radio'],['ALPHA ΡΑΔΙΟΦΩΝΙΚΗ ΑΝΩΝΥΜΗ ΕΤΑΙΡΕΙΑ\nΑ ΓΕΜΗ 007951901000\nΝΟΜΙΜΟΣ ΕΚΠΡΟΣΩΠΟΣ: ΚΩΝΣΤΑΝΤΙΝΟΣ ΦΩΤΟΠΟΥΛΟΣ'],['Attica'],['esr_radio'],False,https://www.facebook.com/989alpharadio/,https://x.com/alpharadio989/,https://www.youtube.com/user/Alpha989Radio,False,True,False,False,False
https://alphatv.gr,alphatv.gr,2,"['4a9e8bdb7a5b2d586bc985a2792b093fb0152169', '64fbd904b47169301c2fd75b34b0e6de206f5eba']","['ALPHA', 'alphatv']","['tv', 'website']","['ALPHA', 'ALPHA ΔΟΡΥΦΟΡΙΚΗ ΤΗΛΕΟΡΑΣΗ Α.Ε.']",['Attica'],"['esr_tv_national', 'mt_websites']",False,https://www.facebook.com/alphatv,https://twitter.com/alphatvgreece,https://www.youtube.com/user/AlphaTVGreece,True,False,False,True,False
https://amarysia.gr,amarysia.gr,3,"['8102dd4116ef068a42697cc8caea6b83347220ff', '963552bdbcca3b4bf07632a46e5d1999aee92a29', 'e96038e6181478e0a78ce50bd7c6e2d226d765e3']","['amarysia', 'ΑΜΑΡΥΣΙΑ', 'ΚΑΘΗΜΕΡΙΝΗ ΑΜΑΡΥΣΙΑ']","['newspaper', 'website']",[],['Attica'],"['mt_press', 'mt_websites']",False,https://www.facebook.com/amarysia.gr/,,https://www.youtube.com/channel/UClG9fRjtoWxduQrLwAOjBRA,False,False,True,True,False
https://amarysianotia.gr,amarysianotia.gr,1,['6f12827e20df0adb2006be0f0a56df860a58ec20'],['amarysianotia'],['website'],[],['Attica'],['mt_websites'],False,https://www.facebook.com/amarysianotia.gr,,,False,False,False,True,True
https://amna.gr,amna.gr,1,['a29090539ed5ab8593ed48ce30b8f100820c2284'],['amna'],['website'],['ΑΠΕ ΜΠΕ ΑΕ'],['Attica'],['mt_websites'],False,https://www.facebook.com/amnanewsgr,https://x.com/amna_news?lang=el,https://www.youtube.com/channel/UCyKt5RULE8q6Sx7raYkxRSA,False,False,False,True,True
https://anagnostis.org,anagnostis.org,1,['58eaee3e63e3e3679eb702cad3f3ce4697067958'],['ΑΝΑΓΝΩΣΤΗΣ ΠΕΛΟΠΟΝΝΗΣΟΥ'],['newspaper'],['ΕΝΘΕΣΙΣ'],['Argolida'],['mt_press'],False,https://www.facebook.com/anagnostispeloponnisou/,https://x.com/anagnostispe,https://www.youtube.com/c/anagnostispe/videos,False,False,True,False,False
https://anatolh.com,anatolh.com,2,"['e46fee5267184b6ad49c5864f91e9016ea06881f', 'ee872ba06c54f3873b6be3abaff1ca217176ea68']","['ΑΝΑΤΟΛΗ', 'ΑΝΑΤΟΛΗ της ΚΥΡΙΑΚΗΣ']",['newspaper'],['ΑΝΑΤΟΛΗ'],['Lasithi'],['mt_press'],False,https://www.facebook.com/p/anatolhcom-100059272937544,https://x.com/anatolhcom,https://www.youtube.com/@anatolhcom,False,False,True,False,False
https://anatropinews.gr,anatropinews.gr,1,['6fc96301927c5636532f652499faf2b97ee5c553'],['anatropinews'],['website'],['S   P COM'],['Attica'],['mt_websites'],False,https://www.facebook.com/Anatropinews,https://www.twitter.com/anatropi_news,,False,False,False,True,True
https://anexartitos.gr,anexartitos.gr,1,['844799a1872975f35d141c1abe4db4a1ddc470a5'],['ΣΕΡΡΑΪΚΗ ΕΒΔΟΜΑΔΑ'],['newspaper'],[],['Serres'],['manual_independent'],True,,,,False,False,True,False,False
https://ant1aigaiou.gr,ant1aigaiou.gr,1,['cf2c88e7b7474935a12fc6dfce1a4c75facabb77'],['ΑΝΤΕΝΝΑ ΑΙΓΑΙΟΥ'],['radio'],['ΜΑΡΙΑ ΚΟΡΜΑΛΟΥ ΚΥΔΩΝΗ'],['Chios'],['esr_radio'],False,,,,False,True,False,False,False
https://ant1news.gr,ant1news.gr,1,['2c3d565dbd1f106d86c8398c3d0e0a29e26491f6'],['ant1news'],['website'],['ΑΝΤΕΝΝΑ T.V. ΜΟΝΟΠΡΟΣΩΠΗ A.E.'],['Attica'],['mt_websites'],False,https://www.facebook.com/Ant1news.gr/,https://x.com/antennanews,https://www.youtube.com/channel/UC0smvAbfczoN75dP0Hw4Pzw,False,False,False,True,True
https://ant1south.gr,ant1south.gr,1,['b06f1bede9ab8eea686cd060ed5cea3d433bbc37'],['ΑΝΤΕΝΝΑ ΝΟΤΙΑΣ ΕΛΛΑΔΑΣ'],['radio'],['ΡΑΔΙΟΦΩΝΙΑ ΝΟΤΙΟΥ ΠΕΛΟΠΟΝΝΗΣΟΥ Ε.Π.Ε.\nΑ ΓΕΜΗ 018367939000\nΝΟΜΙΜΟΣ ΕΚΠΡΟΣΩΠΟΣ: ΑΝΑΣΤΑΣΙΑ ΝΕΟΦΩΤΙΣΤΟΥ\nΝΟΜΙΜΟΣ ΕΚΠΡΟΣΩΠΟΣ: ΠΑΝΑΓΙΩΤΗΣ ΝΕΟΦΩΤΙΣΤΟΣ'],['Laconia'],['esr_radio'],False,https://www.facebook.com/ant1south/?locale=el_GR,,https://www.youtube.com/channel/UClw3vNQ-3H8BbZSR-kLRhVQ,False,True,False,False,False
https://antenna-star.gr,antenna-star.gr,1,['2fbae396b51b52558821f3c067f1aaea53e3feac'],"['ANTENNA STAR 105,8 FM']",['radio'],['FIRST CHOICE PROMOTION AGENCY ΜΟΝΟΠΡΟΣΩΠΗ ΙΚΕ\nΑ ΓΕΜΗ 159750601000\nΝΟΜΙΜΟΣ ΕΚΠΡΟΣΩΠΟΣ: ΜΑΡΙΑ ΜΠΑΣΔΕΚΗ\nΓΙΑ ΚΑΘΑΡΟΓΡΑΦΗ (ΕΣΡ 87/2025)'],['Aitoloakarnania'],['esr_radio'],False,https://www.facebook.com/AntennaStarRadioFM103.5/,,https://www.youtube.com/@antennastar1035,False,True,False,False,False
https://antenna.gr,antenna.gr,2,"['1b0a5430759a6b0106d0e91f5a9c899c3729876d', 'f0f7326d7b9bb049d0b97b08d85f4417ba0ed1b2']","['ANTENNA TV', 'antenna']","['tv', 'website']","['ΑΝΤΕΝΝΑ T.V. ΜΟΝΟΠΡΟΣΩΠΗ A.E.', 'ΑΝΤΕΝΝΑ T.V. ΜΟΝΟΠΡΟΣΩΠΗ ΑΝΩΝΥΜΟΣ ΕΤΑΙΡΕΙΑ']",['Attica'],"['esr_tv_national', 'mt_websites']",False,https://www.facebook.com/ANT1TV/,https://twitter.com/ant1tv,https://www.youtube.com/c/ant1tv,True,False,False,True,False
https://antennafm.gr,antennafm.gr,1,['01f686070ba73faff2308de7cc4b9cf12731cf20'],['ANTENNA ΔΥΤΙΚΗΣ ΚΡΗΤΗΣ'],['radio'],['ΕΠΑΜΕΙΝΩΝΔΑΣ ΑΝΕΖΑΚΗΣ'],['Chania'],['esr_radio'],False,https://www.facebook.com/Antenna971fm/?locale=el_GR,,,False,True,False,False,False
https://antennapatras.gr,antennapatras.gr,1,['41a4774cfe911c23a7adfb483e7ee6085ddc8687'],['ΑΝΤΕΝΝΑ ΑΧΑΙΑΣ'],['radio'],['ΡΑΔΙΟΦΩΝΙΑ ΑΧΑΪΑΣ ΜΟΝ. ΕΠΕ\nΑ ΓΕΜΗ 036457416000\nΝΟΜΙΜΟΣ ΕΚΠΡΟΣΩΠΟΣ: ΑΓΓΕΛΙΚΗ ΚΑΡΔΑΡΑΚΟΥ'],['Achaia'],['esr_radio'],False,https://www.facebook.com/antennapatras/?locale=el_GR,,https://www.youtube.com/channel/UCZWEaoi7EYQIMrM9N1ya6CA,False,True,False,False,False
https://antennes.gr,antennes.gr,1,['922299162d0ecbfde63e4d51af7adbef62ccde80'],['ΑΝΤΕΝΝΕΣ ΡΑΔΙΟ'],['radio'],['ΧΡΗΣΤΟΣ ΝΑΤΣΟΥΛΗΣ'],['Kastoria'],['esr_radio'],False,https://www.facebook.com/antenneskastoria/,https://x.com/antennesgr,https://www.youtube.com/channel/UCiFpKZdsZRjBi5zyfjrx25Q,False,True,False,False,False
https://antilalospress.gr,antilalospress.gr,2,"['d6ce52875d31442341e766fcb67c43d2f30b9ece', 'ece3df7d0a5714c8d20b3099679a4ca8e4972ec9']","['antilalospress', 'ΑΝΤΙΛΑΛΟΣ ΤΗΣ ΜΕΣΑΡΑΣ']","['newspaper', 'website']",[],['Iraklio'],"['mt_press', 'mt_websites']",False,https://www.facebook.com/antilalospress/,,https://www.youtube.com/channel/UCMq1llNnP5miQWXm46PUakQ,False,False,True,True,False
https://apopsilive.gr,apopsilive.gr,1,['601a7958f1b5e04d2b4e9e9e3c9fa98cedaa4166'],['ΑΠΟΨΗ ΤΟΥ ΝΟΤΟΥ'],['newspaper'],['ΜΑΘΙΟΥΔΑΚΗΣ ΜΕΝΤΙΑ ΑΕ'],['Iraklio'],['mt_press'],False,https://www.facebook.com/ApopsiLivegr-620053638146800,https://twitter.com/ApopsiLive,,False,False,True,False,False
https://apopsipellas.gr,apopsipellas.gr,1,['96ae97b43eb5faaf2d61d1b18286222b6989a732'],['apopsipellas'],['website'],['ΤΥΠΟΕΚΔΟΤΙΚΗ ΟΕ'],['Pella'],['mt_websites'],False,https://www.facebook.com/people/%CE%91%CE%A0%CE%9F%CE%A8%CE%97/100050373231634/?sk=about,,,False,False,False,True,True
https://appsradio.gr,appsradio.gr,1,['82762fdb3921871254a023d7a45a9ae4c41d72d6'],"['APPS RADIO 96,6']",['radio'],['Γ. ΚΟΛΟΚΟΤΡΩΝΗΣ ΚΑΙ ΣΙΑ ΟΕ \nΔΙΑΓΡΑΦΗ ΑΠΌ ΓΕΜΗ'],['Evros'],['esr_radio'],False,,,,False,True,False,False,False
https://arcadia938.gr,arcadia938.gr,1,['20a750c80ff40e8466842582deef40901e88ad92'],"['ARCADIA 93,8 FM']",['radio'],['ΠΕΛΟΠΟΝΝΗΣΟΣ MEDIA ΟΕ\nΑ ΓΕΜΗ 029284914000\nΝΟΜΙΜΟΣ ΕΚΠΡΟΣΩΠΟΣ: ΓΑΡΥΦΑΛΙΑ ΜΠΑΚΟΠΟΥΛΟΥ'],['Arcadia'],['esr_radio'],False,https://www.facebook.com/arcadia938/?locale=el_GR,https://x.com/RadioArcadia938,https://www.youtube.com/@arcadia938,False,True,False,False,False
https://argolikianaptiksi.gr,argolikianaptiksi.gr,1,['eb440f072d96331455cfa2f857dc3895e7775b95'],['ΑΡΓΟΛΙΚΗ ΑΝΑΠΤΥΞΗ'],['newspaper'],['ΑΡΓΟΛΙΚΗ ΑΝΑΠΤΥΞΗ'],['Argolida'],['mt_press'],False,https://www.facebook.com/argolikianaptiksi/,https://twitter.com/prooptiki?lang=el,,False,False,True,False,False
https://argonafplia.gr,argonafplia.gr,1,['24d593f1e1c09465f3dcc4f00fba16acb55a10c4'],['argonafplia'],['website'],['EVENTS AND MORE PC'],['Argolida'],['mt_websites'],False,https://www.facebook.com/argonafplia.gr/photos/,https://x.com/argonafpliagr,https://www.youtube.com/@ARGONAFPLIAOfficial,False,False,False,True,True
https://arkadikitv.gr,arkadikitv.gr,2,"['f11410893b01517980e048eb3e7c362c6a8efe0a', 'f8824639ecb5c58b5cc9533c9c5979291dad5100']","['ΑΡΚΑΔΙΚΗ', 'ΑΡΚΑΔΙΚΗ ΡΑΔΙΟΦΩΝΙΑ']","['radio', 'tv']","['ΑΡΚΑΔΙΚΗ ΤΗΛΕΟΡΑΣΗ A.E.', 'ΑΡΚΑΔΙΚΗ ΤΗΛΕΟΡΑΣΗ ΑΝΩΝΥΜΟΣ ΕΤΑΙΡΕΙΑ\nΑ ΓΕΜΗ 029116214000\nΝΟΜΙΜΟΣ ΕΚΠΡΟΣΩΠΟΣ: ΓΕΩΡΓΙΟΣ ΠΑΠΑΗΛΙΟΥ\nΝΟΜΙΜΟΣ ΕΚΠΡΟΣΩΠΟΣ: ΣΠΥΡΙΔΟΥΛΑ ΜΑΤΣΟΥΚΑ']",['Arcadia'],"['esr_radio', 'esr_tv_regional']",False,https://www.facebook.com/Arakdiki,,https://www.youtube.com/channel/UC_uyEgAF2ofwVYXJILw2M2w,True,True,False,False,False
https://arta2day.gr,arta2day.gr,1,['c3b09e77ef3f1302fc11dbca877bd3d2f7e8eb93'],['arta2day'],['website'],['ΠΑΠΠΑΣ ΚΩΝΣΤΑΝΤΙΝΟΣ'],['Aitoloakarnania'],['mt_websites'],False,,https://x.com/arta2day,https://www.youtube.com/@arta2day,False,False,False,True,True
https://arthro.gr,arthro.gr,1,['41a5678657e480051871fe2709af6741ab3e9b0d'],['arthro'],['website'],['LEVEL GROUP ΜΟΝΟΠΡΟΣΩΠΗ Ι Κ Ε'],['Attica'],['mt_websites'],False,https://www.facebook.com/arthrogr-110373053788394,https://twitter.com/GrArthro,https://youtube.com/channel/UCd8R6FiJqBD-4q9gcjQhKcg,False,False,False,True,True
https://arttv.gr,arttv.gr,2,"['8d2142a9b783dc4d398a668abbb6250e4874afc9', 'f31a946f0d22a103fbf12fe22a06123da14bc3f7']","['ART TV', 'arttv']",['tv'],['ART TV ΓΚΑΝΙΑΤΣΑΣ ΑΕ'],['Arta'],"['esr_tv_regional', 'manual_independent']",True,https://www.facebook.com/arttvsocial,,https://www.youtube.com/@arttvchannel9493,True,False,False,False,False
https://arttv.info,arttv.info,1,['5f94bade3bba7ee258187a643e1e0ba07660342b'],['ΑΡΤ'],['tv'],['CITY NEWS A.E.'],['Attica'],['esr_tv_regional'],False,https://www.facebook.com/arttvsocial/?locale=el_GR,,https://www.youtube.com/@ART-TVCHANNEL,True,False,False,False,False
https://astratv.gr,astratv.gr,2,"['c7d25bc3cca120f9f8a6d68d4996f1221887c787', 'dba7e23eb5a0c0c824600345ad8a903d534e2d06']","['ASTRA FM', 'ASTRA TV']","['radio', 'tv']","['ΡΑΔΙΟΤΗΛΕΟΠΤΙΚΕΣ ΕΠΙΧΕΙΡΗΣΕΙΣ  ΑSTRA A.E.', 'ΡΑΔΙΟΤΗΛΕΟΠΤΙΚΕΣ ΕΠΙΧΕΙΡΗΣΕΙΣ ASTRA A.E.\nΑ ΓΕΜΗ 050683644000\nΝΟΜΙΜΟΣ ΕΚΠΡΟΣΩΠΟΣ: ΠΑΝΑΓΙΩΤΑ ΤΣΙΡΤΟΓΛΟΥ']",['Magnesia'],"['esr_radio', 'esr_tv_regional']",False,https://www.facebook.com/astrafm973/?locale=el_GR,https://x.com/ASTRATV1,https://www.youtube.com/@astratvgreece7700,True,True,False,False,False
https://athensmagazine.gr,athensmagazine.gr,1,['a5973c33ca71c3ae6b753924758484ba860bc46c'],['athensmagazine'],['website'],[],['Attica'],['mt_websites'],False,https://www.facebook.com/athensmagazine.gr,https://twitter.com/athensmagazine,https://www.youtube.com/@TheAthensMagazineGr,False,False,False,True,True
https://athensvoice.gr,athensvoice.gr,2,"['b8699b4457a438c1b299d2cb2d74cbc7b0646c11', 'bd907ad2525e9d7a3a3552957ca32b101d292d0c']","['ATHENS VOICE', 'athensvoice']","['newspaper', 'website']",['ATHENS VOICE'],['Attica'],"['mt_press', 'mt_websites']",False,https://www.facebook.com/AthensVoice,,https://www.youtube.com/user/theathensvoice,False,False,True,True,False
https://athina984.gr,athina984.gr,1,['ce9cf644860eed0a9cec9cbcab0113bdeadcd0f5'],"['ΑΘΗΝΑ 9,84 FM STEREO']",['radio'],"['ΔΗΜΟΣ ΑΘΗΝΑΙΩΝ ΕΠΙΧ. ΡΑΔΙΟΦΩΝΙΑΣ ""ΑΘΗΝΑ"" (Δ.Ε.Ρ.Α)\nΝΟΜΙΜΟΣ ΕΚΠΡΟΣΩΠΟΣ: ΝΙΚΟΛΑΟΣ ΛΑΛΙΩΤΗΣ']",['Attica'],['esr_radio'],False,https://www.facebook.com/athina9.84fm/?locale=el_GR,https://x.com/984athina?lang=el,https://www.youtube.com/athina984fm,False,True,False,False,False
https://athinaikos-typos.gr,athinaikos-typos.gr,2,"['41041c88901986be0867f4708869c497e2cf1ab1', '47941cc09d8336c7f85207a7dbeed2307bb84096']","['athinaikos-typos', 'ΑΘΗΝΑΪΚΟΣ ΤΥΠΟΣ']","['newspaper', 'website']",[],['Attica'],"['mt_press', 'mt_websites']",False,https://www.facebook.com/AthinaikosTypos,,,False,False,True,True,False
https://athletic.gr,athletic.gr,1,['a2279f47c5cd589a5ca9ead5f5d1dcf6c36603b5'],['athletic'],['website'],['PR MEDIA ΜΟΝΟΠΡΟΣΩΠΗ ΙΚΕ'],['Iraklio'],['mt_websites'],False,,,,False,False,False,True,True
https://athmonionvima.gr,athmonionvima.gr,1,['b2d20075c2a7db93346afda20702b95a57d6c5e1'],['ΑΘΜΟΝΙΟΝ ΒΗΜΑ'],['newspaper'],['ΑΘΜΟΝΙΟΝ ΒΗΜΑ'],['Attica'],['mt_press'],False,https://www.facebook.com/athmonionvima.gr,,https://www.youtube.com/@%CE%91%CE%98%CE%9C%CE%9F%CE%9D%CE%99%CE%9F%CE%9D%CE%92%CE%97%CE%9C%CE%91,False,False,True,False,False
https://athnews.gr,athnews.gr,1,['e47a42fa4ac3619b08d22ed5f70f88a11cc8226a'],['ΑΘΗΝΑΙΚΑ ΝΕΑ'],['newspaper'],['ATHENS PUBLICATIONS SINGLE MEMBER PRIVATE COMPANYATIONS'],['Attica'],['mt_press'],False,https://www.facebook.com/AthensNews/,https://x.com/AthensNewsEU,,False,False,True,False,False
https://atlantea.news,atlantea.news,1,['dcba61f840733784c99a420cc4ab517092561774'],['atlantea'],['website'],[],['Cyclades'],['mt_websites'],False,https://www.facebook.com/atlanteanews/,https://twitter.com/atlantea_news,https://www.youtube.com/atlantea-webtv,False,False,False,True,True
https://attica-tv.gr,attica-tv.gr,1,['cf5383bf768965512872f28aaf7e026868d395e6'],['ATTICA TV'],['tv'],['ΔΗΜΟΤΙΚΗ ΕΠΙΧΕΙΡΗΣΗ ΤΗΛΕΟΡΑΣΗΣ  ΔΗΜΟΥ ΑΣΠΡΟΠΥΡΓΟΥ'],['Attica'],['esr_tv_regional'],False,https://www.facebook.com/AtticaTVgr/,https://x.com/AtticaTV_gr,,True,False,False,False,False
https://atticatimes.gr,atticatimes.gr,1,['7790bb020a94f27091110a2d84db9def6f09b1b7'],['atticatimes'],['website'],['ATTICA MEDIA GROUP'],['Attica'],['mt_websites'],False,https://www.facebook.com/atticatimes,https://x.com/atticatimes,https://www.youtube.com/channel/UCLTJSlJH6MxyCiB0S2CWJig,False,False,False,True,True
https://attikovima.gr,attikovima.gr,1,['3bdcd569c7d763681c0f71853649be89307d2150'],['ΑΤΤΙΚΟ ΒΗΜΑ'],['newspaper'],['ΑΤΤΙΚΟ ΒΗΜΑ MEDIA GROUP ΜΟΝ.Ι.Κ.Ε.'],['Attica'],['mt_press'],False,https://facebook.com/attikovima,https://twitter.com/attikovima,,False,False,True,False,False
https://avena.gr,avena.gr,1,['d916244824cfb5490ae877b4177b8a66fc4d4d86'],"['AVENA FM 97,7']",['radio'],['ΑΝΑΣΤΑΣΙΟΣ ΚΑΜΠΑΝΗΣ'],['Imathia'],['esr_radio'],False,,,https://www.youtube.com/@AvenaStudio,False,True,False,False,False
https://avgi.gr,avgi.gr,2,"['03bdf11300df2843bce20bc18e7f1bd9909ded71', '80b70ba0858f95361743d8bd5b25d681b104aaf8']","['105,5 ΣΤΟ ΚΟΚΚΙΝΟ', 'Η ΑΥΓΗ']","['newspaper', 'radio']","['LEFT MEDIA ΡΑΔΙΟΦΩΝΙΚΗ - ΤΗΛΕΟΠΤΙΚΗ Α.Ε\nΑ ΓΕΜΗ 006820001000\nΝΟΜΙΜΟΣ ΕΚΠΡΟΣΩΠΟΣ: ΚΩΝΣΤΑΝΤΙΝΟΣ ΝΙΚΟΛΤΣΙΟΣ', 'Η ΑΥΓΗ ΑΕ']",['Attica'],"['esr_radio', 'mt_press']",False,https://www.facebook.com/AvgiOnline,https://x.com/AvgiOnline,https://www.youtube.com/user/havgi,False,True,True,False,False
https://bankingnews.gr,bankingnews.gr,1,['de640a42c8200d1368071dcf4d3e775a46981a74'],['bankingnews'],['website'],['BANKINGNEWS MON.AE'],['Attica'],['mt_websites'],False,https://www.facebook.com/bankingnewsgr/,https://twitter.com/bankingnewsgr,,False,False,False,True,True
https://banks.com.gr,banks.com.gr,1,['00fe056bf82113e8623e2e5b58f484ce16752cbb'],['banks'],['website'],['ETHOS MEDIA AE'],['Attica'],['mt_websites'],False,https://www.facebook.com/Bankscomgr.News,,https://www.youtube.com/channel/UCGlYoCC2xt0vWEa-n-qPJkw,False,False,False,True,True
https://best-tv.gr,best-tv.gr,1,['6c8ecac34c6853562b5e3ef9df4fc0fce78118d2'],['BEST TV'],['tv'],['ΜΕΣΣΗΝΙΑΚΗ ΡΑΔΙΟΦΩΝΙΑ ΤΗΛΕΟΡΑΣΗ Α.Ε.'],['Messinia'],['esr_tv_regional'],False,https://www.facebook.com/bestkalamata/,https://x.com/BestTvKalamata,https://www.youtube.com/user/besttvkalamata,True,False,False,False,False
https://blueskytv.gr,blueskytv.gr,2,"['5ccc1a98b1879d88ae4a0293eef07e7a7e130b59', '92a3d138a3c81bea60aed8845ed1b0e9daa5c5fe']","['BLUE SKY', 'blueskytv']","['tv', 'website']","['BLUE SKY', 'ΓΕΝΙΚΕΣ ΡΑΔΙΟΤΗΛΕΟΠΤΙΚΕΣ ΕΠΙΧΕΙΡΗΣΕΙΣ   Α.Ε.']",['Attica'],"['esr_tv_regional', 'mt_websites']",False,https://www.facebook.com/blueskytv,https://twitter.com/blueskytvgr,https://www.youtube.com/blueskytv,True,False,False,True,False
https://boro.gr,boro.gr,1,['41b6e7a1479ee0806ffa76974e3611b834774778'],['boro'],['website'],['BORO'],['Attica'],['mt_websites'],False,https://www.facebook.com/anna.drouza.5,,https://www.youtube.com/channel/UCuGJLReC83dVlPH2VyiQsjg/videos,False,False,False,True,True
https://businessdaily.gr,businessdaily.gr,1,['3667e5706a3af763422974131a73a783af9bf6b6'],['businessdaily'],['website'],[],['Attica'],['mt_websites'],False,https://facebook.com/BusinessDaily1/,https://twitter.com/BusinessDaily9,,False,False,False,True,True
https://businessnews.gr,businessnews.gr,1,['a432c3312d0462f986b29b63b442773798e780bb'],['businessnews'],['website'],['DIRECTION BUSINESS NETWORK'],['Attica'],['mt_websites'],False,https://www.facebook.com/BusinessNews.gr/,https://x.com/businessnewsgr,,False,False,False,True,True
https://businessvoice.gr,businessvoice.gr,1,['6ca41412bad23466c7c0c1bf36e7be49142e1e0d'],['businessvoice'],['website'],['MEDIAHUB GROUP'],['Attica'],['mt_websites'],False,https://www.facebook.com/emeagr/,https://x.com/emea_gr,https://www.youtube.com/channel/UCREQMgqRCOIoJFtLjxk-uKA,False,False,False,True,True
https://capital.gr,capital.gr,1,['0d1f752d9a1e52598767dd12a6a9ac48b0b255ee'],['ΚΕΦΑΛΑΙΟ'],['newspaper'],['ΚΑΠΙΤΑΛ.GR AE'],['Attica'],['mt_press'],False,https://www.facebook.com/capital.gr,https://x.com/capitalgr?lang=en,https://www.youtube.com/channel/UCU-qRWNRh3ZbEpY_1CUtNzw,False,False,True,False,False
https://capitano.gr,capitano.gr,1,['3dfebf7a4076718ac1d22ecf1e664c6536f72088'],['capitano'],['website'],['OnMedia Digital MAE'],['Iraklio'],['mt_websites'],False,https://www.facebook.com/Capitanogr-345752789242159/,https://twitter.com/Capitano_Sports,,False,False,False,True,True
https://centertv.gr,centertv.gr,1,['c1983b10ca510e05b2a41af753abe3dc0862b84e'],['CENTER TV'],['tv'],['ΤΗΛΕΟΡΑΣΗ ΜΑΚΕΔΟΝΙΑΣ ΘΡΑΚΗΣ Α.Ε.'],['Kavala'],['esr_tv_regional'],False,https://www.facebook.com/centertv,,https://www.youtube.com/@centerwebtv,True,False,False,False,False
https://chalandri.gr,chalandri.gr,1,['2f7c8a7a2bfc54580718acdac6a44c1bbea706f6'],['ΕΝ ΔΗΜΩ Χαλανδρίου'],['newspaper'],['PALCO COMMEDIA-ΠΑΛΚΟ ΚΟΜΜΕΝΤΙΑ ΑΜΚΕ'],['Attica'],['mt_press'],False,https://www.facebook.com/p/%CE%95%CE%9D-%CE%94%CE%97%CE%9C%CE%A9-%CE%A7%CE%B1%CE%BB%CE%B1%CE%BD%CE%B4%CF%81%CE%AF%CE%BF%CF%85-100028131895162/,,,False,False,True,False,False
https://cinarfm.gr,cinarfm.gr,1,['90d9c50d1274271e764e987f003116afa2696b09'],['CINAR FM'],['radio'],['ΣΥΛΛΟΓΟΣ Ο ΠΛΑΤΑΝΟΣ'],['Rodopi'],['esr_radio'],False,,,,False,True,False,False,False
https://cnn.gr,cnn.gr,1,['ce19f51e34e1a531376fb0bcb71349ec2ddf8b8d'],['cnn'],['website'],['D.G. NEWSAGENCY Α.Ε.'],['Attica'],['mt_websites'],False,https://www.facebook.com/cnn.greece,https://twitter.com/CNNgreece,https://www.youtube.com/channel/UCA449AY-qrJsvE7HX8MZVog/videos,False,False,False,True,True
https://contra.gr,contra.gr,1,['107c99bf59ab55717a93302faa4723e1c58edc5d'],['contra'],['website'],['24 MEDIA Α.Ε ΨΗΦΙΑΚΩΝ ΕΦΑΡΜΟΓΩΝ'],['Attica'],['mt_websites'],False,https://www.facebook.com/contragr/,https://x.com/Contragr,,False,False,False,True,True
https://corfuchannel.com,corfuchannel.com,2,"['9929173f00c5d698571c8caf1ff852c10a905890', 'd7dc13ac6e74960e31686bc6262bffe4bbafc7f7']","['CORFU CHANNEL', 'ΕΦΗΜΕΡΙΔΑ ""ΕΠΙΣΗΜΑΝΣΕΙΣ ΤΗΣ ΚΥΡΙΑΚΗΣ""']","['newspaper', 'tv']","['CORFU CHANNEL SA', 'ΤΗΛΕΟΠΤΙΚΕΣ ΕΚΔΟΤΙΚΕΣ  ΕΜΠΟΡΙΚΕΣ ΕΠΙΧΕΙΡΗΣΕΙΣ ΚΕΡΚΥΡΑΣ Α.Ε.']",['Corfu'],"['esr_tv_regional', 'mt_press']",False,https://www.facebook.com/corfuchannel/?ref=page_internal,,https://www.youtube.com/@corfuchanneltileorasi,True,False,True,False,False
https://corfupress.com,corfupress.com,2,"['74864da191fcd1140f7d7c9e33afd9b134ed46b9', 'c6a6fc945982b20eccfc5d9f5f2f8091be32adf8']","['CORFUPRESS.COM', 'corfupress']","['newspaper', 'website']",[],['Corfu'],"['mt_press', 'mt_websites']",False,https://www.facebook.com/CorfuPress.com.Official/,https://twitter.com/corfupress,https://www.youtube.com/channel/UC38lHlcs0lAuvTghuS7Vd3Q,False,False,True,True,False
https://corfusports.com,corfusports.com,1,['d75fee7b047c8d912e188201a520ab8dd68ece0f'],['corfusports'],['website'],[],['Corfu'],['mt_websites'],False,https://www.facebook.com/corfusports/,,,False,False,False,True,True
https://creta24.gr,creta24.gr,1,['f807cf3cdf9d5ee39251b51e83166107db00114e'],['creta24'],['website'],['ΠΑΓΚΡΗΤΙΑ ΡΑΔΙΟΤΗΛΕΟΡΑΣΗ Α.Ε.'],['Iraklio'],['mt_websites'],False,https://www.facebook.com/creta24.gr/,https://twitter.com/creta24news,https://www.youtube.com/channel/UCBjb_pNOT0WQMh7QGHmajEA,False,False,False,True,True
https://cretalive.gr,cretalive.gr,1,['fad4c6a3018c630c653eccb22c90ed6e51aac1d3'],['cretalive'],['website'],['OnMedia Digital MAE'],['Iraklio'],['mt_websites'],False,https://www.facebook.com/cretalive/,https://www.twitter.com/cretalive/,https://www.youtube.com/channel/UCmzaIE6UCdRguV2hYXxDl_A,False,False,False,True,True
https://cretaone.gr,cretaone.gr,1,['75f8c3c6f919bd0ff23dffbd5f6da03dd4bcfc6f'],['cretaone'],['website'],['NEW VISION MEDIA'],['Iraklio'],['mt_websites'],False,https://www.facebook.com/cretaonegr/,https://twitter.com/cretaonegr,https://www.youtube.com/channel/UCwzjrcwPZXoW_iDkY76FbEQ,False,False,False,True,True
https://cretatimes.gr,cretatimes.gr,1,['5ae35acfc6851a5a5f52ca9049dc4ac372d8aa4a'],['cretatimes'],['website'],['NEW VISION MEDIA'],['Iraklio'],['mt_websites'],False,https://www.facebook.com/cretatimes/,,,False,False,False,True,True
https://cretetv.gr,cretetv.gr,2,"['391ed047aba5e3fffb4ca67efd11fd0f522bafc9', '7f5eb541de419300eea92d0cf55d942712aa38ff']","['cretetv', 'ΚΡΗΤΗ TV']","['tv', 'website']","['KPHTH TV', 'ΙΚΑΡΟΣ ΡΑΔΙΟΤΗΛΕΟΠΤΙΚΕΣ ΕΠΙΧΕΙΡΗΣΕΙΣ  ΑΕ.']",['Iraklio'],"['esr_tv_regional', 'mt_websites']",False,https://www.facebook.com/KPHTHTV/,https://x.com/krititv?lang=en,https://www.youtube.com/@kriti_tv,True,False,False,True,False
https://cyclades24.gr,cyclades24.gr,1,['7117cf3705faea0869c5ef4b30dd6aa1248d94bc'],['cyclades24'],['website'],['Σολάρης Γεώργιος'],['Cyclades'],['mt_websites'],False,https://www.facebook.com/cyclades24.gr/,https://twitter.com/cyclades24,https://www.youtube.com/channel/UCthKcM2JA69kNz2txL_wmMA,False,False,False,True,True
https://dailypost.gr,dailypost.gr,1,['2adff67fb959006847d02d3e347b688d6f72d389'],['dailypost'],['website'],['ΝΟΗΣΙΣ ΙΚΕ'],['Attica'],['mt_websites'],False,https://www.facebook.com/dailypost.gr/,https://twitter.com/DailyPostgr_,,False,False,False,True,True
https://dealnews.gr,dealnews.gr,1,['871f822ddbe53606e4d13cea4b9df55f8597414f'],['DEAL NEWS'],['newspaper'],['BUSINESS PUBLICATIONS'],['Attica'],['mt_press'],False,https://www.facebook.com/dealnewsonline,https://x.com/dealnewsgr1,https://www.youtube.com/channel/UCYYxGqkVjRc3qKeap_rKYcw,False,False,True,False,False
https://debater.gr,debater.gr,1,['7071084fe477d9c22d8c4aa70b57be1a10c0a8be'],['debater'],['website'],['CITIZEN MEDIA'],['Attica'],['mt_websites'],False,https://www.facebook.com/debatergr/,https://x.com/DebaterGr,,False,False,False,True,True
https://defence-point.gr,defence-point.gr,1,['9a7017c6ca80dd912b23ed66acfddeda1f5a70f4'],['defence-point'],['website'],[],['Attica'],['manual_independent'],True,https://www.facebook.com/defencepoint,https://x.com/Defencepointgr,https://www.youtube.com/defencepoint,False,False,False,True,True
https://deltatv.gr,deltatv.gr,3,"['52ba162674b2ce3c124a1d89735f9a69fc826067', 'eefe171fc16199f7aaf90e2a32fa621b84ab25de', 'fb20805870c6437715f8d4d489c74fe544e23057']","['deltatv', 'ΔΕΛΤΑ FM', 'ΔΕΛΤΑ TV']","['radio', 'tv', 'website']","['ΔΕΛΤΑ TV', 'ΔΕΛΤΑ ΤΗΛΕΟΡΑΣΗ Α.Ε', 'ΔΕΛΤΑ ΤΗΛΕΟΡΑΣΗ Α.Ε.\nΑ ΓΕΜΗ 054414821000\nΝΟΜΙΜΟΣ ΕΚΠΡΟΣΩΠΟΣ: ΚΑΤΕΡΙΝΑ ΚΑΛΕΝΤΕΡΙΔΟΥ']",['Evros'],"['esr_radio', 'esr_tv_regional', 'mt_websites']",False,https://www.facebook.com/deltatv.gr,,https://www.youtube.com/@deltatvthrakis,True,True,False,True,False
https://diafaneia.eu,diafaneia.eu,1,['d7b3700a0f8497187dc24b19551d3a3b44c61579'],['ΧΙΩΤΙΚΗ ΔΙΑΦΑΝΕΙΑ'],['newspaper'],['ΧΙΩΤΙΚΗ ΔΙΑΦΑΝΕΙΑ'],['Chios'],['mt_press'],False,https://www.facebook.com/p/%CE%A7%CE%B9%CF%8E%CF%84%CE%B9%CE%BA%CE%B7-%CE%94%CE%B9%CE%B1%CF%86%CE%AC%CE%BD%CE%B5%CE%B9%CE%B1-100063619356386/,,https://www.youtube.com/channel/UCfFdy2Y98Z1yoGQCLAS1lqg,False,False,True,False,False
https://diavima.gr,diavima.gr,1,['47849acef3ab6045d64a2911c2707835200153e1'],['ΔΙΑΒΗΜΑ'],['newspaper'],['ΔΙΑΒΗΜΑ'],['Boeotia'],['mt_press'],False,,,,False,False,True,False,False
https://diavlos924.gr,diavlos924.gr,2,"['b57f805b4adf07e3ff6fa2b82f734e4b8e15c631', 'd9d6df0b35e38a8f2282a2d9a25b7980cb74a2a7']","['diavlos924', 'ΔΙΑΥΛΟΣ ΡΟΔΟΠΗΣ']","['radio', 'website']","['ΔΙΑΥΛΟΣ ΡΟΔΟΠΗΣ 92,4', 'ΣΟΦΙΑ ΤΣΟΜΠΑΝΙΔΟΥ ΚΑΙ ΣΙΑ Ο.Ε. \nΑ ΓΕΜΗ 053665011000\nΝΟΜΙΜΟΣ ΕΚΠΡΟΣΩΠΟΣ: ΣΟΦΙΑ ΤΣΟΜΠΑΝΙΔΟΥ']",['Rodopi'],"['esr_radio', 'mt_websites']",False,https://www.facebook.com/diavlos924.gr/?locale=el_GR,,https://www.youtube.com/user/diavlos924,False,True,False,True,False
https://diavouleusi.gr,diavouleusi.gr,1,['d0aa941f2c0f304c069ad1b3d17f1e559706d515'],['ΘΕΣΠΡΩΤΩΝ ΔΙΑΒΟΥΛΕΥΣΗ'],['newspaper'],['ΤΥΠΟΡΓΑΝΩΣΗ'],['Thesprotia'],['mt_press'],False,http://www.facebook.gr/thesdiav,,,False,False,True,False,False
https://dikastiko.gr,dikastiko.gr,1,['439c4d2a598fc2c4491baa3db8a75f9e015d5357'],['dikastiko'],['website'],['dikastiko.gr'],['Attica'],['mt_websites'],False,https://www.facebook.com/dikastiko.gr/,https://twitter.com/Dikastiko_gr,,False,False,False,True,True
https://diktyo1.com,diktyo1.com,1,['b8dbf5ff194f80a94810d02115fddae6d90fb1fb'],['ΔΙΚΤΥΟ 1'],['tv'],['ΑΚΡΙΤΕΣ ΑΝΩΝΥΜΗ ΤΗΛΕΟΠΤΙΚΗ ΕΤΑΙΡΕΙΑ'],['Kastoria'],['esr_tv_regional'],False,,,https://www.youtube.com/@diktyo1,True,False,False,False,False
https://diktyotv.gr,diktyotv.gr,1,['7c5aaaf467a4cdf7364d8430d66501d71e8cd8b4'],['ΔΙΚΤΥΟ ΣΕΡΡΕΣ ΝΕ.Σ.Τ. - ΑΛΦΑ TV'],['tv'],['ΣΕΡΡΑΪΚΑ ΜΑΖΙΚΑ ΜΕΣΑ ΕΝΗΜΕΡΩΣΗΣ ΕΠΙΚΟΙΝΩΝΙΑΣ ΠΟΛΙΤΙΣΜΟΥ Α.Ε.'],['Serres'],['esr_tv_regional'],False,https://www.facebook.com/diktyotv,https://x.com/Diktyotvgr,https://www.youtube.com/@diktyotv2614/videos,True,False,False,False,False
https://dimokratia.gr,dimokratia.gr,2,"['a57069b2ad61da4ae466c18038d0b617514ddcd0', 'daa2b9e2f161c952459b3608b8d65884a4c2df5c']","['ΔΗΜΟΚΡΑΤΙΑ', 'ΚΥΡΙΑΚΑΤΙΚΗ ΔΗΜΟΚΡΑΤΙΑ']",['newspaper'],['ΔΗΜΟΚΡΑΤΙΚΗ ΕΝΗΜΕΡΩΣΗ Α.Ε.'],['Attica'],['mt_press'],False,https://www.facebook.com/dimokratianews.gr/,https://x.com/DimokratiaGr,https://www.youtube.com/channel/UCoWBLdXOq47P75wz63fyu5w,False,False,True,False,False
https://dimokratiki.gr,dimokratiki.gr,1,['0cfa698aa7c9b10940b72d9496183dbb4757b891'],['ΔΗΜΟΚΡΑΤΙΚΗ ΤΗΣ ΡΟΔΟΥ'],['newspaper'],['δημοκρατικη της Ρόδου'],['Dodecanese'],['mt_press'],False,https://www.facebook.com/dimokratiki/,https://x.com/dimokratikinews,,False,False,True,False,False
https://dimokratis.gr,dimokratis.gr,1,['6dae876f593f0def9e3cd32a060ae470cd4dd312'],['ΔΗΜΟΚΡΑΤΗΣ'],['newspaper'],['ΔΗΜΟΚΡΑΤΗΣ'],['Lesvos'],['mt_press'],False,https://www.facebook.com/pages/%CE%95%CE%A6%CE%97%CE%9C%CE%95%CE%A1%CE%99%CE%94%CE%91-%CE%94%CE%97%CE%9C%CE%9F%CE%9A%CE%A1%CE%91%CE%A4%CE%97%CE%A3/189699401059919,,,False,False,True,False,False
https://dimosio.gr,dimosio.gr,1,['98d04b42e03a591d6d5252748fa2945345c59af3'],['dimosio'],['website'],['LEVEL GROUP ΜΟΝΟΠΡΟΣΩΠΗ Ι Κ Ε'],['Attica'],['mt_websites'],False,https://www.facebook.com/dimosio.gr/,https://twitter.com/dimosio_gr,,False,False,False,True,True
https://dimotikoradiofono.gr,dimotikoradiofono.gr,1,['e00ae0f12cb697f3688470b196285035eabf73a3'],"['ΔΗΜΟΤΙΚΟ ΡΑΔΙΟΦΩΝΟ 98,7 FM']",['radio'],['ΔΗΜΟΤΙΚΗ ΕΠΙΧΕΙΡΗΣΗ ΠΛΗΡΟΦΟΡΗΣΗΣ ΕΝΗΜΕΡΩΣΗ ΙΩΑΝΝΙΝΩΝ'],['Ioannina'],['esr_radio'],False,,,,False,True,False,False,False
https://diontv.gr,diontv.gr,1,['abbf9e8925869114474f793455f88f4d99110029'],['DION TV'],['tv'],['ΠΟΝΤΟΣ ΤΗΛΕΟΡΑΣΗ Α.Ε.'],['Thessaloniki'],['esr_tv_regional'],False,https://www.facebook.com/DIONMAKEDONIA/,https://x.com/DionTvKMak,https://www.youtube.com/@diontileorash,True,False,False,False,False
https://ditiki.gr,ditiki.gr,1,['6a7919a5a1514ee5db01b7afc4d443a67fbbe6b1'],['ΔΥΤΙΚΗ ΜΑΚΕΔΟΝΙΑ'],['newspaper'],[],['Kozani'],['manual_independent'],True,https://www.facebook.com/Ditiki,https://www.twitter.com/ditiki_gr,,False,False,True,False,False
https://dnews.gr,dnews.gr,1,['d75165116705ac1bc619607e8ac7900fec506c6f'],['dnews'],['website'],['OPINIONPOST AE'],['Attica'],['mt_websites'],False,https://www.facebook.com/dikaiologitika,https://twitter.com/dikaiologitika,https://www.youtube.com/channel/UCQnilFuPdrMaH6Jo2-uECFA/featured,False,False,False,True,True
https://documentonews.gr,documentonews.gr,1,['f6f528648f028ff257a48b9b408872a8932f95b6'],['DOCUMENTO'],['newspaper'],['DOCUMENTO MEDIA'],['Attica'],['mt_press'],False,https://www.facebook.com/documentonews.gr,https://x.com/documentonews,https://www.youtube.com/c/DocumentoTv,False,False,True,False,False
https://dpress.gr,dpress.gr,1,['0fb63c362c96c402b6b6dbf92214e30bdde27f32'],['dpress'],['website'],['POLITIK'],['Attica'],['mt_websites'],False,,,,False,False,False,True,True
https://dreamfm.gr,dreamfm.gr,1,['fd13c9622aa7b085bcdd21838863013a5d6e02fb'],['DREAM FM'],['radio'],['ΕΥΣΤΡΑΤΙΟΣ ΚΥΔΩΝΑΚΗΣ ΚΑΙ ΣΙΑ Ο.Ε..\nΑ ΓΕΜΗ 77011627000\nΝΟΜΙΜΟΣ ΕΚΠΡΟΣΩΠΟΣ: ΕΥΣΤΡΑΤΙΟΣ ΚΥΔΩΝΑΚΗΣ'],['Iraklio'],['esr_radio'],False,https://www.facebook.com/dreamfm907/?locale=el_GR,https://x.com/906dream,https://www.youtube.com/user/dream906fm,False,True,False,False,False
https://drt915.gr,drt915.gr,1,['fd5d9345e3d37d68ac8c9ee7f7e59e0d4689c9ca'],['ΔΗΜΟΤΙΚΗ ΡΑΔΙΟΦΩΝΙΑ ΤΡΙΠΟΛΗΣ'],['radio'],['ΔΗΜΟΤΙΚΗ ΕΠΙΧΕΙΡΗΣΗ ΠΛΗΡΟΦΟΡΗΣΗΣ ΚΑΙ ΕΠΙΚΟΙΝΩΝΙΑΣ ΔΗΜΟΥ ΤΡΙΠΟΛΗΣ\n(Δ.Ε.Π.Ε ΔΗΜΟΥ ΤΡΙΠΟΛΗΣ)\nΝΟΜΙΜΟΣ ΕΚΠΡΟΣΩΠΟΣ: ΓΕΩΡΓΙΟΣ ΣΠΗΛΙΟΠΟΥΛΟΣ'],['Arcadia'],['esr_radio'],False,https://www.facebook.com/drt915/?locale=el_GR,https://x.com/drt915,https://www.youtube.com/@drt915news/videos,False,True,False,False,False
https://dytikafm.gr,dytikafm.gr,1,['5de46b121224ee4e0fa0892f8ba753e8eca809d9'],"['ΔΥΤΙΚΑ FM 88,1']",['radio'],['ΣΥΝΕΙΔΗΣΗ ΑΝΩΝΥΜΟΣ ΕΤΑΙΡΕΙΑ\nΑ ΓΕΜΗ 028396612000\nΝΟΜΙΜΟΣ ΕΚΠΡΟΣΩΠΟΣ: ΚΩΝΣΤΑΝΤΙΝΑ ΣΑΜΑΡΑ'],['Aitoloakarnania'],['esr_radio'],False,,,,False,True,False,False,False
https://e-almyros.gr,e-almyros.gr,1,['961154bdad4631c221327cac9c371b2fbfc4504d'],['ΛΑΟΣ ΤΗΣ ΜΑΓΝΗΣΙΑΣ'],['newspaper'],['Μαγνήτης'],['Magnesia'],['mt_press'],False,https://www.facebook.com/LaosTisMagnisias,,https://www.youtube.com/channel/UCPSG9-A9nP6qgjaxNa5_Ghg,False,False,True,False,False
https://e-gortynia.gr,e-gortynia.gr,1,['92a79af0bbb657675f87d644c9802118710bdb5c'],['Γορτυνία'],['newspaper'],['ΓΟΡΤΥΝΙΑ'],['Attica'],['mt_press'],False,https://www.facebook.com/gortynia.newspaper/,,https://www.youtube.com/@egortynia,False,False,True,False,False
https://e-grammi.gr,e-grammi.gr,2,"['29825979c99d7cd293e83edf17ab056a32541f8e', 'c43e166e5c73194c456b55855dde0823be2c7927']","['e-grammi', 'ΓΡΑΜΜΗ']","['newspaper', 'website']",[],['Attica'],"['mt_press', 'mt_websites']",False,https://www.facebook.com/efimeridagrammi/,https://twitter.com/GRAMMIefimerida,,False,False,True,True,False
https://e-maistros.gr,e-maistros.gr,1,['9bb5c70b6d56d3dd3b5fa0fa44a6b8e2d7414ae1'],['e-maistros'],['website'],['ΠΑΠΠΑΣ ΚΩΝΣΤΑΝΤΙΝΟΣ'],['Aitoloakarnania'],['mt_websites'],False,https://www.facebook.com/EfimeridaMaistros/,,https://www.youtube.com/@emaistros,False,False,False,True,True
https://e-mesara.gr,e-mesara.gr,1,['f816dccba3a1ff0e927ef0330dafc32a0057a4a7'],['e-mesara'],['website'],['www.e-mesara.gr'],['Iraklio'],['mt_websites'],False,https://www.facebook.com/p/e-mesaragr-100064034350554/,https://x.com/e_mesara,,False,False,False,True,True
https://e-ota.gr,e-ota.gr,1,['43daab3dcf47fe53c5b53d565cccdb30bc205af9'],['e-ota'],['website'],['POWERGAME MEDIA Ι.Κ.Ε'],['Attica'],['mt_websites'],False,https://www.facebook.com/eotagr/,,https://www.youtube.com/c/parapolitikagrofficial/videos,False,False,False,True,True
https://e-ptolemeos.gr,e-ptolemeos.gr,2,"['93bc26815176d91d7201765acf2e1ee9ef67b1c4', 'a044ce23196627f5ddbe3d5beb668476cb561fbd']","['ΕΟΡΔΑΪΚΟΣ ΠΑΛΜΟΣ', 'ΠΤΟΛΕΜΑΙΟΣ']",['newspaper'],['ΡΟΔΟΝ ΕΚΔΟΤΙΚΗ ΕΕ'],['Kozani'],['mt_press'],False,https://www.facebook.com/ptolemeos.news/,https://x.com/eptolemeos?lang=en,https://www.youtube.com/user/eptolemeos,False,False,True,False,False
https://ebdomi.com,ebdomi.com,1,['a5e86205855282dbb574de61e51a1f16ee30f9a8'],['Εβδόμη της Ανατολικής Αττικής'],['newspaper'],['Εκδόσεις Σκαραβαίος'],['Attica'],['mt_press'],False,https://www.facebook.com/ebdomi/,https://x.com/ebdomi,,False,False,True,False,False
https://echoflorina.gr,echoflorina.gr,1,['660d24050df4ed99465837dcbc6efaf8142f6553'],"['ΕΒΔΟΜΑΔΙΑΙΑ ΕΦΗΜΕΡΙΔΑ ""ηχώ"" ΦΛΩΡΙΝΑΣ']",['newspaper'],"['""ηχώ"" Φλώρινας']",['Florina'],['mt_press'],False,https://facebook.com/ixoflorinas,,https://youtube.com/ixoflo,False,False,True,False,False
https://economico.gr,economico.gr,1,['2809c69765177b3d62b15b27e5a12c977b97234d'],['economico'],['website'],['ECONOMICO ΕΙΔΗΣΕΟΓΡΑΦΙΚΗ Α.Ε.'],['Attica'],['mt_websites'],False,https://www.facebook.com/economico.greece/,https://twitter.com/Economiconews,,False,False,False,True,True
https://economistas.gr,economistas.gr,1,['15e65e043559cd3a691870231279a800b406fe8c'],['economistas'],['website'],[],['Attica'],['mt_websites'],False,https://www.facebook.com/economistasgr,https://twitter.com/economistasgr,,False,False,False,True,True
https://ecopress.gr,ecopress.gr,1,['e0a46aca69681fd5170c144300b324b4c1d77315'],['ecopress'],['website'],['ΑΠ ΜΜΕ ΚΟΙΝΣΕΠ'],['Attica'],['mt_websites'],False,,,,False,False,False,True,True
https://ecozen.gr,ecozen.gr,1,['d4123bf556627e0c6f760b0366cfae0a00530311'],['ecozen'],['website'],['SMART PRESS ΑΕ'],['Attica'],['mt_websites'],False,https://www.facebook.com/ecozengr/,https://twitter.com/ecozengr,,False,False,False,True,True
https://edessaiki.gr,edessaiki.gr,1,['1a63d45bbb2078c4c603659aa1d99705f6078907'],['ΕΔΕΣΣΑΪΚΗ'],['newspaper'],['BAΓΟΥΡΔΗΣ MEDIA GROUP IKE'],['Pella'],['mt_press'],False,http://facebook.com/edessaikigr,https://twitter.com/edessaiki,http://youtube/,False,False,True,False,False
https://edromos.gr,edromos.gr,1,['ddb3368d49ec0626313eed546a9a42bb697a1bc4'],['ΔΡΟΜΟΣ ΤΗΣ ΑΡΙΣΤΕΡΑΣ'],['newspaper'],[],['Attica'],['manual_independent'],True,https://www.facebook.com/DromosThsAristeras,https://twitter.com/edromos,https://www.youtube.com/channel/UCdrIGHBy2hftZXeJsiMb6GA,False,False,True,False,False
https://efimeridakavala.gr,efimeridakavala.gr,1,['f4c9b1b68b7890680a34b858a4ef44c1129e7842'],['ΚΑΒΑΛΑ'],['newspaper'],['efimeridakavala.gr'],['Kavala'],['mt_press'],False,https://www.facebook.com/efimeridakavala,,,False,False,True,False,False
https://efkozani.gr,efkozani.gr,1,['21855ead6cab2edf3b3c5d737fe92cc0584b445c'],['efkozani'],['website'],['ΙΩΑΝΝΗΣ ΣΑΛΑΚΙΔΗΣ'],['Kozani'],['mt_websites'],False,https://www.facebook.com/www.efkozani.gr/,https://x.com/o8S936cNzLFoYB8,https://www.youtube.com/channel/UCP_yl4WjP1Xjyoje7YaAMGA,False,False,False,True,True
https://efsyn.gr,efsyn.gr,2,"['4c1723b6cfb8a6736c2c0c22a916cca3cd587126', '9340765db6071324c50a48868b2b66e68ea99f02']","['Η ΕΦΗΜΕΡΙΔΑ ΤΩΝ ΣΥΝΤΑΚΤΩΝ', 'Η ΕΦΗΜΕΡΙΔΑ ΤΩΝ ΣΥΝΤΑΚΤΩΝ ΣΑΒΒΑΤΟΚΥΡΙΑΚΟ']",['newspaper'],['Η ΕΦΗΜΕΡΙΔΑ ΤΩΝ ΣΥΝΤΑΚΤΩΝ'],['Attica'],['mt_press'],False,https://www.facebook.com/efimerida.syntakton/,https://twitter.com/EFSYNTAKTON,https://www.youtube.com/@user-efsyn,False,False,True,False,False
https://egnatianews.gr,egnatianews.gr,2,"['1e35ae16c95a7860c41969265f314c14aeea3705', 'ccc4c0a0e658b4aade046f70518851a5935888b3']",['egnatianews'],['website'],['ΡΟΔΟΝ ΕΚΔΟΤΙΚΗ ΕΕ'],['Kozani'],['mt_websites'],False,https://www.facebook.com/egnatianews.gr/,,,False,False,False,True,True
https://egnomi.gr,egnomi.gr,1,['8a8bb2e5023ffd06136a4147ece46cb3815035ef'],['ΕΥΒΟΙΚΗ ΓΝΩΜΗ'],['newspaper'],['ΕΥΒΟΙΚΗ ΓΝΩΜΗ'],['Evia'],['mt_press'],False,https://www.facebook.com/evoiki.gnomi/,https://x.com/EGNOMI,https://www.youtube.com/channel/UClnJmY9jcxVhUg50ZER8_7A,False,False,True,False,False
https://eidisis.gr,eidisis.gr,3,"['18ca029bcd7872fdd3d08850b8269d5c18a108ff', '5675ed8d9bc8da8aefaaa6802c0a28af7365555d', 'a59f2db8ac8bb94dda543017e7090aae69e488d8']","['eidisis', 'ΕΙΔΗΣΕΙΣ του Κιλκίς', 'ΠΡΩΙΝΗ του Κιλκίς']","['newspaper', 'website']",[],['Kilkis'],"['mt_press', 'mt_websites']",False,https://www.facebook.com/eidisis.gr,https://x.com/EidisisGr,https://www.youtube.com/user/eidisisgr,False,False,True,True,False
https://ekathimerini.com,ekathimerini.com,1,['8a823f1bb7b2d8e2b335cc344ff845928524a610'],['ekathimerini'],['website'],['Η ΚΑΘΗΜΕΡΙΝΗ ΜΟΝΟΠΡΟΣΩΠΗ ΑΝΩΝΥΜΗ ΕΤΑΙΡΕΙΑ'],['Attica'],['mt_websites'],False,https://www.facebook.com/ekathimerinicom,https://twitter.com/ekathimerini,,False,False,False,True,True
https://ekfrasi97.gr,ekfrasi97.gr,1,['0acf75b084bd290c580b47e1adc5c148a0aaaa6b'],['ΕΚΦΡΑΣΗ FM'],['radio'],['ΣΠΥΡΙΔΩΝ ΚΛΑΔΗΣ'],['Dodecanese'],['esr_radio'],False,https://www.facebook.com/ekfrasi97/,,https://www.youtube.com/@Ekfrasi97,False,True,False,False,False
https://ekriti.gr,ekriti.gr,2,"['917c1a8b680d666ca1664258ea54936b235284e2', 'f893fcda7649cec989f3241c714194aa82caf731']","['ekriti', 'Ρ/Σ ΡΑΔΙΟ ΚΡΗΤΗ']","['radio', 'website']","['Β. ΣΚΟΥΤΑΡΑΣ ΡΑΔΙΟΤΗΛΕΟΠΤΙΚΕΣ ΕΠΙΧΕΙΡΗΣΕΙΣ ΚΑΙ ΥΠΗΡΕΣΙΕΣ ΠΛΗΡΟΦΟΡΙΚΗΣ Α.Ε.\nΑ ΓΕΜΗ 077895927000\nΝΟΜΙΜΟΣ ΕΚΠΡΟΣΩΠΟΣ: ΦΩΤΕΙΝΗ ΣΚΟΥΤΑΡΑ', 'ΡΑΔΙΟ ΚΡΗΤΗ']",['Iraklio'],"['esr_radio', 'mt_websites']",False,https://www.facebook.com/ekriti.gr,https://twitter.com/ekriti_gr,https://www.youtube.com/@ekritigr-fq6ys,False,True,False,True,False
https://elassonanews.gr,elassonanews.gr,1,['d582a847278cfdcd2a3990e25063f9bafc96bc77'],['elassonanews'],['website'],['elassonanews.gr'],['Larissa'],['mt_websites'],False,https://www.facebook.com/elassonanews,https://twitter.com/elassonanews,,False,False,False,True,True
https://ele.gr,ele.gr,1,['439feb8bec5c20a655c6d0bb8e06e820e612ccd6'],['ΕΛΕΥΘΕΡΙΑ ΗΠΕΙΡΟΥ'],['newspaper'],['ΕΛΕΥΘΕΡΙΑ ΗΠΕΙΡΟΥ'],['Ioannina'],['mt_press'],False,,,,False,False,True,False,False
https://eleftheria.gr,eleftheria.gr,1,['a820264d8ce1f0140a9dcb141ab79c40118e99dd'],['ΕΛΕΥΘΕΡΙΑ'],['newspaper'],['ΕΛΕΥΘΕΡΙΑ'],['Larissa'],['mt_press'],False,https://www.facebook.com/eleftherianewspaper/,https://x.com/eleftheriagr,https://www.youtube.com/@EleftheriaNewspaper,False,False,True,False,False
https://eleftheriaonline.gr,eleftheriaonline.gr,2,"['5ae485065a05044fa44cc884608a7ed9dbd4b8ba', 'a393b282d9654d55b9e7c1bbd3f591b46297bb41']","['ΕΛΕΥΘΕΡΙΑ', 'ΕΛΕΥΘΕΡΙΑ ΤΗΣ ΔΕΥΤΕΡΑΣ']",['newspaper'],['ΕΛΕΥΘΕΡΙΑ ΕΚΔΟΤΙΚΗ ΑΕ'],['Messinia'],['mt_press'],False,https://www.facebook.com/eleftheriaonline,https://x.com/eleftherianews,https://www.youtube.com/user/Eleftheriaonline,False,False,True,False,False
https://eleftherostypos.gr,eleftherostypos.gr,2,"['84d148eac59723f1620f6de1d6e09fa5d30a5f28', '905c9d19e19b32380b871d64e65ece6194349a5c']","['eleftherostypos', 'ΕΛΕΥΘΕΡΟΣ ΤΥΠΟΣ']","['newspaper', 'website']",['SABD ΕΚΔΟΤΙΚΗ ΑΕ'],['Attica'],"['mt_press', 'mt_websites']",False,https://www.facebook.com/EleftherosTypos,https://x.com/etyposgr,https://www.youtube.com/@eleftherostyposgr,False,False,True,True,False
https://elkosmos.gr,elkosmos.gr,1,['a05fa2858544811f227d15b47817b44f3a2fb7bd'],['ΕΛΕΥΘΕΡΟΣ ΚΟΣΜΟΣ'],['website'],[],['Attica'],['manual_independent'],True,https://www.facebook.com/Elkosmosnewsgr,,,False,False,False,True,True
https://ellada24.gr,ellada24.gr,1,['8caf3661bec8332ca5597c9d88501d982633d182'],['ellada24'],['website'],['ADJUSTMENT IKE'],['Attica'],['mt_websites'],False,https://www.facebook.com/ellada24,https://twitter.com/ellada24,https://www.youtube.com/channel/UCc7v9dBvRptCoLTujj5H8JA,False,False,False,True,True
https://elladafm.gr,elladafm.gr,1,['654740b0dbed629ddd40a91fc2a11011e5ff4c18'],"['ΕΛΛΑΔΑ FM 94,3']",['radio'],['HELLAS MEDIA GROUP IKE (ΠΡΩΗΝ ΡΑΔΙΟ ΑΤΤΙΚΗΣ ΠΡΩΤΟ ΠΛΑΝΟ ΙΚΕ)\nΑ ΓΕΜΗ 134207708000\nΝΟΜΙΜΟΣ ΕΚΠΡΟΣΩΠΟΣ: ΕΛΕΝΗ ΖΩΗ'],['Attica'],['esr_radio'],False,https://www.facebook.com/ellada943fm,,,False,True,False,False,False
https://ellinikahoaxes.gr,ellinikahoaxes.gr,1,['6ac6694da7c5d28ea19d117e7475b056ef507943'],['ellinikahoaxes'],['website'],['ΕLLΙΝΙΚΑ ΗΟΑΧΕS'],['Thessaloniki'],['mt_websites'],False,https://www.youtube.com/channel/UCiN6Dd38C-lmS0s9Asuy5FA,https://twitter.com/ellinikahoaxes,https://www.youtube.com/channel/UCFmsAmrK8CB3bh80snfxQyQ,False,False,False,True,True
https://elora.gr,elora.gr,2,"['9f84b21c18809b8a3de58a73c5cccde435839b69', 'e37ee5377b875a7351762ae50825d75d6d2e221f']","['ΕΛΕΥΘΕΡΗ ΩΡΑ', 'ΕΛΕΥΘΕΡΗ ΩΡΑ ΚΥΡΙΑΚΗΣ']",['newspaper'],['M V PRESS'],['Attica'],['mt_press'],False,https://www.facebook.com/eleftheriora,https://twitter.com/ElftheriOra,,False,False,True,False,False
https://elthraki.gr,elthraki.gr,1,['736cba0187bdabe17fc389ffafd8ad7469e2352b'],['ΕΛΕΥΘΕΡΗ ΘΡΑΚΗ'],['newspaper'],['ΕΛΕΥΘΕΡΗ ΘΡΑΚΗ'],['Evros'],['mt_press'],False,https://www.facebook.com/elthraki/,,https://www.youtube.com/user/thrakinet,False,False,True,False,False
https://emakedonia.gr,emakedonia.gr,1,['b15f19818fd096e4d5a2ece4e4f7ada30f03c14c'],['ΜΑΚΕΔΟΝΙΑ ΤΗΣ ΚΥΡΙΑΚΗΣ'],['newspaper'],['ΜΑΚΕΔΟΝΙΑ ΑΕ'],['Thessaloniki'],['mt_press'],False,https://www.facebook.com/emakedonia,https://x.com/makedonia_efim,https://www.youtube.com/@%CE%95%CF%86%CE%B7%CE%BC%CE%B5%CF%81%CE%AF%CE%B4%CE%B1%CE%9C%CE%B1%CE%BA%CE%B5%CE%B4%CE%BF%CE%BD%CE%AF%CE%B1-%CE%BA4%CE%BB,False,False,True,False,False
https://empam.gr,empam.gr,1,['85a6a2a527a75b0d4336cdbd4d10c6715ccd9fcf'],['ΜΠΑΜ ΣΤΟ ΡΕΠΟΡΤΑΖ'],['newspaper'],['MPAM MEDIA M. I.K.E'],['Attica'],['mt_press'],False,https://www.facebook.com/efmpam/?locale=el_GR,https://x.com/Mpamnews,https://www.youtube.com/playlist?list=PL_0TCbexqUswKGdpfUVqD0x7BoZDELnR7,False,False,True,False,False
https://empros.gr,empros.gr,1,['a415715288a6de134ffc2b3fba12ecb87046c560'],['ΕΜΠΡΟΣ Ξάνθης'],['newspaper'],['ΕΜΠΡΟΣ της Ξάνθης'],['Xanthi'],['mt_press'],False,https://www.facebook.com/efhmeridaempros/,https://twitter.com/Empros_xanthis,,False,False,True,False,False
https://emprosnet.gr,emprosnet.gr,1,['b0badb88afec63f99ad92083333b98ebcc7548f2'],['ΕΦΗΜΕΡΙΔΑ ΕΜΠΡΟΣ'],['newspaper'],['ΕΜΠΡΟΣ'],['Lesvos'],['mt_press'],False,https://www.facebook.com/emprosnet/,,https://www.youtube.com/channel/UCt2TvXb-D_ID-ILOI15QOVg,False,False,True,False,False
https://enachannel.gr,enachannel.gr,2,"['167508e7fa0a84dd62ed620a5a31a74751a6a18f', '63ec91c0d86a3aa586cfd11556c04236d8aa2b6a']","['ENA CHANNEL', 'enachannel']","['tv', 'website']","['ENA CHANNEL', 'ΡΑΔΙΟΤΗΛΕΟΠΤΙΚΗ ΚΑΒΑΛΑΣ Α.Ε.']",['Kavala'],"['esr_tv_regional', 'mt_websites']",False,https://www.facebook.com/enachannel.gr/,,https://www.youtube.com/channel/UC_E3ROtebnZXH708dOeBgDQ,True,False,False,True,False
https://enanews.gr,enanews.gr,1,['9eb5ea968591c77bdbe77042558e0dfe15652392'],['ΑΝΑΛΥΤΗΣ'],['newspaper'],['ΔΙΑΣΤΑΣΗ'],['Kavala'],['mt_press'],False,https://www.facebook.com/analitis.ena/?locale=el_GR,,,False,False,True,False,False
https://enaradio.gr,enaradio.gr,1,['033a7fbfab463b22fe30af7ec8ae09a6ac3d77d8'],['ΕΝΑ RADIO'],['radio'],['Ε.ΧΑΤΖΗΚΩΝΣΤΑΝΤΙΝΟΥ - Μ.ΚΕΛΑΙΔΗ Ο.Ε.\nΑ ΓΕΜΗ 20478130000\nΝΟΜΙΜΟΣ ΕΚΠΡΟΣΩΠΟΣ: ΜΑΡΙΑ ΚΕΛΑΙΔΗ\nΝΟΜΙΜΟΣ ΕΚΠΡΟΣΩΠΟΣ: ΕΛΕΝΗ ΧΑΤΖΗΚΩΝΣΤΑΝΤΙΝΟΥ'],['Kavala'],['esr_radio'],False,,,,False,True,False,False,False
https://enatv.gr,enatv.gr,1,['17d1c9dc78a3e648e61b60deec5c122180d4ad85'],['ENA TV'],['tv'],['ΡΑΔΙΟΤΗΛΕΟΠΤΙΚΕΣ ΕΠΙΧΕΙΡΗΣΕΙΣ ΣΤΕΡΕΑΣ ΕΛΛΑΔΟΣ ΕΝΑ ΑΕ'],['Fthiotida'],['esr_tv_regional'],False,,,https://www.youtube.com/channel/UCmi_wJgwV8hn9SYOgxkcSnA/videos,True,False,False,False,False
https://energy942.gr,energy942.gr,1,['4b0a5413587999a77f65ac0f8aea2ccc9a1d52b6'],['ΡΑΔΙΟ ENERGY'],['radio'],['ΑΘΑΝΑΣΙΟΣ ΜΠΟΥΣΔΟΥΝΗΣ'],['Aitoloakarnania'],['esr_radio'],False,https://www.facebook.com/energy942,https://x.com/Energy942,https://www.youtube.com/channel/UCKcPkiSMArb6_MjCWlvt4qg,False,True,False,False,False
https://enigrita.gr,enigrita.gr,1,['c771ac8d8567de9f1f2e600c24edb0025bccc2a8'],['ΝΙΓΡΙΤΑ'],['newspaper'],['ΝΙΓΡΙΤΑ'],['Serres'],['mt_press'],False,https://www.facebook.com/enigrita,https://twitter.com/enigrita,https://www.youtube.com/c/%CE%95%CE%A6%CE%97%CE%9C%CE%95%CE%A1%CE%99%CE%94%CE%91%CE%9D%CE%99%CE%93%CE%A1%CE%99%CE%A4%CE%91,False,False,True,False,False
https://enikonomia.gr,enikonomia.gr,1,['f637969bf105e8296c74e9526538029539f8b998'],['enikonomia'],['website'],['ENIKOS'],['Attica'],['mt_websites'],False,https://www.facebook.com/enikonomia.gr/,https://twitter.com/enikonomia,https://www.youtube.com/channel/UC3dSW58JvLWajYlfIo9JrMA,False,False,False,True,True
https://enikos.gr,enikos.gr,1,['8fe98db4339a1f91da42c821b2ae9e22fc3fd3f6'],['enikos'],['website'],['ENIKOS'],['Attica'],['mt_websites'],False,https://www.facebook.com/enikosgr/,https://twitter.com/enikos_gr,https://www.youtube.com/enikosgr,False,False,False,True,True
https://enimerosi-news.gr,enimerosi-news.gr,1,['8081d75ba77b99ef204a4569d09ef06c003bc124'],['ΕΝΗΜΕΡΩΣΗ ΜΕΓΑΡΩΝ ΚΑΙ ΔΥΤΙΚΗΣ ΑΤΤΙΚΗΣ'],['newspaper'],['ΕΝΗΜΕΡΩΣΗ ΜΕΓΑΡΩΝ ΚΑΙ ΔΥΤΙΚΗΣ ΑΤΤΙΚΗΣ'],['Attica'],['mt_press'],False,https://www.facebook.com/enimerosimegarondytikisattikis/,https://twitter.com/ENIMEROSINEWSGR,https://www.youtube.com/channel/UC2L_iQ3XPguixBmdPHMKb9g,False,False,True,False,False
https://enimerosi.com,enimerosi.com,1,['79703cbec596471a673420ca4d1e98b11dea25d7'],['ΚΑΘΗΜΕΡΙΝΗ ΕΝΗΜΕΡΩΣΗ'],['newspaper'],['ΕΚΔΟΣΕΙΣ ΕΝΗΜΕΡΩΣΗ'],['Corfu'],['mt_press'],False,https://www.facebook.com/enimerosi.kerkyraa/,,https://www.youtube.com/channel/UCQzPp2_7xyovu77adh-C1xw,False,False,True,False,False
https://enplofm.gr,enplofm.gr,1,['48f7cfa89845e681af95822191a30380c84e8b73'],"['ΕΝ ΠΛΩ FM 89,2']",['radio'],['Α. ΑΝΑΣΤΑΣΙΟΥ & ΣΙΑ ΕΕ\nΑ ΓΕΜΗ 019340528000\nΝΟΜΙΜΟΣ ΕΚΠΡΟΣΩΠΟΣ: ΑΘΑΝΑΣΙΟΣ ΑΝΑΣΤΑΣΙΟΥ'],['Thesprotia'],['esr_radio'],False,https://www.facebook.com/enplofm.gr,,,False,True,False,False,False
https://enypografa.gr,enypografa.gr,1,['b192884b7ebd070eb78d0f2d2f2f04146ed29bc8'],['enypografa'],['website'],['ΕΝΥΠΟΓΡΑΦΑ ΤΑ ΒΟΡΕΙΑ ΠΡΟΑΣΤΙΑ ΕΝ ΔΗΜΩ'],['Attica'],['mt_websites'],False,https://www.facebook.com/enypografa/,https://x.com/enypografa,https://www.youtube.com/channel/UCsAin7fJFnNcDp1pVphRPKA,False,False,False,True,True
https://epikairotita-news.gr,epikairotita-news.gr,1,['40cb48f31e5a1162dc3f30ad244bea5f9d906fc2'],['ΕΠΙΚΑΙΡΟΤΗΤΑ ΔΥΤΙΚΗΣ ΑΤΤΙΚΗΣ'],['newspaper'],['ΕΠΙΚΑΙΡΟΤΗΤΑ ΔΥΤΙΚΗΣ ΑΤΤΙΚΗΣ'],['Attica'],['mt_press'],False,https://www.facebook.com/p/%CE%95%CF%80%CE%B9%CE%BA%CE%B1%CE%B9%CF%81%CF%8C%CF%84%CE%B7%CF%84%CE%B1-%CE%94%CF%85%CF%84%CE%B9%CE%BA%CE%AE%CF%82-%CE%91%CF%84%CF%84%CE%B9%CE%BA%CE%AE%CF%82-100028578503511/?locale=el_GR,,,False,False,True,False,False
https://epikairotita.info,epikairotita.info,3,"['4c7724769af6b98c4277bf9471121ae89e352c70', '632f4c25eece06a76b2a002e1651d8329a3be8cf', '8265153fc9c20bb88d64284512bfb950d3ba9f0f']","['epikairotita', 'Η ΕΠΙΚΑΙΡΟΤΗΤΑ της ΚΑΡΔΙΤΣΑΣ', 'Η ΕΠΙΚΑΙΡΟΤΗΤΑ της ΚΥΡΙΑΚΗΣ']","['newspaper', 'website']",[],['Karditsa'],"['mt_press', 'mt_websites']",False,https://www.facebook.com/people/%CE%95%CF%80%CE%B9%CE%BA%CE%B1%CE%B9%CF%81%CF%8C%CF%84%CE%B7%CF%84%CE%B1-%CE%9A%CE%B1%CF%81%CE%B4%CE%AF%CF%84%CF%83%CE%B1%CF%82/100063281706579/,,,False,False,True,True,False
https://epiloges.tv,epiloges.tv,3,"['87f07777be8f31d586515979e1c511ae4a6d31ae', '96a6d415535d0561a5f540de370c21df85d7f769', 'a212773aa9d3654bf514b662b01cc2c26ca6c523']","['epiloges', 'ΕΠΙΛΟΓΕΣ', 'ΡΑΔΙΟ ΕΠΙΛΟΓΕΣ 105,5 FM']","['radio', 'tv', 'website']","['ΕΠΙΛΟΓΕΣ  INTERMEDIA', 'ΘΕΟΔΩΡΟΣ ΕΛΙΟΓΛΟΥ-ΓΕΩΡΓΙΟΣ ΕΛΙΟΓΛΟΥ Ε.Ε.-ΕΤΑΙΡΙΑ ΡΑΔΙΟΦΩΝΙΑΣ\nΑ ΓΕΜΗ 113586352000\nΝΟΜΙΜΟΣ ΕΚΠΡΟΣΩΠΟΣ: ΓΕΩΡΓΙΟΣ ΕΛΙΟΓΛΟΥ', 'ΟΠΤΙΚΟΑΚΟΥΣΤΙΚΕΣ ΕΠΙΧΕΙΡΗΣΕΙΣ ΜΑΚΕΔΟΝΙΑ ΕΛΛΑΣ Α.Ε.']","['Cyclades', 'Serres']","['esr_radio', 'esr_tv_regional', 'mt_websites']",False,https://www.facebook.com/radio.epiloges/?locale=el_GR,,https://www.youtube.com/channel/UCJmgSX50r0Q0kFXFcKHp4Kg/videos,True,True,False,True,False
https://epirusgate.gr,epirusgate.gr,1,['86a1dfb0f49a6cec407decf3769cb6a2eb8ef07a'],['epirusgate'],['website'],['NP MARKETING + EPIRUSGATE'],['Ioannina'],['mt_websites'],False,https://www.facebook.com/Epirusgate,,https://www.youtube.com/channel/UCg20bM7rUhPDJHI9gPNZtVw,False,False,False,True,True
https://epirusonline.gr,epirusonline.gr,1,['84f6025dcc3de4e523ee5eb5613a1e1070df61ae'],['epirusonline'],['website'],['ΕΚΔΟΣΕΙΣ ΛΟΓΟΤΥΠΟΣ ΑΕ'],['Ioannina'],['mt_websites'],False,https://www.facebook.com/Epirus.Online/,https://twitter.com/Epirusonline,https://www.youtube.com/channel/UC2IL98A393OvLdxKa4qjIKg,False,False,False,True,True
https://epirustv1.eu,epirustv1.eu,1,['b53d9ac6cb176b5ac6647fc3e6651f7842c5f9a1'],['ΗΠΕΙΡΟΣ TV 1'],['tv'],['ΡΑΔΙΟΤΗΛΕΟΠΤΙΚΕΣ ΕΠΙΧΕΙΡΗΣΕΙΣ ΗΠΕΙΡΟΣ Α.Ε.'],['Ioannina'],['esr_tv_regional'],False,https://www.facebook.com/epirustv1/,https://x.com/epirustv1,https://www.youtube.com/@epirustv1,True,False,False,False,False
https://epohi.gr,epohi.gr,1,['f9e77e74709f1f4d0e8fbab9ca048c748eb2d67a'],['Η ΕΠΟΧΗ'],['newspaper'],['Η ΕΠΟΧΗ ΣΥΝ. Π.Ε.'],['Attica'],['mt_press'],False,https://www.facebook.com/efimerida.epohi,https://x.com/h_epohi,https://www.youtube.com/@efimerida_epohi,False,False,True,False,False
https://eproodos.gr,eproodos.gr,1,['14aec894df0e815aaf13446d33936bdd4ab457cf'],['Η ΠΡΟΟΔΟΣ'],['newspaper'],['Η ΠΡΟΟΔΟΣ'],['Serres'],['mt_press'],False,https://www.facebook.com/proodosserrwn,http://twitter.com/HProodos,https://www.youtube.com/channel/UC8PseMB0qYIqbYax565yjcA,False,False,True,False,False
https://epsilon103.gr,epsilon103.gr,1,['610e95ce3a2511c24d9f857bdccbde7a4a1e085f'],['ΡΑΔΙΟ ΕΨΙΛΟΝ'],['radio'],['ΚΩΝΣΤΑΝΤΙΝΟΣ ΤΣΕΣΜΕΤΖΗΣ ΚΑΙ ΣΙΑ Ε.Ε.\nΑ ΓΕΜΗ 113791952000\nΝΟΜΙΜΟΣ ΕΚΠΡΟΣΩΠΟΣ: ΚΩΝΣΤΑΝΤΙΝΟΣ ΤΣΕΣΜΕΤΖΗΣ'],['Serres'],['esr_radio'],False,https://www.facebook.com/p/%CE%A1%CE%AC%CE%B4%CE%B9%CE%BF-%CE%95103-100063627218647/?locale=el_GR,,https://www.youtube.com/channel/UCXODS7oybDQIUjgfNLWVqIA,False,True,False,False,False
https://eptanews.gr,eptanews.gr,1,['cc210af6d20b0f657e460760d1769641791c072c'],['eptanews'],['website'],['ΠΑΠΑΠΡΙΝΤ'],['Pieria'],['mt_websites'],False,https://www.facebook.com/EPTANEWS/,https://twitter.com/eptanews?lang=en,https://www.youtube.com/channel/UC3wT-qKcG8kU7AfUpyl2gNQ,False,False,False,True,True
https://ereportaz.gr,ereportaz.gr,1,['81167c74382175ae57641d9c6757fa9218d1d50c'],['ereportaz'],['website'],['VIP MEDIA'],['Attica'],['mt_websites'],False,https://www.facebook.com/ereportazgr/,https://twitter.com/ereportaz,https://www.youtube.com/channel/UCokUGofeTcM-JR_6BgPQ6mA,False,False,False,True,True
https://ermisnews.gr,ermisnews.gr,2,"['4fd369ea1ed94e2ee87763017bc8e6afa5ac8686', '892667431c279dc472a96ad33c397aa12a591647']","['ΕΡΜΗΣ RADIO 91,8', 'Ερμής. Ανεξάρτητη Καθημερινή Εφημερίδα']","['newspaper', 'radio']","['ΕΠΙΚΟΙΝΩΝΙΑ Α.Ε\nΑ ΓΕΜΗ 070195024000\nΝΟΜΙΜΟΣ ΕΚΠΡΟΣΩΠΟΣ: ΑΓΓΕΛΙΚΗ ΞΕΝΟΦΟΥ', 'Ερμής ΑΕ']",['Zakynthos'],"['esr_radio', 'mt_press']",False,https://www.facebook.com/ermisnews.gr/,https://twitter.com/ermisnewsgr,https://www.youtube.com/user/ermiszak,False,True,True,False,False
https://ertnews.gr,ertnews.gr,1,['54424ff86e1af405a1ed2a79a96b3097c08211fa'],['ertnews'],['website'],[],['Attica'],['manual_independent'],True,https://www.facebook.com/ertnews,https://twitter.com/ertnewsofficial,https://www.youtube.com/ert,False,False,False,True,True
https://esos.gr,esos.gr,1,['f7cf778ea54af97a109435cc2e25e0130a8ada08'],['esos'],['website'],[],['Attica'],['mt_websites'],False,https://www.facebook.com/esosgr,https://twitter.com/esosgr,https://www.youtube.com/@esos-paideia,False,False,False,True,True
https://espressonews.gr,espressonews.gr,1,['eecd8b161675438ef00fe11aed80489a9418a95a'],['ESPRESSO'],['newspaper'],['ΜΕΛΛΟΝΤΙΚΕΣ ΕΚΔΟΣΕΙΣ ΕΠΕ'],['Attica'],['mt_press'],False,https://www.facebook.com/espressonews.gr/,https://x.com/espressonews_gr,https://www.youtube.com/@espressonews/videos,False,False,True,False,False
https://estianews.gr,estianews.gr,2,"['4f6e6497ed9dde9bbc689359937b08597d0ded87', '93ad2a1163e45e514e2af28a712d8b96553b8890']","['ΕΚΔΟΣΙΣ ΤΗΣ ΚΥΡΙΑΚΗΣ - ΕΣΤΙΑ', 'ΕΣΤΙΑ']",['newspaper'],['ΕΦΗΜΕΡΙΣ ΕΣΤΙΑ'],['Attica'],['mt_press'],False,https://www.facebook.com/EfimeridaEstia,https://x.com/EfimeridaEstia,https://www.youtube.com/channel/UCOzKXfCoH-7wcLfK5DUVJ_g,False,False,True,False,False
https://ethnos.gr,ethnos.gr,1,['43eabc7b11cf0337cbfa2ab8b30ee75296ef1de4'],['ethnos'],['website'],['OPEN Beyond'],['Attica'],['mt_websites'],False,https://www.facebook.com/ethnosonline,https://x.com/ethnosgr,https://www.youtube.com/channel/UCb0SCTuWPy0Lgr4NBYWzuGQ,False,False,False,True,True
https://europost.gr,europost.gr,1,['6ed731a95b5a59646ea5a80b980b3f7a2fa8a5cd'],['europost'],['website'],[],['Attica'],['manual_independent'],True,https://www.facebook.com/europostgr,https://twitter.com/europostgr,https://www.youtube.com/channel/UC7AMf8y3MtIsmojGsruBMoQ,False,False,False,True,True
https://eurotv.gr,eurotv.gr,1,['9dd4fbece9a1ea439a9f3ef73fbc99909f680fb5'],['EURO CHANNEL'],['tv'],['ΡΑΔΙΟΤΗΛΕΟΠΤΙΚΗ ΚΙΛΚΙΣ Α.Ε.'],['Kilkis'],['esr_tv_regional'],False,,,https://www.youtube.com/@EUROTHLEORASH,True,False,False,False,False
https://evdomimera.gr,evdomimera.gr,1,['84d2e88cce5ef729f5242f343b3c54bd69af795c'],['7η ΗΜΕΡΑ'],['newspaper'],['7η ΗΜΕΡΑΜΟΝΟΠΡΟΣΩΠΗ ΙΚΕ'],['Kavala'],['mt_press'],False,https://www.facebook.com/Evdomimera.gr/,,,False,False,True,False,False
https://evianews.com,evianews.com,1,['afd4a7eb755984d23a7e143261eb3673c3167971'],['evianews'],['website'],[],['Evia'],['manual_independent'],True,https://facebook.com/evianews,https://twitter.com/evianewscom,https://youtube.com/@evianews,False,False,False,True,True
https://eviathema.gr,eviathema.gr,1,['89cb0f2b322e8c933b5d655575ee9e59c1f97690'],['eviathema'],['website'],['BARSAKIS MEDIA GROUP'],['Evia'],['mt_websites'],False,https://www.facebook.com/eviathemagr2,https://x.com/eviathemagr,,False,False,False,True,True
https://eviatop.eu,eviatop.eu,1,['2f14e09ffbd28d3cf3972c740168fd2a0521af5c'],['eviatop'],['website'],[],['Evia'],['mt_websites'],False,,https://x.com/eviatop,,False,False,False,True,True
https://evimaserres.gr,evimaserres.gr,1,['277f5567e5073d603d7b00cd218baa72ce90b78d'],"['ΕΛΕΥΘΕΡΟ ΒΗΜΑ, ΚΑΘΗΜΕΡΙΝΗ ΠΟΛΙΤΙΚΗ ΕΦΗΜΕΡΙΔΑ ΝΟΜΟΥ ΣΕΡΡΩΝ']",['newspaper'],['ΕΛΕΥΘΕΡΟ ΒΗΜΑ'],['Serres'],['mt_press'],False,https://www.facebook.com/evimagr1/,https://x.com/vimaserres,https://www.youtube.com/channel/UC-tTWrOdGuMsVR8Rt0Omqbg,False,False,True,False,False
https://evros24.gr,evros24.gr,1,['9334beb4231c4a8009333c9c7f7edf8702360648'],['evros24'],['website'],['evros24'],['Evros'],['mt_websites'],False,https://www.facebook.com/evros24,https://twitter.com/evros_24,https://www.youtube.com/evros24gr,False,False,False,True,True
https://evrytanika.gr,evrytanika.gr,1,['bf35003759cd3985e2da9dae1bc6f920eb738167'],['ΕΥΡΥΤΑΝΙΚΑ ΝΕΑ'],['newspaper'],['ΕΥΡΥΤΑΝΙΚΑ ΝΕΑ'],['Evrytania'],['mt_press'],False,https://www.facebook.com/evrytanikanews,,https://www.youtube.com/evrytanika,False,False,True,False,False
https://evrytanikospalmos.gr,evrytanikospalmos.gr,1,['78d03620b39e18d2ce7f8d438884a870a210a0b8'],['Ο ΕΥΡΥΤΑΝΙΚΟΣ ΠΑΛΜΟΣ'],['newspaper'],['Ο ΕΥΡΥΤΑΝΙΚΟΣ ΠΑΛΜΟΣ'],['Evrytania'],['mt_press'],False,https://www.facebook.com/evrytanikospalmos.gr/?fref=ts,,,False,False,True,False,False
https://expressnews.gr,expressnews.gr,1,['9d5dd3f126443bf2aa24e2072f2991d0dc2cf787'],['expressnews'],['website'],[],['Aitoloakarnania'],['mt_websites'],False,https://www.facebook.com/expressnewsgr/?locale=is_IS,,,False,False,False,True,True
https://facebook.com,facebook.com,1,['d60c00ee78c30526255405dcf90e7f019a1f146e'],['Εργασία... συν'],['newspaper'],['εργασία... συν'],['Drama'],['mt_press'],False,https://www.facebook.com/ergasia.syn/,,,False,False,True,False,False
https://fileleutheros.net,fileleutheros.net,1,['db40c572470793c4c33886a408ec42849e33a171'],['fileleutheros'],['website'],['ΦΩΝΗ ΤΗΣ ΠΑΡΟΥ'],['Cyclades'],['mt_websites'],False,,,https://www.youtube.com/@%CE%A6%CF%89%CE%BD%CE%B7%CF%84%CE%B7%CF%82%CE%A0%CE%B1%CF%81%CE%BF%CF%85/streams,False,False,False,True,True
https://fimotro.gr,fimotro.gr,1,['245210455fbe786d4f617c8d8b8b81863ac814b9'],['fimotro'],['website'],['Fimotro'],['Attica'],['mt_websites'],False,https://www.facebook.com/fimotro.gr,https://twitter.com/fimotro,https://www.youtube.com/channel/UCNAeryubPPTU7R4K2BwZdHg,False,False,False,True,True
https://financenews.gr,financenews.gr,1,['2234c5bf31dda31bac112e54539d52ff50174b2b'],['financenews'],['website'],['FNEWS MEDIA GROUP'],['Attica'],['mt_websites'],False,,,,False,False,False,True,True
https://financialreport.gr,financialreport.gr,1,['4ac1e4dd9db266aeefd521ea789b86f70e3b048f'],['financialreport'],['website'],['FINANCIAL REPORT'],['Attica'],['mt_websites'],False,https://www.facebook.com/profile.php?id=61554199059410,https://twitter.com/Financial_RepGR,,False,False,False,True,True
https://fineview.gr,fineview.gr,1,['f7e3fb1e0296c484ae6b5c249db886ad573d82ed'],['fineview'],['website'],['FINEVIEW'],['Achaia'],['mt_websites'],False,https://www.facebook.com/Fineview.gr,,https://www.youtube.com/channel/UCPsWcz8SY-6ZGHObWKkut6Q/featured,False,False,False,True,True
https://finupnews.gr,finupnews.gr,1,['33d79b2759c753e3d0b009114553112c4ebaaa12'],['finupnews'],['website'],['ENIGMA MG'],['Attica'],['mt_websites'],False,https://www.facebook.com/Finupnews/,https://twitter.com/finupnews,https://www.youtube.com/channel/UCfDTLQvphn2R8MlE3sae_Jw,False,False,False,True,True
https://flamis.gr,flamis.gr,1,['d8878cee2c6a111fb0348f535e5d7276efd87767'],['flamis'],['website'],['FLAMIS.GR'],['Achaia'],['mt_websites'],False,https://www.facebook.com/@kflamis/?locale=el_GR&_rdr,,https://www.youtube.com/@kflamis,False,False,False,True,True
https://flash-tv.gr,flash-tv.gr,2,"['5117baa8db612ddac8e81d4b6e42da239c5f1c2f', 'e58ece5132f8a7b68659d199d19f3cf320de9eb1']","['FLASH TV', 'flash-tv']","['tv', 'website']","['ΙΔΙΩΤΙΚΗ ΤΗΛΕΟΡΑΣΗ ΒΟΡΕΙΟΔΥΤΙΚΗΣ ΕΛΛΑΔΑΣ  ΜΟΝΟΠΡΟΣΩΠΗ Α.Ε.', 'ΟΡΕΣΤΙΔΑ Α.Ε.']",['Kozani'],"['esr_tv_regional', 'mt_websites']",False,https://www.facebook.com/FlashTVWM/,https://twitter.com/FlashTV_GR,https://www.youtube.com/user/flashkozanitv,True,False,False,True,False
https://flash.gr,flash.gr,1,['344c33d475e4cf5c410d9c222575693eecb44581'],['flash'],['website'],['SPORTNEWS INTERNET SERVICE S.A'],['Attica'],['mt_websites'],False,https://www.facebook.com/flashgrofficial,https://x.com/flashgrofficial,https://www.youtube.com/@flashgrofficial,False,False,False,True,True
https://flashnews.gr,flashnews.gr,1,['edcc427dcbc15dd890232ad1a1e681a04ae841c1'],['flashnews'],['website'],['FLASHNEWS.GR'],['Chania'],['mt_websites'],False,https://www.facebook.com/Flashnews.gr/,https://twitter.com/flashnews_gr,https://www.youtube.com/channel/UCJ3tZNB83AChtEtIsQITCbg,False,False,False,True,True
https://florinadaily.gr,florinadaily.gr,1,['d4788a51d2d1d55cd4040e9b258ea38364534c99'],['florinadaily'],['website'],['ΑΜΚΕ ΕΝΗΜΕΡΩΣΗ ΜΑΚΕΔΟΝΙΑΣ'],['Pella'],['mt_websites'],False,,,,False,False,False,True,True
https://florinapress.gr,florinapress.gr,2,"['029031f471dcc7cecabe8957b940549697a725d0', '4564aad01e02c083a832805a2b73df4dec5dc4dd']","['Ελεύθερο βήμα της Φλώρινας', 'ΦΩΝΗ ΤΗΣ ΦΛΩΡΙΝΗΣ']",['newspaper'],"['Ελεύθερο βήμα της Φλώρινας', 'ΦΩΝΗ ΤΗΣ ΦΛΩΡΙΝΗΣ']",['Florina'],['mt_press'],False,https://www.facebook.com/florinapressgr/,https://www.facebook.com/florinapressgr/,https://www.youtube.com/user/florinapress,False,False,True,False,False
https://flynews.gr,flynews.gr,1,['a4ea7fdef308434d99b589808dcf0ffbaa67573f'],['FLY FM'],['radio'],['FLY - ΡΑΔΙΟΤΗΛΕΟΠΤΙΚΕΣ ΕΠΙΧΕΙΡΗΣΕΙΣ - ΑΣΤΙΚΗ ΕΤΑΙΡΕΙΑ\nΑ ΓΕΜΗ 018374439000\nΝΟΜΙΜΟΣ ΕΚΠΡΟΣΩΠΟΣ: ΠΑΝΑΓΙΩΤΗΣ ΚΑΡΒΟΥΝΙΑΡΗΣ'],['Laconia'],['esr_radio'],False,https://www.facebook.com/flynews.gr,,https://www.youtube.com/@FLYNEWSGR,False,True,False,False,False
https://focusfm.gr,focusfm.gr,1,['f41d861a106e5215455312f69f398fa0fafe48db'],"['FOCUS FM 103,6']",['radio'],['ΡΑΔΙΟΦΩΝΙΚΕΣ ΚΑΙ ΤΗΛΕΟΠΤΙΚΕΣ ΕΠΙΧΕΙΡΗΣΕΙΣ JDK ΜΟΝΟΠΡΟΣΩΠΗ Ι.Κ.Ε.\nΑ ΓΕΜΗ 128207206000\nΝΟΜΙΜΟΣ ΕΚΠΡΟΣΩΠΟΣ: ΕΛΕΥΘΕΡΙΟΣ ΓΡΗΓΟΡΙΑΔΗΣ'],['Thessaloniki'],['esr_radio'],False,https://www.facebook.com/Focus103.6/,https://x.com/FOCUSFM1036,https://www.youtube.com/@FocusFM1036,False,True,False,False,False
https://focustonevro.gr,focustonevro.gr,1,['24a5806844061a8844bb403962cf8ffd6c6e22ae'],"['FOCUS 88,9']",['radio'],['ΔΗΜΗΤΡΙΟΣ ΔΑΡΟΥΣΗΣ'],['Evros'],['esr_radio'],False,https://www.facebook.com/focustonevro/,,https://www.youtube.com/@focusstonevro8888,False,True,False,False,False
https://fokidanews.gr,fokidanews.gr,1,['3217eb8decba7034d5e97b6088a85e9bda809372'],['Εν Δελφοίς'],['newspaper'],['«Nowtopia Κοιν.Σ.Επ.»'],['Fokida'],['mt_press'],False,https://www.facebook.com/KathimeriniFokida/,,https://www.youtube.com/channel/UC0Hi_3QkLnhiahyc1wDE0Mw,False,False,True,False,False
https://foni-visaltias.gr,foni-visaltias.gr,1,['809e3195fceb230bb1eaa21b6e284c6e7693b25f'],['Η ΦΩΝΗ ΤΗΣ ΒΙΣΑΛΤΙΑΣ'],['newspaper'],['Η ΦΩΝΗ ΤΗΣ ΒΙΣΑΛΤΙΑΣ'],['Serres'],['mt_press'],False,https://www.facebook.com/p/%CE%97-%CE%A6%CF%89%CE%BD%CE%AE-%CF%84%CE%B7%CF%82-%CE%92%CE%B9%CF%83%CE%B1%CE%BB%CF%84%CE%AF%CE%B1%CF%82-100063649294896/,,,False,False,True,False,False
https://fonikastorias.gr,fonikastorias.gr,2,"['0e696343d72ee8361d7f72ed26122edd72d63c1d', 'fc3d832c529e2c930dcaaf6d575b95ce86717046']","['fonikastorias', 'ΦΩΝΗ ΤΗΣ ΚΑΣΤΟΡΙΑΣ']","['newspaper', 'website']",[],['Kastoria'],"['mt_press', 'mt_websites']",False,https://www.facebook.com/fonikastorias,,https://www.youtube.com/@dimitrisiatrou6994,False,False,True,True,False
https://fonikor.gr,fonikor.gr,1,['74ede3f99082c48f6a185dd7768e1780f37a2ff6'],['ΦΩΝΗ ΤΗΣ ΚΟΡΙΝΘΙΑΣ'],['newspaper'],['ΦΩΝΗ ΤΗΣ ΚΟΡΙΝΘΙΑΣ'],['Corinthia'],['mt_press'],False,,,,False,False,True,False,False
https://fonimaleviziou.gr,fonimaleviziou.gr,1,['1045417a2f3995401795179ffdd5b5630a52b90e'],['ΦΩΝΗ ΤΟΥ ΜΑΛΕΒΙΖΙΟΥ'],['newspaper'],['ΦΩΝΗ ΤΟΥ ΜΑΛΕΒΙΖΙΟΥ'],['Iraklio'],['mt_press'],False,https://www.facebook.com/fonimaleviziou.gr,https://www.twitter.com/fonimaleviziou,https://youtube.com/channel/UCC53kksKDxnc6r8J0A7smiw,False,False,True,False,False
https://fonipeiraioton.gr,fonipeiraioton.gr,1,['3609df753481c3a26c570ee639eaa00c2557c297'],['Η ΦΩΝΗ ΤΩΝ ΠΕΙΡΑΙΩΤΩΝ'],['newspaper'],['Η ΦΩΝΗ ΤΩΝ ΠΕΙΡΑΙΩΤΩΝ'],['Attica'],['mt_press'],False,,,,False,False,True,False,False
https://fonitisparou.gr,fonitisparou.gr,1,['c6ed5e983578e2f171059517640daaae198d09d1'],['fonitisparou'],['website'],['ΦΩΝΗ ΤΗΣ ΠΑΡΟΥ'],['Cyclades'],['mt_websites'],False,https://www.facebook.com/fonitisparou/,https://twitter.com/FonitisParou,,False,False,False,True,True
https://fonitisxanthis.gr,fonitisxanthis.gr,1,['64b3313b7b8ff96d706c95e24008dd75f170c928'],['ΦΩΝΗ ΤΗΣ ΞΑΝΘΗΣ'],['newspaper'],['ΦΩΝΗ ΤΗΣ ΞΑΝΘΗΣ'],['Xanthi'],['mt_press'],False,https://www.facebook.com/fonitisxanthis.gr,,,False,False,True,False,False
https://forbesgreece.gr,forbesgreece.gr,1,['a1c4b8e1e1a43093229b07a4df6d7a7038dedddd'],['FORBES'],['website'],['ΚΑΠΙΤΑΛ.GR AE'],['Attica'],['mt_press'],False,https://www.facebook.com/forbesgr,https://x.com/capitalgr?lang=en,,False,False,False,True,True
https://formedia.gr,formedia.gr,3,"['0f02b6b28556a5202c4821be534d287314e19ce5', '6636f32fe674624292e0478a22da0f78f5b5f244', 'db57623ce5f7489f4522908d9b9f5882cb5f916b']","['FORMEDIA 99,8', 'FORMedia TV', 'formedia']","['radio', 'tv', 'website']","['21 ADMEDIA ΜΟΝ ΙΚΕ', 'ΡΑΔΙΟΤΗΛΕΟΠΤΙΚΕΣ ΕΠΙΧΕΙΡΗΣΕΙΣ ΜΑΓΝΗΣΙΑΣ ΜΟΝΟΠΡΟΣΩΠΗ ΕΠΕ\nΑ ΓΕΜΗ 050699744000 \nΔΙΑΓΡΑΦΗ ΑΠΌ ΓΕΜΗ', 'ΡΑΔΙΟΤΗΛΕΟΠΤΙΚΕΣ ΕΠΙΧΕΙΡΗΣΕΙΣ ΤΡΙΚΑΛΩΝ ΜΟΝΟΠΡΟΣΩΠΗ Α.Ε.']","['Larissa', 'Magnesia', 'Trikala']","['esr_radio', 'esr_tv_regional', 'mt_websites']",False,https://www.facebook.com/4medianews/,https://twitter.com/formedianews,https://www.youtube.com/channel/UC4ADGM9UUwFI6-rR1Gsp_cA/videos,True,True,False,True,False
https://fortunegreece.com,fortunegreece.com,1,['7d93ee01dbb733da4e8041a9748a6320c65bdb00'],['fortunegreece'],['website'],[],['Attica'],['mt_websites'],False,,,,False,False,False,True,True
https://forzaonline.gr,forzaonline.gr,1,['f336a383bdbe9f8da0f2112631c645487c089be2'],['forzaonline'],['website'],['FORZA GROUP ΕΚΔΟΣΕΙΣ'],['Thessaloniki'],['mt_websites'],False,https://www.facebook.com/FORZAPlus,,https://www.youtube.com/channel/UCp1Sw6sArV8oWGE9XHQeGhg,False,False,False,True,True
https://fosonline.gr,fosonline.gr,2,"['16efa57f8afae587cdbf52036bfc5f0d558c7173', 'ceecdaf8432e340f9b256d6310ba738f4e2583e1']","['ΤΟ ΦΩΣ ΤΗΣ ΔΕΥΤΕΡΑΣ', 'ΤΟ ΦΩΣ ΤΩΝ ΣΠΟΡ']",['newspaper'],['ΤΟ ΦΩΣ ΤΩΝ ΣΠΟΡ-ΤΟ ΦΩΣ ΤΗΣ ΔΕΥΤΕΡΑΣ'],['Attica'],['mt_press'],False,https://www.facebook.com/FosTonSport/,https://twitter.com/fostonsport,https://twitter.com/fostonsport,False,False,True,False,False
https://fpress.gr,fpress.gr,1,['018dbf196a9cb8b97b72d6e1eab0f279157a7ef1'],['fpress'],['website'],['W.S.F'],['Attica'],['mt_websites'],False,https://www.facebook.com/fpress.gr/,https://x.com/fpress1?lang=en,,False,False,False,True,True
https://galaxiasfm.gr,galaxiasfm.gr,1,['c4897ed66c0931849131a7efb5f465f4e08ceb8f'],['ΓΑΛΑΞΙΑΣ FM'],['radio'],['ΧΑΡΑΛΑΜΠΟΣ  ΜΑΡΚΑΤΟΣ'],['Fokida'],['esr_radio'],False,https://www.facebook.com/galaxiasfm92.1/,https://twitter.com/galaxiasfm,https://www.youtube.com/user/Amfisiwtis,False,True,False,False,False
https://gavdos888.gr,gavdos888.gr,1,['e95966e438459898aa449050b09a5747e27a1fd6'],"['ΓΑΥΔΟΣ FM 88,8 ΦΑΡΟΣ ΤΟΥ ΝΟΤΟΥ']",['radio'],['ΕΜΜΑΝΟΥΗΛ ΝΤΑΟΥΝΤΑΚΗΣ'],['Chania'],['esr_radio'],False,https://www.facebook.com/gavdosfm/,,https://www.youtube.com/@gavdos88.8fmgreekradio5,False,True,False,False,False
https://gazzetta.gr,gazzetta.gr,1,['7fad26030fa297c2bbb6467a622ec86ff71ccb4e'],['gazzetta'],['website'],['LIQUID PUBLISHING'],['Attica'],['mt_websites'],False,https://www.facebook.com/gazzetta.gr/,https://twitter.com/gazzetta_gr,https://www.youtube.com/channel/UCCeuDI0Rmr41MByExC8PQ6Q,False,False,False,True,True
https://gegonota.news,gegonota.news,1,['83ba6326c00252d965671f13698ebe610624530c'],['gegonota'],['website'],['S.D.S. DICITAL SERVICES I.K.E.'],['Magnesia'],['mt_websites'],False,https://www.facebook.com/%CE%93%CE%B5%CE%B3%CE%BF%CE%BD%CF%8C%CF%84%CE%B1-104050335363432,https://twitter.com/gegonota_news,,False,False,False,True,True
https://geniki-dimoprasion.gr,geniki-dimoprasion.gr,1,['9b1bab242c6fa3dd6fb89cced863868c42e7c75d'],['ΓΕΝΙΚΗ ΔΗΜΟΠΡΑΣΙΩΝ'],['newspaper'],['ΕΚΔΟΣΕΙΣ Ν.ΠΑΠΑΝΙΚΟΛΑΟΥ Α.Ε.'],['Attica'],['mt_press'],False,,,,False,False,True,False,False
https://gentikoule.gr,gentikoule.gr,1,['089362257ca3433187070a986624620b84b990a2'],['gentikoule'],['website'],['PR MEDIA ΜΟΝΟΠΡΟΣΩΠΗ ΙΚΕ'],['Iraklio'],['mt_websites'],False,https://www.facebook.com/gentikoule.gr,https://x.com/Gentikoule1,https://www.youtube.com/ofigentikoule,False,False,False,True,True
https://gnomionline.gr,gnomionline.gr,1,['9b055294239fa466fcf1a0cdf9a0fa8bb0a790ce'],['ΕΦΗΜΕΡΙΔΑ « Η ΓΝΩΜΗ»'],['newspaper'],['Η ΓΝΩΜΗ'],['Evros'],['mt_press'],False,https://www.facebook.com/gnomionline/,,,False,False,True,False,False
https://gnomip.gr,gnomip.gr,2,"['3318e3ca122a24628d64f8c9d5b23f69b0868b93', '97c52e970f5785eeceef74342396c1c7cf242ca5']","['Η ΓΝΩΜΗ', 'Η ΠΡΩΙΝΗ ΓΝΩΜΗ']",['newspaper'],['ΓΝΩΜΗ'],['Achaia'],['mt_press'],False,https://www.facebook.com/%CE%95%CF%86%CE%B7%CE%BC%CE%B5%CF%81%CE%AF%CE%B4%CE%B1-%CE%93%CE%BD%CF%8E%CE%BC%CE%B7-%CE%A0%CE%B1%CF%84%CF%81%CF%8E%CE%BD-990999944244146,https://twitter.com/gnomipatron,https://www.youtube.com/channel/UCbTKj4pxOpbNV87XpxR9lww?view_as=subscriber,False,False,True,False,False
https://googlareis.gr,googlareis.gr,1,['8ed4d9542b6e0c20fc4aa8bf5cb9fd056645190d'],['googlareis'],['website'],['ALL ABOUT WEB'],['Thessaloniki'],['mt_websites'],False,https://www.facebook.com/googlareis/,,https://www.youtube.com/channel/UC4S6nTjFitNZT-nvcdTP8KQ,False,False,False,True,True
https://gossip-tv.gr,gossip-tv.gr,1,['b5c1c67a67d37e9fc9620bcade3879e52d96a953'],['gossip-tv'],['website'],['DPG DIGITAL MEDIA GROUP MAE'],['Attica'],['mt_websites'],False,https://www.facebook.com/gossiptvgr,https://twitter.com/gossiptvgr,https://www.youtube.com/user/GossiptvgrVideos,False,False,False,True,True
https://govastileto.gr,govastileto.gr,1,['d7505c58162837954049d0ad7c3aed9b5edea24f'],['govastileto'],['website'],['ZOYGLA G.R. A.E.'],['Attica'],['mt_websites'],False,https://www.facebook.com/www.govastileto.gr,https://twitter.com/GovaStiletogr,,False,False,False,True,True
https://govnews.gr,govnews.gr,1,['a06521500d55c2bc732167718f776f7cf18c0517'],['govnews'],['website'],['MEDIAHUB GROUP'],['Attica'],['mt_websites'],False,https://www.facebook.com/govnews.gr,https://twitter.com/govnewsgr,,False,False,False,True,True
https://grandsport.gr,grandsport.gr,1,['25c4972c24157cebd71bf98bee04201e9bbe4e73'],['grandsport'],['website'],['GRANDSPORT'],['Iraklio'],['mt_websites'],False,https://www.facebook.com/GRANDSPORTGR/?locale=el_GR,,https://grandsport.gr/#,False,False,False,True,True
https://grevenamedia.gr,grevenamedia.gr,3,"['17362e90ef831369861686ee25182d0cac90aee9', '85a335bdb380af4796912794569f97a7285eb5d9', 'f80327abb34534eef35f5d3671cbb9ccb33a9233']","['grevenamedia', 'Η ΦΩΝΗ ΤΩΝ ΓΡΕΒΕΝΩΝ', 'ΡΑΔΙΟ ΓΡΕΒΕΝΑ']","['newspaper', 'radio', 'website']",['ΒΑΣΙΛΙΚΗ ΠΑΠΑΔΟΠΟΥΛΟΥ'],['Grevena'],"['esr_radio', 'mt_press', 'mt_websites']",False,http://www.facebook.com/grevenamedia.gr,https://twitter.com/GrevenaMedia,https://www.youtube.com/@grevenamediagr5338,False,True,True,True,False
https://grtimes.gr,grtimes.gr,1,['2f6deb256d343aa68a0e18b94f9291ffcad58be5'],['grtimes'],['website'],['GRTIMES MEDIA ΜΟΝΟΠΡΟΣΩΠΗ Α.Ε'],['Thessaloniki'],['mt_websites'],False,https://www.facebook.com/GRTIMES.gr,https://x.com/grtimes_,https://www.youtube.com/channel/UC6l--jd0YBeKEUYaOHzWH9w,False,False,False,True,True
https://halkidikipost.gr,halkidikipost.gr,2,"['a21292f04fc4996e58fe80f014ad506c2c756cd2', 'c099f0beb905a43e2a3671959e2a31bfb327704f']","['halkidikipost', 'Θέμα της Χαλκιδικής']","['newspaper', 'website']",['ΤΥΠΟΕΚΔΟΤΙΚΗ ΟΕ'],['Pella'],"['mt_press', 'mt_websites']",False,https://www.facebook.com/halkidikipost,,https://www.youtube.com/@HalkidikiPost,False,False,True,True,False
https://haniotika-nea.gr,haniotika-nea.gr,1,['8a20f8d831a446eb365fed0fde0b50abd9adf150'],['ΧΑΝΙΩΤΙΚΑ ΝΕΑ'],['newspaper'],['ΧΑΝΙΩΤΙΚΑ ΝΕΑ'],['Chania'],['mt_press'],False,https://www.facebook.com/haniotika.nea,https://twitter.com/HaniotikaNea,,False,False,True,False,False
https://healthweb.gr,healthweb.gr,1,['4fb87d5e5b9b4a7091b78e1b7ee4ef1eaff85a6f'],['healthweb'],['website'],['TRU MEDIA ΜΟΝΟΠΡΟΣΩΠΗ IKE'],['Attica'],['mt_websites'],False,https://www.facebook.com/healthweb.gr/,https://twitter.com/healthwebgr,https://www.youtube.com/@healthweb3460,False,False,False,True,True
https://hisports.gr,hisports.gr,1,['ce3e19a8fbeebc0854cdaaaec7704e064e0c4d95'],['hisports'],['website'],[],['Aitoloakarnania'],['mt_websites'],False,https://www.facebook.com/hisportsgr,,https://www.youtube.com/channel/UCeU-4PVUXcgRQl-BG2QcMaw,False,False,False,True,True
https://hlektra.gr,hlektra.gr,1,['7410c43af446abf1acd4375d64fe74cb83e9afd9'],['ΗΛΕΚΤΡΑ TV'],['tv'],['ΑΝΩΝΥΜΗ ΕΤΑΙΡΕΙΑ ΤΗΛΕΟΠΤΙΚΟΥ ΚΑΙ ΡΑΔΙΟΦΩΝΙΚΟΥ ΣΤΑΘΜΟΥ    ΠΕΛΟΠΑΣ Μ.Α.Ε.'],['Corinthia'],['esr_tv_regional'],False,https://www.facebook.com/p/%CE%97%CE%BB%CE%AD%CE%BA%CF%84%CF%81%CE%B1-%CE%A1%CE%B1%CE%B4%CE%B9%CE%BF%CF%84%CE%B7%CE%BB%CE%B5%CE%BF%CF%80%CF%84%CE%B9%CE%BA%CF%8C%CF%82-%CE%A3%CF%84%CE%B1%CE%B8%CE%BC%CF%8C%CF%82-100063542305429/,,https://www.youtube.com/@%CE%97%CE%9B%CE%95%CE%9A%CE%A4%CE%A1%CE%91%CE%A1%CE%91%CE%94%CE%99%CE%9F%CE%A4%CE%97%CE%9B%CE%95%CE%9F%CE%A0%CE%A4%CE%99%CE%9A%CE%9F%CE%A3%CE%A3%CE%A4%CE%91%CE%98%CE%9C%CE%9F%CE%A3,True,False,False,False,False
https://hmerisiakorinthou.gr,hmerisiakorinthou.gr,1,['e57bfc412af837c814bfff829b874b85c8056d79'],['hmerisiakorinthou'],['website'],['www.hmerisiakorinthou.gr'],['Corinthia'],['mt_websites'],False,https://www.facebook.com/%CE%97%CE%BC%CE%B5%CF%81%CE%B7%CF%83%CE%B9%CE%B1-%CE%9A%CE%BF%CF%81%CE%B9%CE%BD%CE%B8%CE%BF%CF%85-896120593784427,,,False,False,False,True,True
https://huffingtonpost.gr,huffingtonpost.gr,1,['ce301dd2c1c3f20d981940c3c04e207ec5a3316a'],['huffingtonpost'],['website'],['FAROSNET M. AE'],['Attica'],['mt_websites'],False,https://www.facebook.com/HuffPostGreece/?locale=el_GR,https://x.com/HuffPostGreece,https://www.youtube.com/@huffpostgreece1122,False,False,False,True,True
https://hxonews.gr,hxonews.gr,1,['da696795c609a75097e19b1ad1c00e7cb863a9cf'],['ΗΧΩ FM'],['radio'],['ΜΑΡΙΑ ΤΣΑΓΚΑΡΑΚΗ'],['Lasithi'],['esr_radio'],False,https://www.facebook.com/pages/category/Radio-Station/%CE%97%CF%87%CF%8E-fm-998-%CE%99%CE%B5%CF%81%CE%AC%CF%80%CE%B5%CF%84%CF%81%CE%B1-%CE%9B%CE%B1%CF%83%CE%AF%CE%B8%CE%B9-444111232365849/,https://twitter.com/hxonews,https://www.youtube.com/@%CE%97%CF%87%CF%8E%CE%9D%CE%AD%CE%B1,False,True,False,False,False
https://iapogevmatini.gr,iapogevmatini.gr,1,['e4e3d1f0c5b39b461d92d93aa15af3eb3ea7f233'],['ΑΠΟΓΕΥΜΑΤΙΝΗ'],['newspaper'],['ΑΠΟΓΕΥΜΑΤΙΝΕΣ ΕΚΔΟΣΕΙΣ MEDIA'],['Attica'],['mt_press'],False,https://www.facebook.com/apogevmatini,https://x.com/iapogevmatini,,False,False,True,False,False
https://iapopsi.gr,iapopsi.gr,2,"['750f96c175263b9765621d5c28e8036758c819eb', '970b11480b26607ab73a78fc31263859c3e12735']","['iapopsi', 'Η ΑΠΟΨΗ']","['newspaper', 'website']",[],['Attica'],"['mt_press', 'mt_websites']",False,https://www.facebook.com/iapopsi/?locale=el_GR,https://x.com/H_Apopsi,https://www.youtube.com/@%CE%97%CE%86%CF%80%CE%BF%CF%88%CE%B7-%CF%841%CF%83,False,False,True,True,False
https://iatronet.gr,iatronet.gr,1,['1332c322f9e510a047ad8cbe1c253fb7546e6321'],['iatronet'],['website'],['ΙΑΤΡΟΝΕΤ ΕΠΕ'],['Attica'],['mt_websites'],False,https://www.facebook.com/iatronet,https://x.com/iatronet,https://www.youtube.com/channel/UCteO2aY3ECcy8i1UcHZgzwA,False,False,False,True,True
https://iatropedia.gr,iatropedia.gr,1,['161c2b4c8ca87befa22ca1ad37103417d8860dba'],['iatropedia'],['website'],[],['Attica'],['mt_websites'],False,https://www.facebook.com/iatropedia.gr/,https://twitter.com/iatropedia,,False,False,False,True,True
https://iefimerida.gr,iefimerida.gr,1,['b95b7d39fce0e9db67d46e5a1bb0073253574615'],['iefimerida'],['website'],[],['Attica'],['mt_websites'],False,https://www.facebook.com/iefimerida,https://www.twitter.com/iefimerida,https://www.youtube.com/user/iefimerida1?feature=mhum,False,False,False,True,True
https://ieidiseis.gr,ieidiseis.gr,1,['08147a426aa8d757ef5bebd5d0405f3d627a9993'],['ieidiseis'],['website'],['NEWSROOM A.E.'],['Attica'],['mt_websites'],False,https://www.facebook.com/iEidiseis.gr,https://x.com/ieidiseisgr,https://youtube.com/@ieidiseis9137,False,False,False,True,True
https://ierapetra21.gr,ierapetra21.gr,1,['00b6f1c7dd5cb5dcdaa2b0d309e7479e0d83cd63'],['Ιεράπετρα 21ος Αιών. Εβδομαδιαία Εφημερίδα.'],['newspaper'],['-'],['Lasithi'],['mt_press'],False,https://www.facebook.com/people/%CE%95%CF%86%CE%B7%CE%BC%CE%B5%CF%81%CE%AF%CE%B4%CE%B1-%CE%99%CE%B5%CF%81%CE%AC%CF%80%CE%B5%CF%84%CF%81%CE%B1-21%CE%BF%CF%82-%CE%91%CE%B9%CF%8E%CE%BD/100053673384851/,,,False,False,True,False,False
https://ifn.gr,ifn.gr,1,['7aea351281296892bfd43a8e2ca442533b509285'],['freenews'],['newspaper'],['power press'],['Attica'],['mt_press'],False,,,,False,False,True,False,False
https://igrevena.gr,igrevena.gr,1,['57f43aba1db95ec299fe1a6cf2aa997772d36bd0'],['ΜΑΧΗΤΗΣ ΓΡΕΒΕΝΩΝ'],['newspaper'],['ΜΑΧΗΤΗΣ'],['Grevena'],['mt_press'],False,https://www.facebook.com/igrevena.gr,,,False,False,True,False,False
https://ilialive.gr,ilialive.gr,1,['cdc692a06555d826c1f9e2cd0233ea319c7286db'],['ilialive'],['website'],['ΗΛΕΙΑ LIVE'],['Ilia'],['mt_websites'],False,https://www.facebook.com/ilialive.gr,,https://www.youtube.com/@ilialive,False,False,False,True,True
https://imerazante.gr,imerazante.gr,1,['3b83f963a38e6a99c980a4c6901f9d723ef5e747'],['ΗΜΕΡΑ ΖΑΚΥΝΘΟΥ'],['newspaper'],['ΗΜΕΡΑ ΖΑΚΥΝΘΟΥ'],['Zakynthos'],['mt_press'],False,https://www.facebook.com/imera.zakynthos,https://twitter.com/imerazante,https://www.youtube.com/channel/UCjRMz-RZSOUtj5dA00r4EjA,False,False,True,False,False
https://imerisia.gr,imerisia.gr,1,['c08b021dc674597cfc08c3357186f9528608c396'],['imerisia'],['website'],['OPEN Beyond'],['Attica'],['mt_websites'],False,https://www.facebook.com/imerisia.gr,https://twitter.com/imerisiagr,,False,False,False,True,True
https://inforadio.gr,inforadio.gr,1,['f107ed92c153dc4459baf9948fcc75d7d25211fa'],['INFORADIO'],['radio'],['ΓΕΩΡΓΙΟΣ ΔΗΜΗΤΡΙΑΔΗΣ & ΣΙΑ ΕΕ\nΑ ΓΕΜΗ 114841137000\nΝΟΜΙΜΟΣ ΕΚΠΡΟΣΩΠΟΣ: ΚΥΡΙΑΚΟΣ ΔΗΜΗΤΡΙΑΔΗΣ'],['Corinthia'],['esr_radio'],False,https://www.facebook.com/inforadio95.8,https://x.com/f1radio,,False,True,False,False,False
https://inkefalonia.gr,inkefalonia.gr,1,['7a4989dd0992fed123bfaaff4f69687b7519182f'],"['INKEFALONIA 89,2']",['radio'],['ΕΤΑΙΡΕΙΑ ΕΝΗΜΕΡΩΣΗΣ ΚΑΙ ΕΠΙΚΟΙΝΩΝΙΑΣ ΚΕΦΑΛΛΗΝΙΑΣ ΚΑΙ ΙΘΑΚΗΣ ΑΣΤΙΚΗ ΕΤΑΙΡΕΙΑ ΜΗ ΚΕΡΔΟΣΚΟΠΙΚΟΥ ΧΑΡΑΚΤΗΡΑ'],['Kefalonia'],['esr_radio'],False,https://www.facebook.com/inkefalonianews/,https://x.com/inkefaloniagr?lang=en,https://www.youtube.com/inkefalonia,False,True,False,False,False
https://inpaok.com,inpaok.com,1,['56a21c901023dc109fb517733369bae2c39cfbba'],['inpaok'],['website'],['WAVES PRODUCTIONS PC'],['Thessaloniki'],['mt_websites'],False,https://www.facebook.com/inpaok/,https://www.twitter.com/inpaokCom,https://www.youtube.com/user/inpaok,False,False,False,True,True
https://insider.gr,insider.gr,1,['3eab8a27ff538cd2aa2bf136be8ff003bc0e22e7'],['insider'],['website'],['LIQUID PUBLISHING'],['Attica'],['mt_websites'],False,https://www.facebook.com/insider.gr,https://twitter.com/insiderGrNews,,False,False,False,True,True
https://insidestory.gr,insidestory.gr,1,['6c1a6a305e9c9a8f2772b8fc8ef2133f10da81af'],['insidestory'],['website'],['The Whole Story'],['Attica'],['mt_websites'],False,https://www.facebook.com/insidestory.gr/,https://twitter.com/insidestory_gr,,False,False,False,True,True
https://ioanninatv.gr,ioanninatv.gr,1,['8bf52fadd0e38e047617ce6b93f6c1565ede0da5'],['ITV'],['tv'],['ΙΩΑΝΝΙΝΑ ΤV A.E.'],['Ioannina'],['esr_tv_regional'],False,https://www.facebook.com/ioanninatv/,,https://www.youtube.com/channel/UC2IL98A393OvLdxKa4qjIKg,True,False,False,False,False
https://ioniantv.gr,ioniantv.gr,2,"['308f26fb13f5c8b0b451d84923151482f7dc77bd', '4f8cb24f8c328845f1dc4183cb52ad16b8aad5a2']","['IONIAN TV', 'ioniantv']","['tv', 'website']","['IONIAN TV', 'ΙΟΝΙΑΝ ΡΑΔΙΟΤΗΛΕΟΠΤΙΚΕΣ ΕΠΙΧΕΙΡΗΣΕΙΣ Α.Ε.                                             (πρώην ΕΛΕΥΘΕΡΗ ΡΑΔΙΟΤΗΛΕΟΡΑΣΗ ΖΑΚΥΝΘΟΥ Α.Ε.)']",['Achaia'],"['esr_tv_regional', 'mt_websites']",False,https://www.facebook.com/IonianTv,https://twitter.com/IonianChannel,https://www.youtube.com/channel/UCGM649s8wdiDruTJDgeOMCQ,True,False,False,True,False
https://ionionfm.gr,ionionfm.gr,2,"['642b73d13970b514935811880059b01b792dcbd3', '84a3ca4572c44b2cf10605980d23409a30ab4224']","['IONION FM', 'ionionfm']","['radio', 'website']","['IONION FM', 'Δ. ΚΟΛΟΚΑΣ & ΣΙΑ Ο.Ε.\nΑ ΓΕΜΗ 047128925000\nΝΟΜΙΜΟΣ ΕΚΠΡΟΣΩΠΟΣ: ΔΗΜΗΤΡΙΟΣ ΚΟΛΟΚΑΣ\nΝΟΜΙΜΟΣ ΕΚΠΡΟΣΩΠΟΣ: ΑΝΤΩΝΙΟΣ ΓΡΗΓΟΡΟΠΟΥΛΟΣ']",['Ilia'],"['esr_radio', 'mt_websites']",False,https://www.facebook.com/ionionfm/?locale=el_GR,,https://www.youtube.com/user/ionionfm,False,True,False,True,False
https://iparnassos.gr,iparnassos.gr,1,['53eba3b9a09909eca44149a2bb571cf1dcd1ed4e'],['iparnassos'],['website'],['«Nowtopia Κοιν.Σ.Επ.»'],['Fokida'],['mt_websites'],False,https://www.facebook.com/Iparnassos-106901917922085,,,False,False,False,True,True
https://iraklionews.gr,iraklionews.gr,1,['1fe5ff32c31aefaef2395f4a93eb18032243c75e'],['iraklionews'],['website'],['iraklionews.gr'],['Iraklio'],['mt_websites'],False,https://www.facebook.com/iraklionews.gr/,https://x.com/iraklionews?lang=en,https://www.youtube.com/@iraklionewscrete/videos,False,False,False,True,True
https://iridatv.gr,iridatv.gr,1,['03f610ed414c63d8fe54b10acf1e95f0b239e92b'],['IRIDA TV'],['tv'],['ΡΑΔΙΟΤΗΛΕΟΠΤΙΚΕΣ ΤΟΥΡΙΣΤΙΚΕΣ ΕΠΙΧΕΙΡΗΣΕΙΣ  ΙΡΙΔΑ  Α.Ε.'],['Dodecanese'],['esr_tv_regional'],False,https://www.facebook.com/iridatv/?fref=ts,https://x.com/iridatv,https://www.youtube.com/@iridatvrodos,True,False,False,False,False
https://ixotisartas.gr,ixotisartas.gr,1,['39d555442a3093115b87ab80487b08af5526cb23'],['ΗΧΩ ΤΗΣ ΑΡΤΑΣ'],['newspaper'],['ΗΧΩ ΤΗΣ ΑΡΤΑΣ'],['Arta'],['mt_press'],False,https://www.facebook.com/ixotisartas.gr/,,https://www.youtube.com/user/ixoartas,False,False,True,False,False
https://k-tipos.gr,k-tipos.gr,1,['8c7501c0be3faa7793f0ddc290c26e0429f9e251'],['k-tipos'],['website'],['ΞΥΡΑΦΙ'],['Kavala'],['mt_websites'],False,http://www.facebook.com/ktipos,https://www.twitter.com/xirafi,https://www.youtube.com/user/xirafigr,False,False,False,True,True
https://kanaliena.gr,kanaliena.gr,1,['ba1904b1776ea5d38fa6dee4a34ba9f337f3f1e5'],"['ΚΑΝΑΛΙ 1 90,6 FM STEREO']",['radio'],['ΔΗΜΟΤΙΚΗ ΡΑΔΙΟΦΩΝΙΑ  ΠΕΙΡΑΙΑ (ΔΗ.ΡΑ.Π.)\nΝΟΜΙΜΟΣ ΕΚΠΡΟΣΩΠΟΣ: ΙΩΣΗΦ ΒΟΥΡΑΚΗΣ'],['Attica'],['esr_radio'],False,https://www.facebook.com/kanaliena.gr,https://twitter.com/i/flow/login?redirect_after_login=%2Fkanaliena904,https://www.youtube.com/kanalienagr,False,True,False,False,False
https://karditsanews.gr,karditsanews.gr,1,['af5936b48152a71db8536365bb82beaaa194ddd7'],['karditsanews'],['website'],['ORION MEDIA'],['Karditsa'],['mt_websites'],False,https://www.facebook.com/karditsanews.gr/,,,False,False,False,True,True
https://karfitsa.gr,karfitsa.gr,1,['992b18042fa90ce0a23ecd9771c97c7d5baf0981'],['ΕΦΗΜΕΡΙΔΑ KARFITSA'],['newspaper'],['N.K. MEDIA GROUP Ε.Π.Ε.'],['Attica'],['mt_press'],False,https://www.facebook.com/karfitsa.gr/,https://twitter.com/karfitsagr/,https://www.youtube.com/channel/UCuvE65yru0laOaFLZedwTHQ/,False,False,True,False,False
https://karvasaras.gr,karvasaras.gr,1,['c619af20aff5d81dd35d88bee0fa7594ae76b477'],['karvasaras'],['website'],['All Around Media'],['Aitoloakarnania'],['mt_websites'],False,https://www.facebook.com/karvasarasgr/,https://x.com/karvasarasgr,https://www.youtube.com/channel/UC_jk6E0M8Rageaeq6st-xXw,False,False,False,True,True
https://kastoriafm.gr,kastoriafm.gr,1,['44be01d217463260c4160324eb6a026fddba8e51'],"['KASTORIA FM STEREO 91,5']",['radio'],['ΙΩΑΝΝΗΣ ΤΟΜΟΠΟΥΛΟΣ\nΑΠΟΒΙΩΣΑΣ'],['Kastoria'],['esr_radio'],False,,,,False,True,False,False,False
https://kastorianiestia.gr,kastorianiestia.gr,1,['1e09d3f754b16fa5968de5169bf0d50acf64e05e'],['ΚΑΣΤΟΡΙΑΝΗ ΕΣΤΙΑ'],['newspaper'],['ΚΑΣΤΟΡΙΑΝΗ ΕΣΤΙΑ'],['Kastoria'],['mt_press'],False,https://www.facebook.com/kasestia/,,https://www.youtube.com/channel/UC7dZWssHa_ZaS3J1G6pCwqQ,False,False,True,False,False
https://kathimerini.gr,kathimerini.gr,3,"['25e84ad7ce34e252c00eb0c0f20d69c38b2f1c23', '6ccbdaf4c44df5fedc9bc3a3323fe189e9b0ca43', 'f9aa8ccc1f91fd7223f4fcb97505e657ea31b927']","['kathimerini', 'Η ΚΑΘΗΜΕΡΙΝΗ', 'ΚΑΘΗΜΕΡΙΝΗ ΤΗΣ ΚΥΡΙΑΚΗΣ']","['newspaper', 'website']",['Η ΚΑΘΗΜΕΡΙΝΗ ΜΟΝΟΠΡΟΣΩΠΗ ΑΝΩΝΥΜΗ ΕΤΑΙΡΕΙΑ'],['Attica'],"['mt_press', 'mt_websites']",False,https://www.facebook.com/kathimerinigr,https://twitter.com/kathimerini_gr,https://www.youtube.com/c/kathimerini,False,False,True,True,False
https://katohika.gr,katohika.gr,1,['08155a116a21442caac0a5355e8aa26659272a64'],['katohika'],['website'],[],['Attica'],['manual_independent'],True,,,,False,False,False,True,True
https://kavala-portal.gr,kavala-portal.gr,1,['b50b86d199a77ad02c8a453813dbee4819172569'],['kavala-portal'],['website'],['KAVALA PORTAL'],['Kavala'],['mt_websites'],False,https://www.facebook.com/fonikavalas/,https://twitter.com/kavalaportal,https://www.youtube.com/channel/UCjtrdJf3hOvMY-oLBFXKhIg/,False,False,False,True,True
https://kavalanews.gr,kavalanews.gr,1,['2865f5c8e892b431eb63e6d67cb05e643a50e83d'],['KAVALA NEWS'],['radio'],"['ΤΗΛΕΦΑΣΣΑ ΙΔΙΩΤΙΚΗ ΚΕΦΑΛΑΙΟΥΧΙΚΗ ΕΤΑΙΡΕΙΑ\n (ΙΔ. ΣΥΜΦ. 25.1.2024, Α.Π. 6425/2.12.2024)\nΑ ΓΕΜΗ 128701730000\nΝΟΜΙΜΟΣ ΕΚΠΡΟΣΩΠΟΣ: ΚΩΝΣΤΑΝΤΙΝΟΣ ΝΙΚΟΛΤΣΙΟΣ']",['Kavala'],['esr_radio'],False,https://www.facebook.com/kavalanews.gr,https://x.com/kavalanews,https://www.youtube.com/user/kavalanews,False,True,False,False,False
https://kavalapost.gr,kavalapost.gr,1,['2e8898aada53f4888744da4caa3ca3d27ef8f871'],['kavalapost'],['website'],['KAVALA POST'],['Kavala'],['mt_websites'],False,https://facebook.com/kavalapost.gr,https://twitter.com/kavalapostgr,,False,False,False,True,True
https://kavalasports.gr,kavalasports.gr,1,['efab761a9d602d5e501b3db3d0c2d6b1ff66a885'],['kavalasports'],['website'],['DIGITAL PUBLIC ΜΟΝΟΠΡΟΣΩΠΗ ΙΚΕ'],['Kavala'],['mt_websites'],False,https://www.facebook.com/kavalanews.gr,https://x.com/kavalanews,https://www.youtube.com/kavalanews,False,False,False,True,True
https://kavalawebnews.gr,kavalawebnews.gr,1,['2018a822b983a4f956d315f6b308a9b69909e42f'],['ΕΝΗΜΕΡΟΣ'],['newspaper'],['ΕΝΗΜΕΡΟΣ'],['Kavala'],['mt_press'],False,https://www.facebook.com/KavalaWebNews.gr,https://x.com/KavalaWebNewsGR,,False,False,True,False,False
https://kefalonianmantata.gr,kefalonianmantata.gr,1,['56aba785b74d4b6b8ca9d8fc0adfc7599197c0de'],['ΗΜΕΡΗΣΙΟΣ ΚΕΦΑΛΟΝΙΑΣ & ΙΘΑΚΗΣ'],['newspaper'],['KEFALONEWS ΧΡ. ΠΑΠΑΔΑΤΟΣ'],['Kefalonia'],['mt_press'],False,https://www.facebook.com/EfimeridaImerisios/,,,False,False,True,False,False
https://kerkidasport.gr,kerkidasport.gr,1,['8de391ffa7899eed02638d588bd698216e002750'],['kerkidasport'],['website'],[],['Imathia'],['mt_websites'],False,https://www.facebook.com/kerkidasport/,https://x.com/kerkidasport,https://www.youtube.com/user/kerkidasport,False,False,False,True,True
https://kerkyrasimera.gr,kerkyrasimera.gr,1,['053f3aa551801f743ea3f6ea4c90e4a01b9bff6a'],['Η ΚΕΡΚΥΡΑ ΣΗΜΕΡΑ'],['newspaper'],['Η ΚΕΡΚΥΡΑ ΣΗΜΕΡΑ'],['Corfu'],['mt_press'],False,https://www.facebook.com/kerkyrasimera/,https://x.com/corfunewspaper?mx=2,https://www.youtube.com/@corfunewspaper2803,False,False,True,False,False
https://koinignomi.gr,koinignomi.gr,1,['010631448470c8f92c7debd41a034033e07fe43f'],['Κοινή Γνώμη'],['newspaper'],['Τυποκυκλαδική ΑΕ'],['Cyclades'],['mt_press'],False,https://www.facebook.com/pages/%CE%9A%CE%BF%CE%B9%CE%BD%CE%AE-%CE%93%CE%BD%CF%8E%CE%BC%CE%B7/460827877312985,https://twitter.com/Koini_Gnomi,http://www.youtube.com/user/KoiniGnwmi,False,False,True,False,False
https://koinoniki.gr,koinoniki.gr,2,"['2690585ef9fb6ba20f20f1064db48fb705c90122', 'c6a3f773cfbd6c5c96406d0fbf2c3bee915a8bf9']","['koinoniki', 'ΚΟΙΝΩΝΙΚΗ']","['newspaper', 'website']",[],['Attica'],"['mt_press', 'mt_websites']",False,https://www.facebook.com/koinoniki/?fref=ts,https://twitter.com/koinonikinews,https://www.youtube.com/channel/UCoG4Rs2hZKG3LEQ9n0qONRA,False,False,True,True,False
https://komotini24.gr,komotini24.gr,1,['7914e8f368cdb59806faa18c62f2721a6585de6d'],['ΘΡΑΚΙΚΗ ΑΓΟΡΑ'],['newspaper'],['ΚΩΝΣΤΑΝΤΙΝΟΣ Γ. ΜΑΥΡΟΜΑΤΗΣ'],['Rodopi'],['mt_press'],False,https://www.facebook.com/komotini24/?locale=el_GR,https://x.com/komotini24?lang=en,,False,False,True,False,False
https://kontrachannel.gr,kontrachannel.gr,1,['d5d7d9aad11fe424cbe1087789255c480c1c2820'],['KONTRA CHANNEL'],['tv'],"['KONTRA ΥΠΗΡΕΣΙΕΣ TV MARKETING ΜΟΝΟΠΡΟΣΩΠΗ ΑΝΩΝΥΜΗ ΕΤΑΙΡΕΙΑ \n\n(πρώην ΒΙΟΔΙΑΣΩΣΗ ΡΑΔΙΟΤΗΛ/ΚΗ ΟΙΚΟΛΟΓΙΚΗ Α.Ε.  , πρώην ΠΑΠΑΝΙΚΟΛΑΣ ΚΩΝ/ΝΟΣ & ΣΙΑ Ε.Ε.)']",['Attica'],['esr_tv_regional'],False,https://www.facebook.com/kontrachannel/,https://twitter.com/Kontrachannel,https://www.youtube.com/user/kontrachannelhellas,True,False,False,False,False
https://kontranews.gr,kontranews.gr,1,['93b5eca63f143adc9fd9e170e834a7f32259e401'],['kontranews'],['website'],[],['Attica'],['manual_independent'],True,https://www.facebook.com/kontrachannel,https://twitter.com/KontraChannel,https://www.youtube.com/user/kontrachannelhellas,False,False,False,True,True
https://kosmoslarissa.gr,kosmoslarissa.gr,2,"['1c7fe7acf4ced25caebee8c3463bfa0c1fb892d7', 'aeb8ba7c33fd5ecd086e9baf9c251b1ef92832e7']","['ΚΟΣΜΟΣ', 'ΚΟΣΜΟΣ ΤΟΥ ΣΑΒΒΑΤΟΚΥΡΙΑΚΟΥ']",['newspaper'],['LOCAL NEWS ΙΚΕ'],['Larissa'],['mt_press'],False,https://www.facebook.com/kosmoslarissa.gr/,https://x.com/kosmoslarissa,https://www.youtube.com/@kosmoslarissagr-xn9rv,False,False,True,False,False
https://kostv.gr,kostv.gr,1,['5d4854fa3da2ee6722054a6e350dbc0b3979ee23'],['KOS TV'],['tv'],['ΔΗΡΑΣ ΚΩ (ΔΗΜΟΤΙΚΟΣ ΡΑΔΙΟΤΗΛΕΟΠΤΙΚΟΣ ΣΤΑΘΜΟΣ ΚΩ)'],['Dodecanese'],['esr_tv_regional'],False,https://www.facebook.com/kostvgr,,https://www.youtube.com/@kostv_,True,False,False,False,False
https://koutipandoras.gr,koutipandoras.gr,1,['d5a28f6f9b5d11f8b00713f631689b859706c2fa'],['koutipandoras'],['website'],['ΤΟ ΚΟΥΤΙ ΤΗΣ ΠΑΝΔΩΡΑΣ MEDIA ΕΕ'],['Attica'],['mt_websites'],False,https://www.facebook.com/koutipandoras.gr,https://twitter.com/Kouti_Pandoras,https://www.youtube.com/user/koutipandoras,False,False,False,True,True
https://kozaninews.gr,kozaninews.gr,1,['cdaf0f7a7153b75948362fb16a9d3738edb61885'],['kozaninews'],['website'],['ORION MEDIA'],['Karditsa'],['mt_websites'],False,https://www.facebook.com/kozaninews.gr/,https://x.com/kozaninews,,False,False,False,True,True
https://kozanipress.gr,kozanipress.gr,1,['83beb0d740f893b64514867e9e075557f8172ac3'],['kozanipress'],['website'],['ΠΡΩΙΝΗ'],['Grevena'],['mt_websites'],False,https://www.facebook.com/p/Kozanipress-100036847431508/,,https://www.youtube.com/user/KOZANIPRESS,False,False,False,True,True
https://krinilive.gr,krinilive.gr,1,['63bd75aa6246e9d95e642e144ad63b26f9bfcb1d'],['krinilive'],['website'],['ΚΡΗΝΗ LIVE!'],['Trikala'],['mt_websites'],False,https://www.facebook.com/KriniLive.gr/,,https://www.youtube.com/@KriniLive,False,False,False,True,True
https://kritep.gr,kritep.gr,1,['277d12af095499b98d8fdf878e02d94949346138'],['ΚΡΗΤΙΚΗ ΕΠΙΘΕΩΡΗΣΗ'],['newspaper'],[],['Rethymno'],['mt_press'],False,https://www.facebook.com/pages/%CE%9A%CF%81%CE%B7%CF%84%CE%B9%CE%BA%CE%AE-%CE%95%CF%80%CE%B9%CE%B8%CE%B5%CF%8E%CF%81%CE%B7%CF%83%CE%B7/212198699244342/?_rdr,,,False,False,True,False,False
https://kriti360.gr,kriti360.gr,1,['1542c258762784747b3b69e8d6e38663b79f3792'],['ΣΕΛΙΝΙΩΤΙΚΑ ΝΕΑ'],['newspaper'],['ΤΑ ΣΕΛΙΝΙΩΤΙΚΑ ΝΕΑ'],['Chania'],['mt_press'],False,https://www.facebook.com/kriti360.gr/,https://twitter.com/kriti360g?lang=el,https://www.youtube.com/channel/UCLcDyWkzJeGBo7-tHETMdpA,False,False,True,False,False
https://krnews.gr,krnews.gr,1,['02ed78fc5db4d70c1de8343d6ed7254a40e6b502'],['ΚΟΡΙΝΘΙΑΚΗ'],['newspaper'],['ΚΟΡΙΝΘΙΑΚΗ'],['Corinthia'],['mt_press'],False,https://www.facebook.com/krnews.gr,https://twitter.com/korinthiaki,,False,False,True,False,False
https://kykladiki.gr,kykladiki.gr,1,['dbd2e18388885be36743ae196b3fc4f421bf0af4'],['ΚΥΚΛΑΔΙΚΗ'],['newspaper'],['ΚΥΚΛΑΔΙΚΗ'],['Cyclades'],['mt_press'],False,https://www.facebook.com/kykladiki,https://x.com/kykladiki_,https://www.youtube.com/@%CE%9A%CF%85%CE%BA%CE%BB%CE%B1%CE%B4%CE%B9%CE%BA%CE%AE%CE%B5%CF%86%CE%B7%CE%BC%CE%B5%CF%81%CE%AF%CE%B4%CE%B1,False,False,True,False,False
https://ladylike.gr,ladylike.gr,1,['fd5d2df18568a304b633220bee0c59f764818d65'],['ladylike'],['website'],['24 MEDIA Α.Ε ΨΗΦΙΑΚΩΝ ΕΦΑΡΜΟΓΩΝ'],['Attica'],['mt_websites'],False,https://www.facebook.com/Ladylikegr/,,https://www.youtube.com/ladylikegreece,False,False,False,True,True
https://lamiafm1.gr,lamiafm1.gr,2,"['0e1a9db7cee1f4a4e46e9f52136020d8d50fff47', '69ee0691a235576f92c966e5729512cd96363e3c']","['lamiafm1', 'ΛΑΜΙΑ FM-1']","['radio', 'website']","['SPOT O.Ε. ΑΠΟΣΤΟΛΟΣ ΕΛΛΗΝΑΣ\nΑ ΓΕΜΗ 022430054000\nΝΟΜΙΜΟΣ ΕΚΠΡΟΣΩΠΟΣ: ΠΑΡΑΣΚΕΥΗ ΤΣΙΑΧΡΗ\nΝΟΜΙΜΟΣ ΕΚΠΡΟΣΩΠΟΣ: ΓΕΩΡΓΙΑ ΜΑΡΙΑ ΕΛΛΗΝΑ', 'lamiafm1.gr']",['Fthiotida'],"['esr_radio', 'mt_websites']",False,https://www.facebook.com/people/Lamia-FM-1-962/61559572703683/,,https://www.youtube.com/@LamiaFM-zh8cx,False,True,False,True,False
https://lamiakos-typos.gr,lamiakos-typos.gr,1,['b621053e741e33fb4bce7571b994afbc50a42ad9'],['ΛΑΜΙΑΚΟΣ ΤΥΠΟΣ'],['newspaper'],['ΛΑΜΙΑΚΟΣ ΤΥΠΟΣ Α.Ε.'],['Fthiotida'],['mt_press'],False,https://www.facebook.com/lamiakos.typos,https://www.twitter.com/lamiakos_typos,,False,False,True,False,False
https://lamianet.gr,lamianet.gr,1,['4a8e1d63c253c906fefac351c9bea250691f0e88'],['ΡΑΔΙΟ ΝΕΤ'],['radio'],['ΙΩΑΝΝΗΣ ΠΑΣΙΑΚΟΣ\n(ΑΠΟΒΙΩΣΑΣ)'],['Fthiotida'],['esr_radio'],False,https://www.facebook.com/RadioNet1019SportFmLamia,,https://www.youtube.com/@radionet101.9,False,True,False,False,False
https://lamiapolis.gr,lamiapolis.gr,1,['687f245f54d98cc028fc5e57275453ffd76081a7'],"['LAMIA POLIS 87,7 FM']",['radio'],['ΜΟΝΟΠΡΟΣΩΠΗ ΙΚΕ LAMIA MEDIA VOICE\nΑ ΓΕΜΗ 165117254000 \nΝΟΜΙΜΟΣ ΕΚΠΡΟΣΩΠΟΣ: ΠΑΝΑΓΙΩΤΗΣ ΚΑΤΣΩΝΗΣ'],['Fthiotida'],['esr_radio'],False,https://www.facebook.com/lamiapolis877fm/?locale=el_GR,https://x.com/lamiapolis_877,https://www.youtube.com/@lamiapolis877fm,False,True,False,False,False
https://lamiareport.gr,lamiareport.gr,1,['9b3bfef28fa947d00f647528650cdd0e4ea08336'],['lamiareport'],['website'],['ΠΑΛΜΟΣ'],['Fthiotida'],['mt_websites'],False,https://www.facebook.com/pages/LamiaReportgr/120830027937234,,https://www.youtube.com/@Vampireos,False,False,False,True,True
https://laosnews.gr,laosnews.gr,1,['e21a8050f075d620888713b02e44e39c20a87e41'],['εφημερίδα ΛΑΟΣ'],['newspaper'],['ΕΚΔΟΤΙΚΗ ΔΗΜΟΣΙΟΓΡΑΦΙΚΗ ΒΕΡΟΙΑΣ'],['Imathia'],['mt_press'],False,https://www.facebook.com/laosnews.gr/,https://x.com/laosnews_veria,,False,False,True,False,False
https://larisanews.gr,larisanews.gr,1,['01e538b4109d0e7397a322449a1b1dbda4a8834d'],['larisanews'],['website'],['ORION MEDIA'],['Karditsa'],['mt_websites'],False,https://www.facebook.com/larisanews.gr/,https://x.com/larisanews1,,False,False,False,True,True
https://larissanet.gr,larissanet.gr,1,['df6073e38907876c9bd29e370415ed0a4dced2d0'],['larissanet'],['newspaper'],['larissanet'],['Larissa'],['mt_press'],False,https://www.facebook.com/larissanet.gr/,https://twitter.com/LARISSANETGR,https://www.youtube.com/channel/UCIR4go8aCQ9oh6h6bMfr9cg,False,False,True,False,False
https://larissapress.gr,larissapress.gr,1,['47444befefab0e63c086d87fdb57fbc86e83f7bf'],['larissapress'],['website'],['LIBERTY'],['Larissa'],['mt_websites'],False,https://www.facebook.com/LarissaPress.gr/,https://twitter.com/larissapressgr,https://www.youtube.com/channel/UCMVSTLF5VCyAgidl_Hthtnw,False,False,False,True,True
https://latofm.gr,latofm.gr,1,['cbc8c229d13445187fbc2bd8913af07b9e02f5ab'],['ΛΑΤΩ ΡΑΔΙΟ'],['radio'],['ΛΑΤΩ ΡΑΔΙΟΤΗΛΕΟΠΤΙΚΗ ΜΟΝ. Α.Ε.\nΑ ΓΕΜΗ 025065541000\nΝΟΜΙΜΟΣ ΕΚΠΡΟΣΩΠΟΣ: ΓΡΗΓΟΡΙΟΣ ΚΟΥΤΣΟΥΔΑΚΗΣ'],['Lasithi'],['esr_radio'],False,https://www.facebook.com/latofm103.3/,https://twitter.com/Latofm1033,https://www.youtube.com/@FM-ij8vr,False,True,False,False,False
https://lawandorder.gr,lawandorder.gr,1,['e93f7383337f1aac1efcf63205ed616a58603ee0'],['lawandorder'],['website'],['MEDIA MATRIX M.I.K.E.'],['Attica'],['mt_websites'],False,https://www.facebook.com/lawandorder.gr,https://twitter.com/Lawandordergr,https://www.youtube.com/channel/UCv5rQLR0fNQuuFGT1TfZVSw,False,False,False,True,True
https://lefkadatoday.gr,lefkadatoday.gr,1,['075ba14011caf3e49bdc96920b8b9fe0e916ac14'],['lefkadatoday'],['website'],['ENERGY MEDIA GROUP IKE'],['Preveza'],['mt_websites'],False,https://www.lefkadatoday.gr/,https://x.com/lefkadatoday?lang=en,https://www.youtube.com/@lefkadatoday671,False,False,False,True,True
https://lepantortv.gr,lepantortv.gr,2,"['7fcda1401f1c85af008b72288a1c0598c67be18a', 'bdaf1f91913760394241b7c9b9e90d4adccf0f03']","['LEPANTO TV', 'ΝΑΥΠΑΚΤΙΑ Press']","['newspaper', 'tv']","['LEPANTO  RTV ΑΝΩΝΥΜΗ ΡΑΔΙΟΤΗΛΕΟΠΤΙΚΗ ΕΤΑΙΡΕΙΑ', 'LEPANTO media']",['Aitoloakarnania'],"['esr_tv_regional', 'mt_press']",False,https://m.facebook.com/lepantortvgr/?locale2=el_GR,https://mobile.twitter.com/lepantotv,https://www.youtube.com/user/lepantortv,True,False,True,False,False
https://liberal.gr,liberal.gr,1,['379b82a2330b8dcc2ea29631e0f5fdab981906e2'],['liberal'],['website'],[],['Attica'],['mt_websites'],False,https://www.facebook.com/liberalgr,https://twitter.com/liberalgr,,False,False,False,True,True
https://libre.gr,libre.gr,1,['3097afa07b3c94f2b088642d65689cbedead67a7'],['libre'],['website'],['S   P COM'],['Attica'],['mt_websites'],False,https://www.facebook.com/libre.gr/,https://twitter.com/libre_gr,https://www.youtube.com/channel/UCe1PXFjAVn9hKQyCDdPeqJw,False,False,False,True,True
https://life-news.gr,life-news.gr,1,['59a997cf0de01f0863cbb45994c2a9d09559cb38'],"['LIFE RADIO 102,9']",['radio'],['ΣΟΥΠΕΡ ΡΕΝΤΙΟ Α.Ε.\nΑ ΓΕΜΗ 034357933000\nΝΟΜΙΜΟΣ ΕΚΠΡΟΣΩΠΟΣ: ΓΡΗΓΟΡΙΟΣ ΕΥΑΓΓΕΛΟΥ'],['Corfu'],['esr_radio'],False,https://www.facebook.com/LifeNewsRadio/,https://mobile.twitter.com/lifenews1029,https://www.youtube.com/channel/UCsW97EC8lAgdiFA8p4uaFrg,False,True,False,False,False
https://lifo.gr,lifo.gr,1,['40bc7d49a5483c29e373bd24bd1c259402b05104'],['LIFO'],['newspaper'],['LIFO'],['Attica'],['mt_press'],False,https://www.facebook.com/lifo.mag,https://twitter.com/lifomag,https://www.youtube.com/@LiFOTV,False,False,True,False,False
https://limnosfm100.gr,limnosfm100.gr,1,['a284250d3a8c780ae350556e434f502edfaadb95'],['ΛΗΜΝΟΣ FM 100'],['radio'],['Ι. ΜΑΝΩΛΕΡΗΣ ΚΑΙ ΣΙΑ Ο.Ε'],['Lesvos'],['esr_radio'],False,https://www.facebook.com/limnosfm100,https://x.com/LimnosFm100,https://www.youtube.com/channel/UCA3snGwTdy0Ymrsmeq78qiw,False,True,False,False,False
https://limnosnea.gr,limnosnea.gr,1,['0f2833587e2e23f7a1c54768e1890f18fe326774'],['ΛΗΜΝΟΣ - ΡΑΔΙΟ ΑΛΦΑ'],['radio'],['ΗΛΙΑΣ ΝΙΚΟΛΑΟΣ ΚΟΤΣΑΛΗΣ'],['Lesvos'],['esr_radio'],False,,,,False,True,False,False,False
https://logotypos.gr,logotypos.gr,1,['5eb6e3a8844526f8445be4c71e1c26009052bbbc'],['Ο ΛΟΓΟΣ ΤΩΝ ΚΥΚΛΑΔΩΝ'],['newspaper'],['Ο ΛΟΓΟΣ ΤΩΝ ΚΥΚΛΑΔΩΝ'],['Cyclades'],['mt_press'],False,https://www.facebook.com/logotypos/,https://twitter.com/LogotyposGr,https://www.youtube.com/channel/UChmHLRA96Rl3d-GwSRFcfCg/videos,False,False,True,False,False
https://lykavitos.gr,lykavitos.gr,1,['a4aba8f148838d73f16f9404164119661c12f3ab'],['lykavitos'],['website'],['HT PRESS ONLINE ΜΟΝΟΠΡΟΣΩΠΗ IKE'],['Attica'],['mt_websites'],False,https://www.facebook.com/lykavitos.gr/,https://x.com/lykavitosgr,https://www.youtube.com/watch?v=-l78rYw7pAk,False,False,False,True,True
https://madamefigaro.gr,madamefigaro.gr,1,['2be9a3d8dc2fad1988e018a161962e6b7bf0077e'],['madamefigaro'],['website'],['ΑΤΤΙΚΕΣ ΕΚΔΟΣΕΙΣ Α.Ε.'],['Attica'],['mt_websites'],False,https://www.facebook.com/MadameFigaroGreece,,,False,False,False,True,True
https://mag24.gr,mag24.gr,1,['306c45680ca47ace1f50a3dceed15a1ae574fc42'],['mag24'],['website'],[],['Fthiotida'],['mt_websites'],False,https://www.facebook.com/mag24greece,https://twitter.com/mag24gr,https://www.youtube.com/@mag24online,False,False,False,True,True
https://magnesianews.gr,magnesianews.gr,1,['2159e6d238ab00fb1db9aecf01530295fb8dc222'],['magnesianews'],['website'],[],['Magnesia'],['mt_websites'],False,https://www.facebook.com/magnesianews,https://twitter.com/magnesianews,https://www.youtube.com/magnesianews,False,False,False,True,True
https://mahitisnews.gr,mahitisnews.gr,1,['517ad099c402ea15cd1370369ffce98ecc6626ce'],['ΜΑΧΗΤΗΣ'],['newspaper'],[],['Aitoloakarnania'],['mt_press'],False,,https://www.youtube.com/@%CE%95%CF%86%CE%B7%CE%BC%CE%B5%CF%81%CE%AF%CE%B4%CE%B1%CE%9C%CE%B1%CF%87%CE%B7%CF%84%CE%AE%CF%82,,False,False,True,False,False
https://makeleio.gr,makeleio.gr,1,['13ac21327d8da6bce059f5c9052d82840c15d5e7'],['makeleio'],['website'],['ΘΗΣΕΑΣ ΕΝΗΜΕΡΩΣΗ ΔΙΑΔΙΚΤΥΟΥ ΜΟΝΟΠΡΟΣΩΠΗ Ι Κ Ε'],['Attica'],['mt_websites'],False,https://www.facebook.com/makeleionew/,https://twitter.com/makeleio_gr,,False,False,False,True,True
https://maleviziotis.gr,maleviziotis.gr,1,['11b60beaf6742e0d05c081c14b8e1cc73228459f'],['maleviziotis'],['website'],['maleviziotis.gr'],['Iraklio'],['mt_websites'],False,https://www.facebook.com/maleviziotis,https://twitter.com/MaleviziotisGr,https://www.youtube.com/channel/UCgiO33VwNgtsxkuKNscg0VQ,False,False,False,True,True
https://mama365.gr,mama365.gr,1,['0036c3884c24db1e155dbb219c5a280e2b834f7e'],['mama365'],['website'],['ΜΑΜΑ365 ΕΠΕ'],['Attica'],['mt_websites'],False,https://www.facebook.com/mama365,https://twitter.com/mama365_gr,,False,False,False,True,True
https://matchnews.gr,matchnews.gr,2,"['0aaeef8e90c3ed95d330ca13686e3c81561c3561', '7a4df320c15297426819fa795199ca3c3e74ecd3']","['MATCH ΑΧΑΙΑΣ', 'ΗΜΕΡΗΣΙΟΣ ΤΗΣ ΑΧΑΪΑΣ']",['newspaper'],"['MIKAD', 'ΗΜΕΡΗΣΙΟΣ ΤΗΣ ΑΧΑΪΑΣ']",['Achaia'],['mt_press'],False,http://www.facebook.com/matchnews.gr,http://www.twitter.com/matchaxaias,,False,False,True,False,False
https://maxitisartas.gr,maxitisartas.gr,1,['134f196950eae7a1db0b7ceb9919736c268490f0'],['ΜΑΧΗΤΗΣ ΑΡΤΑΣ'],['newspaper'],['ΜΑΧΗΤΗΣ ΚΑΘΗΜΕΡΙΝΗ ΕΦΗΜΕΡΙΔΑ ΤΗΣ ΑΡΤΑΣ'],['Arta'],['mt_press'],False,https://www.facebook.com/maxitis.artas/,,,False,False,True,False,False
https://meapopsi.gr,meapopsi.gr,1,['b544910491140e4580fba7dc1a4dc6864752b831'],['Άποψη Πέλλας'],['newspaper'],['ΤΥΠΟΕΚΔΟΤΙΚΗ ΟΕ'],['Pella'],['mt_press'],False,,,,False,False,True,False,False
https://meas-radio-limnos.gr,meas-radio-limnos.gr,1,['7adbb663feb14f1f8ad9a997d2448557dc83c08e'],['ΡΑΔΙΟ ΛΗΜΝΟΣ'],['radio'],['ΜΟΡΦΩΤΙΚΟΣ ΕΚΠΟΛΙΤΙΣΤΙΚΟΣ ΑΘΛΗΤΙΚΟΣ ΣΥΛΛΟΓΟΣ ΛΗΜΝΟΥ'],['Lesvos'],['esr_radio'],False,https://web.facebook.com/radiolimnos?locale=el_GR,,https://www.youtube.com/@measlemnos,False,True,False,False,False
https://media-news.gr,media-news.gr,3,"['5082ee5e03047e3b0612481a800eb6076783573b', '67a4ef07020650afb589432a01cf8b85e09f7017', '833a6d4ae05244ed2bd50dc77b8e5564c581c46b']","['ΕΡΜΗΣ ΚΟΖΑΝΗΣ', 'ΠΡΩΙΝΗ ΓΡΕΒΕΝΩΝ', 'ΠΡΩΙΝΗ ΚΟΖΑΝΗΣ']",['newspaper'],['ΠΡΩΙΝΗ'],['Grevena'],['mt_press'],False,https://www.facebook.com/medianews.gr/,,https://www.facebook.com/medianews.gr/,False,False,True,False,False
https://megalopoli-fm.gr,megalopoli-fm.gr,1,['56ef282b342aabe680014e75aa0f539694cacd8a'],['ΜΕΓΑΛΟΠΟΛΗ FM'],['radio'],['ΔΗΜΟΣΘΕΝΗΣ ΠΑΠΠΑΣ'],['Arcadia'],['esr_radio'],False,,,megalopoli-fm,False,True,False,False,False
https://megatv.com,megatv.com,2,"['41287096af1bec5c5670f25134e1b6a5508a321c', 'b7fc6379a90895678d8103ef434ae5ff8dcbe63e']","['MEGA', 'megatv']","['tv', 'website']","['ALTER EGO MEDIA Α.Ε.', 'ΑΛΤΕΡ EGO MEDIA A.E.']",['Attica'],"['esr_tv_national', 'mt_websites']",False,https://www.facebook.com/megatvcom/,https://x.com/MegaTvOfficial,https://www.youtube.com/@MegaTVClassics,True,False,False,True,False
https://menshouse.gr,menshouse.gr,1,['1a3bb4445df399fd454fb1a7b380412036521812'],['menshouse'],['website'],['PARALOT MEDIA AND MARKETING LIMITED'],['Attica'],['mt_websites'],False,https://www.facebook.com/menshouse.gr/?locale=el_GR,https://x.com/Menshousegr,https://www.youtube.com/@menshouse2910,False,False,False,True,True
https://mesogeiostv.gr,mesogeiostv.gr,1,['22d01a486519b177ede5cf4158695de8eb430267'],['ΜΕΣΟΓΕΙΟΣ TV'],['tv'],['ΜΕΣΟΓΕΙΟΣ ΡΑΔΙΟΤΗΛΕΟΠΤΙΚΟΣ ΣΤΑΘΜΟΣ ΑΝΩΝΥΜΗ ΕΤΑΙΡΕΙΑ'],['Messinia'],['esr_tv_regional'],False,https://www.facebook.com/mesogeiostv/,https://x.com/MesogeiosTv,https://www.youtube.com/@MESOGEIOSTV-kx2dj,True,False,False,False,False
https://methorios.gr,methorios.gr,2,"['1f40500665f1c153286536063ca670d037217cbd', '818e04421d835cb4337830b04512d90d88e053c9']","['methorios', 'ΕΦΗΜΕΡΙΔΑ «ΜΕΘΟΡΙΟΣ»']","['newspaper', 'website']","['Η ΓΝΩΜΗ', 'ΜΕΘΟΡΙΟΣ']",['Evros'],"['mt_press', 'mt_websites']",False,https://www.facebook.com/Methoriosorestiada/,,,False,False,True,True,False
https://metrosport.gr,metrosport.gr,1,['53d29afabbde8d8cde3f5e4fdde29a2d1c174753'],['metrosport'],['website'],['METROMEDIA'],['Thessaloniki'],['mt_websites'],False,https://www.facebook.com/metrosport.gr,https://twitter.com/metrosportgr_,https://www.youtube.com/user/Metropolis955,False,False,False,True,True
https://militaire.gr,militaire.gr,1,['18c4c58819d2f16c37f0c0edc27f65912d80906e'],['militaire'],['website'],['Militair Μ.ΙΚΕ'],['Attica'],['mt_websites'],False,https://www.facebook.com/militaire.gr,https://twitter.com/karvounopoulosp,https://www.youtube.com/@MilitaireNews,False,False,False,True,True
https://mixanitouxronou.gr,mixanitouxronou.gr,1,['3b4f2851ce45e2ab1e2d24883d4a4d60e453b5ac'],['mixanitouxronou'],['website'],['ΜΗΧΑΝΗ ΤΟΥ ΧΡΟΝΟΥ'],['Attica'],['mt_websites'],False,https://www.facebook.com/mixanitouxronou/,https://twitter.com/mixanitouxronou/,https://www.youtube.com/channel/UC3cF5zwsHbX0noh3jMTVlYQ/,False,False,False,True,True
https://moneypress.gr,moneypress.gr,1,['10e5e35562ebeb6d2ac853042b70ae741733c637'],['moneypress'],['website'],['HT PRESS ONLINE ΜΟΝΟΠΡΟΣΩΠΗ IKE'],['Attica'],['mt_websites'],False,https://www.facebook.com/moneypress/,https://twitter.com/Moneypressgr,,False,False,False,True,True
https://moneyreview.gr,moneyreview.gr,1,['a27114fe19e6883bc76432883ce7e7c0438b30ae'],['moneyreview'],['website'],['Η ΚΑΘΗΜΕΡΙΝΗ ΜΟΝΟΠΡΟΣΩΠΗ ΑΝΩΝΥΜΗ ΕΤΑΙΡΕΙΑ'],['Attica'],['mt_websites'],False,https://www.facebook.com/Money-Review-100715108567626/,https://twitter.com/Money_Review_,,False,False,False,True,True
https://monobala.gr,monobala.gr,1,['bf9338b9888324d156e441463fd51f8f52710e0c'],['monobala'],['website'],['FOOTBALL NEWS'],['Attica'],['mt_websites'],False,https://www.facebook.com/monobala.gr/,https://twitter.com/monobalaGR,https://www.youtube.com/@monobalaGR,False,False,False,True,True
https://mononews.gr,mononews.gr,1,['caf98704a7c63e128ca469e335975aa330633ee8'],['mononews'],['website'],['mononews.gr'],['Attica'],['mt_websites'],False,https://www.facebook.com/mononewsgr/,https://x.com/mononewsgr,https://www.youtube.com/@mononewsgr131,False,False,False,True,True
https://motorone.gr,motorone.gr,1,['bb1d717ac67d9aaf14fef790e66f261d9264e01b'],['motorone'],['website'],['NEXT STEP MEDIA'],['Attica'],['mt_websites'],False,https://www.facebook.com/motorone.gr,https://twitter.com/GrMotorone,,False,False,False,True,True
https://mygrevena.gr,mygrevena.gr,1,['1f43dffbb1b3360103b4c0a32454111b67551ef7'],['ΧΡΟΝΙΚΑ ΔΥΤΙΚΗΣ ΜΑΚΕΔΟΝΙΑΣ'],['newspaper'],['ΧΡΟΝΙΚΑ ΔΥΤΙΚΗΣ ΜΑΚΕΔΟΝΙΑΣ'],['Grevena'],['mt_press'],False,https://www.facebook.com/XronikaGrevena/?locale=el_GR,,https://www.youtube.com/channel/UCBhNIYW-EU6AWCigWcQXtLQ,False,False,True,False,False
https://mymagazine.gr,mymagazine.gr,1,['cc4cedd4b5176423b5706e5b755efcd9b168e62d'],['mymagazine'],['website'],['JK MEDIA GROUP'],['Thessaloniki'],['mt_websites'],False,,,,False,False,False,True,True
https://myportal.gr,myportal.gr,1,['db32b903a6651d3b421c9d2473b85b5a01a83f8d'],['myportal'],['website'],['JK MEDIA GROUP'],['Thessaloniki'],['mt_websites'],False,https://www.facebook.com/MyPortal.gr,https://twitter.com/MyPortalGR,https://www.youtube.com/channel/UC-L_MwEzpxsQqq2T-5eBdtA,False,False,False,True,True
https://mysports.gr,mysports.gr,1,['6dd507f281438f737792893c42fe1fbbe54fdad0'],['mysports'],['website'],['JK MEDIA GROUP'],['Thessaloniki'],['mt_websites'],False,,,,False,False,False,True,True
https://mythessaloniki.gr,mythessaloniki.gr,1,['8ba183c731ae87b5c32db452666c0fa5ea29e986'],['mythessaloniki'],['website'],['JK MEDIA GROUP'],['Thessaloniki'],['mt_websites'],False,,,,False,False,False,True,True
https://nafpaktianews.gr,nafpaktianews.gr,1,['493ee9d46e1992a84291328bbe4b7ea454bc96c7'],['nafpaktianews'],['website'],['D.K MEDIA GROUP'],['Aitoloakarnania'],['mt_websites'],False,https://www.facebook.com/NafpaktiaNews/,https://x.com/nafpaktianews,https://www.youtube.com/nafpaktianews,False,False,False,True,True
https://nafpaktosvoice.gr,nafpaktosvoice.gr,2,"['59241a89dc187eb830f2e9404d1cc20ab3fe58df', '90527b2d9983673d4cd606cd432383c458021ab6']",['nafpaktosvoice'],['website'],['ΕΜΠΡΟΣ ΝΑΥΠΑΚΤΟΥ'],['Aitoloakarnania'],['mt_websites'],False,https://www.facebook.com/nafpaktosvoice/?locale=el_GR,https://x.com/nafpaktosvoice,https://www.youtube.com/@nafpaktosvoice,False,False,False,True,True
https://naftemporiki.gr,naftemporiki.gr,3,"['05404294f5bda5111b556788eb1be34eaca56407', '64fde284a1e011efd2e158c7760b14f0f11fb542', 'b01ef4d5f425f89f8a6508dde4fff156eead5b8d']","['NAFTEMPORIKI TV', 'naftemporiki', 'Η ΝΑΥΤΕΜΠΟΡΙΚΗ']","['newspaper', 'tv', 'website']","['Η ΝΑΥΤΕΜΠΟΡΙΚΗ', 'ΣΤΑΡ ΕΛΛΗΝΙΚΗ ΡΑΔΙΟΤΗΛΕΟΠΤΙΚΗ ΜΟΝΟΠΡΟΣΩΠΗ ΕΤΑΙΡΕΙΑ']",['Attica'],"['esr_tv_regional', 'mt_press', 'mt_websites']",False,https://www.facebook.com/naftemporikigr,https://twitter.com/naftemporikigr,https://www.youtube.com/@naftemporikiGR,True,False,True,True,False
https://neaait.gr,neaait.gr,1,['cbd01a0342f33742915ce3f56c91a880be254a48'],['TA NEA ΤΗΣ ΑΙΤΩΛΟΑΚΑΡΝΑΝΙΑΣ'],['newspaper'],['ΤΑ ΝΕΑ ΤΗΣ ΑΙΤΩΛΟΑΚΑΡΝΑΝΙΑΣ'],['Aitoloakarnania'],['mt_press'],False,https://www.facebook.com/neaait.gr/,,https://www.youtube.com/@neaait,False,False,True,False,False
https://neaegnatia.eu,neaegnatia.eu,1,['c5e1fb80e7ec8547a3b9b20f32bf47a30ae01f0a'],['ΝΕΑ ΕΓΝΑΤΙΑ'],['newspaper'],['Alpha Media Group'],['Kavala'],['mt_press'],False,,,,False,False,True,False,False
https://neakriti.gr,neakriti.gr,2,"['1f5becbbbb4b7c9c888604e8dc8703e2c548d890', 'e7736c1f39928ad845efe5567f4c08ea14788189']","['neakriti', 'ΕΦΗΜΕΡΙΔΑ ΝΕΑ ΚΡΗΤΗ']","['newspaper', 'website']",[],['Iraklio'],"['mt_press', 'mt_websites']",False,https://www.facebook.com/neakritigr,https://twitter.com/neakritigr,https://www.youtube.com/c/NeakritiGr-News,False,False,True,True,False
https://nealesvou.gr,nealesvou.gr,1,['63c455478a9faa336f4866b7148501bbfc42efb6'],['ΕΦΗΜΕΡΙΔΑ ΤΑ ΝΕΑ ΤΗΣ ΛΕΣΒΟΥ'],['newspaper'],['ΝΕΑ ΤΗΣ ΛΕΣΒΟΥ'],['Lesvos'],['mt_press'],False,https://www.facebook.com/nealesvou/,,https://www.youtube.com/@nealesvou2963,False,False,True,False,False
https://neamou.gr,neamou.gr,1,['d72b6735f5e4bd4891cae21e46f3a13943d25eba'],['neamou'],['website'],['TRU MEDIA ΜΟΝΟΠΡΟΣΩΠΗ IKE'],['Attica'],['mt_websites'],False,,,,False,False,False,True,True
https://neapellas.gr,neapellas.gr,1,['6807e0cd979be965ceac8f344420f0dfc3b5059a'],['ΝΕΑ ΤΗΣ ΠΕΛΛΑΣ'],['newspaper'],['ΑΜΚΕ ΕΝΗΜΕΡΩΣΗ ΜΑΚΕΔΟΝΙΑΣ'],['Pella'],['mt_press'],False,https://www.facebook.com/p/%CE%9D%CE%AD%CE%B1-%CF%84%CE%B7%CF%82-%CE%A0%CE%AD%CE%BB%CE%BB%CE%B1%CF%82-100063652447979/,,https://www.youtube.com/@NEAPELLAS-TV?app=desktop,False,False,True,False,False
https://neapolisnews.gr,neapolisnews.gr,1,['e53265e75d813e8969fac52e75b3280708d26334'],['ΡΑΔΙΟ ΝΕΑΠΟΛΗ'],['radio'],['ΣΤΑΥΡΟΣ ΔΕΛΗΓΙΑΝΝΗΣ'],['Kavala'],['esr_radio'],False,,,,False,True,False,False,False
https://neaserres.gr,neaserres.gr,1,['37de67dd1f73f9d492011d292338c859e20643d8'],"['ΝΕΑ ΣΕΡΡΕΣ, ΕΒΔΟΜΑΔΙΑΙΑ ΕΦΗΜΕΡΙΔΑ ΝΟΜΟΥ ΣΕΡΡΩΝ']",['newspaper'],['ΗΛΕΚΤΡΟΝΙΚΕΣ ΕΚΔΟΣΕΙΣ ΙΚΕ'],['Serres'],['mt_press'],False,,,,False,False,True,False,False
https://neathess.gr,neathess.gr,1,['aa9f204d2565393ed2a193980a3637f82f7e2ae0'],"['ΝΕΑ ΘΕΣΣΑΛΟΝΙΚΗ, ΕΒΔΟΜΑΔΙΑΙΑ ΕΦΗΜΕΡΙΔΑ ΝΟΜΟΥ ΘΕΣΣΑΛΟΝΙΚΗΣ']",['newspaper'],['ΠΛΑΙΣΙΟ ΑΕ'],['Serres'],['mt_press'],False,,,,False,False,True,False,False
https://neatisviotias.gr,neatisviotias.gr,1,['b0f573b36f341921ea4362deb4c5cba780fc9e65'],['ΝΕΑ ΤΗΣ ΒΟΙΩΤΙΑΣ'],['newspaper'],['ΝΕΑ ΤΗΣ ΒΟΙΩΤΙΑΣ'],['Boeotia'],['mt_press'],False,https://www.facebook.com/nea.viotias.9/,,,False,False,True,False,False
https://neatv.gr,neatv.gr,1,['4ecd24c6dd317eb7b285645daa88f6e6cc5cd561'],['ΝΕΑ ΤΗΛΕΟΡΑΣΗ ΚΡΗΤΗΣ'],['tv'],['ΤΗΛΕΟΠΤΙΚΗ ΡΕΘΥΜΝΟΥ Α.Ε.'],['Chania'],['esr_tv_regional'],False,https://www.facebook.com/neatv.gr,https://x.com/neatv_gr,https://www.youtube.com/@neatv84,True,False,False,False,False
https://neofm.gr,neofm.gr,1,['d80e1b2d071b747d955a7a06ada151d01e90ed1c'],"['ΝΕΟ 103,3']",['radio'],['ΔΗΜΗΤΡΙΟΣ ΜΑΡΕΔΗΣ'],['Magnesia'],['esr_radio'],False,,,,False,True,False,False,False
https://neoiagones.gr,neoiagones.gr,1,['c6a7b0a384162f9ffda27f6ac703d8231532e074'],['ΝΕΟΙ ΑΓΩΝΕΣ ΗΠΕΙΡΟΥ'],['newspaper'],['ΗΠΕΙΡΩΤΙΚΕΣ ΕΚΔΟΣΕΙΣ ΕΚΤΥΠΩΣΕΙΣ'],['Ioannina'],['mt_press'],False,https://www.facebook.com/neoiagones.gr,,,False,False,True,False,False
https://neoiorizontes.gr,neoiorizontes.gr,2,"['b4f5ffde11e18b13e2eaad3431f8a532e5ca3292', 'ee6400f158ebe898a8b8e071fa64774e398533a4']","['neoiorizontes', 'ΝΕΟΙ ΟΡΙΖΟΝΤΕΣ ΤΗΣ ΚΡΗΤΗΣ']","['newspaper', 'website']",[],['Chania'],"['mt_press', 'mt_websites']",False,https://www.facebook.com/%CE%95%CF%86%CE%B7%CE%BC%CE%B5%CF%81%CE%AF%CE%B4%CE%B1-%CE%9D%CE%AD%CE%BF%CE%B9-%CE%9F%CF%81%CE%AF%CE%B6%CE%BF%CE%BD%CF%84%CE%B5%CF%82-373707687124/,,,False,False,True,True,False
https://neosagon.gr,neosagon.gr,2,"['a6d86937a12361c08234291c2e1777910673bf05', 'd8848298ae773804b1045d926ea113845d1013b7']","['ΝΕΟΣ ΑΓΩΝ', 'ΝΕΟΣ ΑΓΩΝ ΤΗΣ ΔΕΥΤΕΡΑΣ']",['newspaper'],['Γ ΑΛΕΞΙΟΥ ΑΕ'],['Karditsa'],['mt_press'],False,https://www.facebook.com/neosagon.gr/,https://x.com/NeosAgon,https://www.youtube.com/channel/UCF7SZ_soyeRlqhWXGEqO87Q/videos,False,False,True,False,False
https://net-time.gr,net-time.gr,1,['6bc1a5855e14d8f1126c173f8339f2148c83e467'],['net-time'],['website'],[],['Attica'],['mt_websites'],False,https://www.facebook.com/nettimegreece/?locale=el_GR,,,False,False,False,True,True
https://newmoney.gr,newmoney.gr,1,['c500f2accdfe60e51ff1065a333a09454bef4a45'],['newmoney'],['website'],['NEW MONEY'],['Attica'],['mt_websites'],False,https://www.facebook.com/newmoneygr/,https://twitter.com/newmoneygr,https://www.youtube.com/@newmoney4561,False,False,False,True,True
https://newpost.gr,newpost.gr,1,['4619bc25e0eb683647c551474855595730aff752'],['newpost'],['website'],['NEWPOST. GR-ELECTRONIC PUBLICATIONS'],['Attica'],['mt_websites'],False,https://www.facebook.com/newpostgr/?locale=el_GR,https://x.com/newpostgr,https://www.youtube.com/@newpostgr1,False,False,False,True,True
https://news.gr,news.gr,1,['e70210454d7869ec7aab65ca37b9e944f5ec339e'],['news'],['website'],['PRIME APPLICATIONS M.A.E.'],['Attica'],['mt_websites'],False,https://www.facebook.com/amesi.enimerosi,https://twitter.com/newsgr1,https://www.youtube.com/channel/UC5U50NcwTX2x52-20_txZTw,False,False,False,True,True
https://news247.gr,news247.gr,1,['86f622f943845cdcef8acb5b76223d6f38c3ff3f'],['news247'],['website'],['24 MEDIA Α.Ε ΨΗΦΙΑΚΩΝ ΕΦΑΡΜΟΓΩΝ'],['Attica'],['mt_websites'],False,https://www.facebook.com/news247,https://twitter.com/News247gr,https://www.youtube.com/user/News247gr,False,False,False,True,True
https://newsbeast.gr,newsbeast.gr,1,['42721d81ab37466930a74fd67e487b7270bda400'],['newsbeast'],['website'],['PRIME APPLICATIONS M.A.E.'],['Attica'],['mt_websites'],False,https://www.facebook.com/newsbeast.gr,https://twitter.com/newsbeast,,False,False,False,True,True
https://newsbomb.gr,newsbomb.gr,1,['355af114c3b2ffcb8ebf14fff35e4b992db3ee1f'],['newsbomb'],['website'],[],['Attica'],['mt_websites'],False,https://www.facebook.com/newsbombgr,https://x.com/newsbombgr,https://www.youtube.com/channel/UCiZ5gd_RCuHipTJQm-2e8kw?sub_confirmation=1,False,False,False,True,True
https://newsbreak.gr,newsbreak.gr,1,['ce46b032da8b6c375f32e6d158da8754e704bf70'],['newsbreak'],['website'],['PG DIGITAL PUBLISHING ΜΟΝΟΠΡΟΣΩΠΗ Ι.Κ.Ε.'],['Attica'],['mt_websites'],False,https://www.facebook.com/newsbreak.gr/,https://twitter.com/newsbreakGR,https://www.youtube.com/channel/UCuEDDwxVF34yRG4e52uudiA?sub_confirmation=1,False,False,False,True,True
https://newsit.gr,newsit.gr,1,['09d2172dd054998c77895af8c88bb83834ea3e11'],['newsit'],['website'],['NEWSIT ΕΠΕ'],['Attica'],['mt_websites'],False,https://www.facebook.com/newsitgr,https://x.com/NewsItFeed,https://www.youtube.com/channel/UC3y7pL9boqyhVT6YNNw_v1w,False,False,False,True,True
https://newstok.gr,newstok.gr,1,['1a616c83f1201e6f6626c55433f647095c5e1570'],['newstok'],['website'],['BARSAKIS MEDIA GROUP'],['Evia'],['mt_websites'],False,https://www.facebook.com/newstok.gr,https://x.com/Newstok_gr,,False,False,False,True,True
https://notosnews.gr,notosnews.gr,1,['42c730518eb70fa5b1207979213185082401487d'],['NOTOS NEWS'],['radio'],['ΤΣΑΜΠΙΚΑ ΜΑΥΡΙΟΥ'],['Dodecanese'],['esr_radio'],False,https://www.facebook.com/notosnews/,https://x.com/notostv,https://www.youtube.com/@notostvgr,False,True,False,False,False
https://noupou.gr,noupou.gr,1,['93d5c0e9e55bb1f22d8694c73ed209c205696b6d'],['noupou'],['website'],['NOUPOU MEDIA P.C.'],['Attica'],['mt_websites'],False,https://www.facebook.com/noupougr/,,,False,False,False,True,True
https://novaradio.gr,novaradio.gr,1,['c2549286fc95dd278ee268bce9238deaf810283e'],"['NOVA 93,1']",['radio'],['ΣΤΕΦΑΝΟΣ ΣΤΕΦΑΝΟΠΟΥΛΟΣ'],['Xanthi'],['esr_radio'],False,https://www.facebook.com/nova931,,,False,True,False,False,False
https://novasports.gr,novasports.gr,1,['19ce2c95be6cb0a7a022bffc11fba95204a01cea'],['novasports'],['website'],['NOVA Μ.Α.Ε.'],['Attica'],['mt_websites'],False,,,,False,False,False,True,True
https://nownews.gr,nownews.gr,1,['cf5f972c8f9328d6b565a4a66e6ad9152df1123f'],['LOBBY FM'],['radio'],['Δ. ΠΑΤΗΡΑΣ ΚΑΙ ΣΙΑ Ε.Ε.\nΑ ΓΕΜΗ 020858530000\nΝΟΜΙΜΟΣ ΕΚΠΡΟΣΩΠΟΣ: ΔΗΜΗΤΡΙΟΣ ΠΑΤΗΡΑΣ'],['Kavala'],['esr_radio'],False,https://www.facebook.com/Lobby101.8/,,,False,True,False,False,False
https://odelalis.gr,odelalis.gr,1,['1e560bbe11d52683f4085f43ab880577f12dd72a'],['ΕΝΗΜΕΡΩΣΗ & ΑΓΓΕΛΙΕΣ'],['newspaper'],"['""ΕΝΗΜΕΡΩΣΗ""']",['Pieria'],['mt_press'],False,https://www.facebook.com/odelalis,,,False,False,True,False,False
https://oknews.gr,oknews.gr,1,['7f925bf507872de62986a978f7d42e1150de8368'],['oknews'],['website'],['OK NEWS'],['Attica'],['mt_websites'],False,https://www.facebook.com/OknewsGr,https://twitter.com/OknewsGr/,,False,False,False,True,True
https://oladeka.com,oladeka.com,1,['d97ea72f4e31b9529d7b191346e0e33b442d82f3'],['oladeka'],['website'],['StarSystemPro'],['Kastoria'],['mt_websites'],False,https://www.facebook.com/oladeka/,,https://www.youtube.com/@OlaDekaoladeka,False,False,False,True,True
https://olympiobima.gr,olympiobima.gr,1,['f48b4674ff5564dd5a4070638ef6a0165aec7a0f'],['ΕΦΗΜΕΡΙΔΑ ΟΛΥΜΠΙΟ ΒΗΜΑ'],['newspaper'],[],['Pieria'],['mt_press'],False,https://www.facebook.com/olympiobima,https://twitter.com/olympiobima,https://www.youtube.com/@Olympio-Bima,False,False,True,False,False
https://onechannel.gr,onechannel.gr,1,['8dd7093a76e6fda42abd539d451204f5e700176a'],['One Channel'],['tv'],['ΡΑΔΙΟΤΗΛΕΟΠΤΙΚΕΣ ΕΠΙΧ/ΣΕΙΣ CHANNEL NINE A.E. (πρώην ΡΑΔΙΟΤΗΛ/ΚΕΣ ΕΠΙΧ/ΣΕΙΣ COSMOPOLIS TVC A.E.)'],['Attica'],['esr_tv_regional'],False,https://www.facebook.com/www.onetv.gr/,https://x.com/onetvgr,https://www.youtube.com/@OneTVgr,True,False,False,False,False
https://onlarissa.gr,onlarissa.gr,1,['02c7c28b6b80fab24b29cb12a4aa65da85a34acd'],['onlarissa'],['website'],['ON LARISSA MEDIA GROUP I.K.E.'],['Larissa'],['mt_websites'],False,https://www.facebook.com/onlarissa.gr,https://twitter.com/onlarissa,https://www.youtube.com/channel/UCV6BU7xB-BnXJNg-Wgy9rzw,False,False,False,True,True
https://onsports.gr,onsports.gr,1,['90914ab5720befff0f7e8d1d641e9ee8e55481e5'],['onsports'],['website'],[],['Attica'],['mt_websites'],False,,,,False,False,False,True,True
https://ontime24.gr,ontime24.gr,1,['8b434a6d429f5e1678a52ca149c10a51e9856e4e'],['ON TIME'],['newspaper'],['ΠΑΡΑΠΟΛΙΤΙΚΑ ΑΕ'],['Attica'],['mt_press'],False,https://www.facebook.com/ONtime24a/,,https://www.youtube.com/@OnTime24gr,False,False,True,False,False
https://opolitis.gr,opolitis.gr,1,['380603de0f5f9955866d78fed650636c65c7dbd5'],['Ο ΠΟΛΙΤΗΣ'],['newspaper'],"['ΕΦΗΜΕΡΙΔΑ ""Ο ΠΟΛΙΤΗΣ"" - ΤΥΠΟΓΡΑΦΕΙΟ']",['Imathia'],['mt_press'],False,https://www.facebook.com/%CE%9F-%CE%A0%CE%9F%CE%9B%CE%99%CE%A4%CE%97%CE%A3gr-73059803703/,,,False,False,True,False,False
https://orafok.gr,orafok.gr,1,['0b114b763a27a663caa1e57060050a853b7e7ac9'],['Η Ώρα της Φωκίδας'],['newspaper'],['Η Ώρα της Φωκίδας'],['Fokida'],['mt_press'],False,,,,False,False,True,False,False
https://orangenews.gr,orangenews.gr,1,['feb0f016c85040035bc8ecf73a77f87b87a75e8a'],['ORANGE RADIO'],['radio'],['ΔΗΜΗΤΡΙΟΣ ΚΑΤΣΑΝΤΟΥΛΑΣ'],['Arta'],['esr_radio'],False,https://www.facebook.com/orangeradio96/,https://x.com/intent/follow?original_referer=https://www.orangenews.gr&screen_name=orangenewsgr&region=follow_link&tw_p=followbutton&variant=2.0,https://www.youtube.com/@OrangenewsGr/,False,True,False,False,False
https://orapaper.gr,orapaper.gr,1,['86fe69963f63bf08ba1102f797cc17bed67f43bc'],['ΦΩΚΙΔΑ'],['newspaper'],['ΦΩΚΙΔΑ'],['Fokida'],['mt_press'],False,https://www.facebook.com/ef.fokida/,,,False,False,True,False,False
https://oraspor.gr,oraspor.gr,1,['ac07bb599db8db6cb42006517d8525baf34b0b62'],['ΑΘΛΗΤΙΚΗ ΩΡΑ ΤΩΝ ΣΠΟΡ'],['newspaper'],['ΕΛΛΗΝΙΚΟΣ ΤΥΠΟΣ ΕΠΕ'],['Attica'],['mt_press'],False,https://www.facebook.com/Oragiaspor/,,,False,False,True,False,False
https://orestiada.gr,orestiada.gr,1,['7ba81dba8b188729268a789274396591ef108571'],['ΟΡΕΣΤΙΑΔΑ TV'],['tv'],['ΔΗΜΟΤΙΚΗ ΕΠΙΧΕΙΡΗΣΗ ΕΠΙΚΟΙΝΩΝΙΑΣ \n& ΠΛΗΡΟΦΟΡΗΣΗΣ ΟΡΕΣΤΙΑΔΑΣ'],['Evros'],['esr_tv_regional'],False,https://www.facebook.com/Orestiadatv/?locale=el_GR,,https://www.youtube.com/channel/UCHno8DNfeTsWRhMDa6C9isg,True,False,False,False,False
https://ort.gr,ort.gr,2,"['857f1656f5676307b0a76842d203897966dc8816', 'c910b02eca91e1ec2bafdda7f7f1259389ef1558']","['Ο.Ρ.Τ.', 'ΟΡΤ TV']","['radio', 'tv']","['ΟΛΥΜΠΙΑΚΗ ΡΑΔΙΟΦΩΝΙΑ ΤΗΛΕΟΡΑΣΗ   Α.Ε.', 'ΟΛΥΜΠΙΑΚΗ ΡΑΔΙΟΦΩΝΙΑ ΤΗΛΕΟΡΑΣΗ ΑΝΩΝΥΜΗ ΕΤΑΙΡΙΑ\nΑ ΓΕΜΗ 047585925000\nΝΟΜΙΜΟΣ ΕΚΠΡΟΣΩΠΟΣ: ΚΩΝΣΤΑΝΤΙΝΟΣ ΒΑΡΟΥΞΗΣ']",['Ilia'],"['esr_radio', 'esr_tv_regional']",False,https://www.facebook.com/OrtFm923?ref=hl,https://twitter.com/patrisnewscom,https://www.youtube.com/user/orttvgr,True,True,False,False,False
https://ot.gr,ot.gr,1,['d11ed2c507e4c48114de15eef88f3086303a9b80'],['ot'],['website'],['ONE DIGITAL SERVICES'],['Attica'],['mt_websites'],False,https://www.facebook.com/otgrofficial,https://x.com/otgr_official,,False,False,False,True,True
https://otavoice.gr,otavoice.gr,1,['b9c97763545f6a3abaae29dbb0fba68926821d09'],['otavoice'],['website'],['NEREUS  ΙΚΕ'],['Attica'],['mt_websites'],False,https://www.facebook.com/otavoicegr/,https://twitter.com/OTAVOICE2,https://www.youtube.com/channel/UCGjZa4q07dpfQfJ2uve9eMw,False,False,False,True,True
https://pagenews.gr,pagenews.gr,1,['ebbcf9a49f240a079a7d7b680bfe15a7feb4a19a'],['pagenews'],['website'],['TELIA INTERNET IKE'],['Attica'],['mt_websites'],False,https://www.facebook.com/pagenewsgr/?hc_ref=PAGES_TIMELINE,,https://www.youtube.com/channel/UCL9aVoiLm-ueOiLwTVM9Rew,False,False,False,True,True
https://palaceradio.gr,palaceradio.gr,1,['247bb06c632ad49f238ba4c0d68a2dad45f1f9a9'],"['PALACE RADIO FM 91,4']",['radio'],['Σ. ΤΣΑΓΓΑΛΑΣ-Ι. ΠΑΤΤΑ Ο.Ε.\nΑ ΓΕΜΗ 26443540000\nΝΟΜΙΜΟΣ ΕΚΠΡΟΣΩΠΟΣ: ΙΩΑΝΝΑ ΠΑΤΤΑ\nΝΟΜΙΜΟΣ ΕΚΠΡΟΣΩΠΟΣ: ΣΩΤΗΡΙΟΣ ΤΣΑΓΓΑΛΑΣ'],['Larissa'],['esr_radio'],False,https://www.facebook.com/PalaceRadio914,,,False,True,False,False,False
https://palmos-glyfada.gr,palmos-glyfada.gr,2,"['550c832c493fe129b5d759d1703c657c0e012bc7', 'da15f3b87ca0463a6a369f60ea392a47d60d0e6f']","['palmos-glyfada', 'ΠΑΛΜΟΣ ΤΗΣ ΓΛΥΦΑΔΑΣ']","['newspaper', 'website']",[],['Attica'],"['mt_press', 'mt_websites']",False,https://www.facebook.com/palmosglyfadas/?locale=el_GR,https://twitter.com/PalmosGlyfada,https://www.youtube.com/@palmosnews,False,False,True,True,False
https://palmosnews.gr,palmosnews.gr,1,['7f0b3b645dc58232e2e0c289cbfd9ea61a4a7953'],"['""ΠΑΛΜΟΣ""']",['newspaper'],"['""ΠΑΛΜΟΣ""']",['Attica'],['mt_press'],False,https://www.facebook.com/Palmosnews/,https://x.com/Palmosnews,,False,False,True,False,False
https://palmospress.gr,palmospress.gr,1,['0c2384928a8f5b2f74ba78b03ff826b141c102bd'],['ΠΑΛΜΟΣ ΑΙΤΩΛΟΑΚΑΡΝΑΝΙΑΣ'],['newspaper'],['ΠΑΛΜΟΣ ΑΙΤΩΛΟΑΚΑΡΝΑΝΙΑΣ'],['Aitoloakarnania'],['mt_press'],False,https://www.facebook.com/people/%CE%A0%CE%B1%CE%BB%CE%BC%CE%BF%CF%82-%CE%91%CE%B9%CF%84%CF%89%CE%BB%CE%BF%CE%B1%CE%BA%CE%B1%CF%81%CE%BD%CE%B1%CE%BD%CE%B9%CE%B1%CF%82/100063772713282/?fref=ts,,https://www.youtube.com/channel/UCkkFDe-BMvfJzjt_wmvXd3Q,False,False,True,False,False
https://pameevro.gr,pameevro.gr,1,['df2b711d47974604d73ff89c385c0005ee351d0f'],['pameevro'],['website'],['ΔΕΛΤΑ TV'],['Evros'],['mt_websites'],False,https://www.facebook.com/pameevro.gr,,https://www.youtube.com/channel/UCHJSRj_-wkF5G9cCQBejx2A,False,False,False,True,True
https://paok24.com,paok24.com,1,['dc49a7e26a7a4239a28255cd4edd4413668dfa33'],['paok24'],['website'],['paok24'],['Attica'],['mt_websites'],False,,,,False,False,False,True,True
https://parakritika.gr,parakritika.gr,1,['021e96baa8b4a3638d9c1659eb204ef7383b12e8'],['parakritika'],['website'],['PARAKRITIKA.GR'],['Chania'],['mt_websites'],False,https://www.facebook.com/parakritika.gr,https://twitter.com/infoparakritik1,http://www.youtube.com/c/CHANIALIVETV?sub_confirmation=1,False,False,False,True,True
https://parallaximag.gr,parallaximag.gr,1,['150a1cbcd1a1140ea685e81b9cce1efd915e9db3'],['Parallaxi'],['newspaper'],['parallaxi'],['Thessaloniki'],['mt_press'],False,https://www.facebook.com/Parallaximag,https://twitter.com/parallaximag/,,False,False,True,False,False
https://parapolitika.gr,parapolitika.gr,1,['0c02937aea805949f61fb370bbe4635a7e6b7a75'],['ΠΑΡΑΠΟΛΙΤΙΚΑ'],['newspaper'],['ΠΑΡΑΠΟΛΙΤΙΚΑ ΑΕ'],['Attica'],['mt_press'],False,https://web.facebook.com/www.parapolitika.gr?_rdc=1&_rdr,https://twitter.com/parapolitika,https://www.youtube.com/c/parapolitikagrofficial/videos,False,False,True,False,False
https://parapolitikaradio.gr,parapolitikaradio.gr,1,['f5cf04af3301343114e353c55f1bfd33f1a91556'],"['ΠΑΡΑΠΟΛΙΤΙΚΑ 90,1 FM']",['radio'],['ΠΑΡΑ ΕΝΑ ΕΚΔΟΣΕΙΣ-ΥΠΗΡΕΣΙΕΣ ΔΙΑΔΙΚΤΥΟΥ ΕΤΑΙΡΕΊΑ ΠΕΡΙΟΡΙΣΜΕΝΗΣ ΕΥΘΥΝΗΣ\nΑ ΓΕΜΗ 008496501000\nΝΟΜΙΜΟΣ ΕΚΠΡΟΣΩΠΟΣ: ΙΩΑΝΝΗΣ ΚΟΥΡΤΑΚΗΣ'],['Attica'],['esr_radio'],False,https://www.facebook.com/pages/%CE%A0%CE%B1%CF%81%CE%B1%CF%80%CE%BF%CE%BB%CE%B9%CF%84%CE%B9%CE%BA%CE%AC-901/566473140135111,https://twitter.com/parapolitika901/,,False,True,False,False,False
https://paraskhnio.gr,paraskhnio.gr,1,['f004c8b673e0af19eab3991ba7efeb790f7ebe65'],['paraskhnio'],['website'],['MEDIA PUBLISHING G.K. I.K.E.'],['Attica'],['mt_websites'],False,https://www.facebook.com/paraskhnio/,https://x.com/paraskhnio/,https://www.youtube.com/channel/UCvY7hn77RZZrM3oNwZaCU9A,False,False,False,True,True
https://paratiritis-news.gr,paratiritis-news.gr,1,['39f5f28a195bd82365c35b9b19facd2460a997aa'],['ΠΑΡΑΤΗΡΗΤΗΣ ΤΗΣ ΘΡΑΚΗΣ'],['newspaper'],['2K PROJECT Ε.Π.Ε.'],['Rodopi'],['mt_press'],False,https://www.facebook.com/paratiritis.thrakis,https://twitter.com/Paratiritis_Thr,https://www.youtube.com/c/%CE%A0%CE%B1%CF%81%CE%B1%CF%84%CE%B7%CF%81%CE%B7%CF%84%CE%AE%CF%82%CF%84%CE%B7%CF%82%CE%98%CF%81%CE%AC%CE%BA%CE%B7%CF%82/featured,False,False,True,False,False
https://paron.gr,paron.gr,1,['f69c3228d91b04557e6690a112d6c8b03b4f4a1d'],['ΤΟ ΠΑΡΟΝ ΤΗΣ ΚΥΡΙΑΚΗΣ'],['newspaper'],['ΡΗΕΜΕ ΑΕ'],['Attica'],['mt_press'],False,https://www.facebook.com/paron.gr,https://x.com/typologies,https://www.youtube.com/@%CE%A4%CE%9F%CE%A0%CE%91%CE%A1%CE%9F%CE%9D%CE%95%CE%A6%CE%97%CE%9C%CE%95%CE%A1%CE%99%CE%94%CE%91,False,False,True,False,False
https://parostoday.gr,parostoday.gr,1,['9c6fc4f6dbd42bb516ca80449d6d7a8595509c01'],['ΦΩΝΗ ΤΗΣ ΠΑΡΟΥ'],['newspaper'],['ΦΩΝΗ ΤΗΣ ΠΑΡΟΥ'],['Cyclades'],['mt_press'],False,https://www.facebook.com/people/Paros-Today/61556103659553/,https://twitter.com/ParosToday,,False,False,True,False,False
https://patrasevents.gr,patrasevents.gr,1,['34dfd4dff08f5c59c037550711ce58d3f8d44c26'],['patrasevents'],['website'],['New Media Soft'],['Achaia'],['mt_websites'],False,https://www.facebook.com/patrasevents/,,https://www.youtube.com/@patraseventsoe4264,False,False,False,True,True
https://patris.gr,patris.gr,3,"['58f60ce1f4f31ae4c60e5bd33200bc024df96375', '9cad0281f14da649d92be303afbaffced3fd5cf0', 'dc2a763dc042deecdcb4270cd557e32378ebceca']","['ΕΦΗΜΕΡΙΔΑ ΠΑΤΡΙΣ', 'ΠΑΤΡΙΣ ΗΡΑΚΛΕΙΟΥ', 'ΠΑΤΡΙΣ ΤΗΣ ΔΕΥΤΕΡΑΣ']",['newspaper'],['ΠΑΤΡΙΣ'],"['Ilia', 'Iraklio']",['mt_press'],False,https://www.facebook.com/patris.gr,https://twitter.com/patrisnewspaper,https://www.youtube.com/channel/UC1WoZLblt0Wq6yJ96NyQjww,False,False,True,False,False
https://patrisnews.com,patrisnews.com,1,['6c97f745301dcb8db4a0f1103b731334073d2488'],['patrisnews'],['website'],['ΣΟΛΟΥΤΙΟΝΣ'],['Ilia'],['mt_websites'],False,https://www.facebook.com/patrisnews/,https://x.com/patrisnewscom,https://www.youtube.com/@patrisnews,False,False,False,True,True
https://pelekys.gr,pelekys.gr,1,['d7dae4d18ce5f76489a7301c9bfb4c1d1b301261'],['ΡΑΔΙΟ ΠΕΛΕΚΥΣ'],['radio'],['ΔΗΜΗΤΡΙΟΣ ΠΕΛΙΚΠΑΣΙΔΗΣ'],['Drama'],['esr_radio'],False,https://www.facebook.com/profile.php?id=100055478019216,,https://www.youtube.com/channel/UCQCfxsVTAqVsodMolUyzpEw,False,True,False,False,False
https://pellanews.gr,pellanews.gr,1,['c1676fd6743f907205ae7c826393e2bfdf7a94e8'],['pellanews'],['website'],['ΕΡΜΗΣ ΑΜΚΕ'],['Pella'],['mt_websites'],False,https://www.facebook.com/pellanewsgr/,,https://www.youtube.com/channel/UC7qL383yBC5_-oTt9_a__EA/featured,False,False,False,True,True
https://pelop.gr,pelop.gr,3,"['8a74abbe09746242afbbaf16f9fd2ad16e23316f', 'a3a3c20ce5129582744ec8d6c0f75396426b1ccd', 'b924e797c0b86b5baf7633787ad83867a24d65a6']","['pelop', 'ΠΕΛΟΠΟΝΝΗΣΟΣ', 'ΠΕΛΟΠΟΝΝΗΣΟΣ ΔΕΥΤΕΡΑΣ']","['newspaper', 'website']",['Π ΗΛΕΚΤΡΟΝΙΚΕΣ ΕΚΔΟΣΕΙΣ'],['Achaia'],"['mt_press', 'mt_websites']",False,https://www.facebook.com/peloponnisosnewspaper,https://www.twitter.com/pelopnews,https://www.youtube.com/peloponnisosmedia,False,False,True,True,False
https://pentapostagma.gr,pentapostagma.gr,1,['6c9b8cae52914c8945cce41a18629cd23df99f37'],['pentapostagma'],['website'],[],['Attica'],['manual_independent'],True,https://www.facebook.com/pentapostagmagr,https://twitter.com/pentapostagma,https://www.youtube.com/channel/UCdsoNzPCkE9OpUTkOobHWUg,False,False,False,True,True
https://phaistosnews.gr,phaistosnews.gr,1,['b30522ab3ecd0cad5797f36ef769ff902d96f465'],['phaistosnews'],['website'],['iraklionews.gr'],['Iraklio'],['mt_websites'],False,https://www.facebook.com/phaistosnews.gr/,,,False,False,False,True,True
https://pna.gr,pna.gr,1,['babd313e46f9fe3e52206405fd41c72e395c141b'],['pna'],['website'],['pna.gr'],['Arcadia'],['mt_websites'],False,https://www.facebook.com/pnanea,https://x.com/PnanewsGr,https://www.youtube.com/@PnaGr,False,False,False,True,True
https://police365.gr,police365.gr,1,['12e57b7efcb22fae564f6c77941ac62ed97273f8'],['police365'],['website'],['AG MEDIA M.IKE'],['Attica'],['mt_websites'],False,,,,False,False,False,True,True
https://politeianews.gr,politeianews.gr,2,"['53949803a994b52131e8313910868729c97693b0', 'b2f1d880873fb4887396ccf9083cb17c4f324760']","['politeianews', 'ΑΧΑΙΚΗ ΠΟΛΙΤΕΙΑ']","['newspaper', 'website']",['MIKAD'],['Achaia'],"['mt_press', 'mt_websites']",False,https://www.facebook.com/Politeiapatra,https://twitter.com/PoliteiaNews,,False,False,True,True,False
https://politic.gr,politic.gr,1,['230371b4d17471351b67c9538fec902eafb70dd9'],['politic'],['website'],['POLITIK'],['Attica'],['mt_websites'],False,https://www.facebook.com/politic.gr,https://twitter.com/PoliticGr,https://www.youtube.com/channel/UCnQp22oMdejquC0oqD5MtpQ,False,False,False,True,True
https://politica.gr,politica.gr,2,"['0868e55c10f6f46975e8ba4154fb2b0639356479', 'cd91b87ab8384c21a04fbb3ac55dd6a9462b0053']","['POLITICA 89,8', 'politica']","['radio', 'website']","['PR MEDIA ΜΟΝΟΠΡΟΣΩΠΗ ΙΚΕ', 'ΙΩΑΝΝΗΣ ΣΤΑΥΡΑΚΑΚΗΣ']",['Iraklio'],"['esr_radio', 'mt_websites']",False,https://www.facebook.com/Politica.gr/,https://x.com/Politicagr,https://www.youtube.com/@politicagr8579,False,True,False,True,False
https://political.gr,political.gr,1,['9288fe098ac846b71860e1683ac3e77c62c60766'],['political'],['website'],['POLITICAL PUBLISHING'],['Attica'],['mt_websites'],False,https://facebook.com/PoliticalPress.GR,https://x.com/PoliticalGR,,False,False,False,True,True
https://politicalbank.gr,politicalbank.gr,1,['432daad99fb93a9824fb35f966fe3237ddd6753c'],['politicalbank'],['website'],[],['Attica'],['mt_websites'],False,https://www.facebook.com/politicalbank.gr/,https://twitter.com/political_bank,,False,False,False,True,True
https://politikalesvos.gr,politikalesvos.gr,1,['265b377f29a78498a8491bed9a6dc7392b8864f2'],['ΕΦΗΜΕΡΙΔΑ ΠΟΛΙΤΙΚΑ'],['newspaper'],['ΕΦΗΜΕΡΙΔΑ ΠΟΛΙΤΙΚΑ'],['Lesvos'],['mt_press'],False,https://www.facebook.com/politika.lesvos,,https://www.youtube.com/@%CE%95%CF%86%CE%B7%CE%BC%CE%B5%CF%81%CE%AF%CE%B4%CE%B1%CE%A0%CE%BF%CE%BB%CE%B9%CF%84%CE%B9%CE%BA%CE%AC,False,False,True,False,False
https://politischios.gr,politischios.gr,1,['d22692fe4ba3868121cf35a7f6fb923e4dc49d53'],['Πολίτης'],['newspaper'],['ΠΟΛΙΤΗΣ'],['Chios'],['mt_press'],False,https://www.facebook.com/Politischios.gr,https://x.com/politischios,https://www.youtube.com/user/PolitisDigital,False,False,True,False,False
https://portnet.gr,portnet.gr,1,['cc7a48160ad201d3dce55e3e4d98ad70ef9776b9'],['portnet'],['website'],['Portnet'],['Attica'],['mt_websites'],False,https://www.facebook.com/Portnet.gr,https://twitter.com/portnetgr,,False,False,False,True,True
https://powergame.gr,powergame.gr,1,['5b2a3bcf885c923b25ed228685841b39c91f2cdd'],['powergame'],['website'],['POWERGAME MEDIA Ι.Κ.Ε'],['Attica'],['mt_websites'],False,https://www.facebook.com/powergame.gr/,https://x.com/PowergameGr,https://www.youtube.com/channel/UCYXQE4Tkm6HLygLVmLc4obw,False,False,False,True,True
https://prevezatoday.gr,prevezatoday.gr,1,['37a82feae03d874728cfb1af03f82cab7f871bf4'],['prevezatoday'],['website'],['ENERGY MEDIA GROUP IKE'],['Preveza'],['mt_websites'],False,https://www.facebook.com/prevezatoday,,,False,False,False,True,True
https://prin.gr,prin.gr,1,['5e22334e2760bfe9f1a30ca7e8b3fe96886476d7'],['ΠΡΙΝ'],['newspaper'],[],['Attica'],['manual_independent'],True,https://www.facebook.com/pringr1,https://twitter.com/PRINgr,https://www.youtube.com/channel/UC9IGvEfGfXrgCprP0kmAr1Q,False,False,True,False,False
https://prismaradio.gr,prismaradio.gr,2,"['4a764cf8f2f1c10182aa78410c70a178ed7c00ae', 'b89aaf5bd1c1895ceb4bea40e137aaa1371f2511']","['PRISMA 95,1', 'prismaradio']","['radio', 'website']","['ENERGY MEDIA GROUP IKE', 'ΠΑΝΑΓΙΩΤΗΣ ΚΟΥΝΙΑΚΗΣ']",['Preveza'],"['esr_radio', 'mt_websites']",False,https://www.facebook.com/Prisma916/,https://x.com/prisma916,https://www.youtube.com/@prisma916,False,True,False,True,False
https://prlogos.gr,prlogos.gr,1,['3c6cf54a1a059fccb68645821d416f1a77ba2d18'],['ΠΡΩΙΝΟΣ ΛΟΓΟΣ ΚΟΖΑΝΗΣ'],['newspaper'],['ΠΡΩΙΝΟΣ ΛΟΓΟΣ ΚΟΖΑΝΗΣ'],['Kozani'],['mt_press'],False,https://www.facebook.com/prlogos.gr,https://twitter.com/proinoslogos,,False,False,True,False,False
https://proinanea.gr,proinanea.gr,2,"['14fa01a3287b2faf521130999dd043dea0d90165', 'a9675b2d0ee44943fbbcd6ae11974bd00a081103']","['7 ΜΕΡΕΣ', 'ΠΡΩΙΝΑ ΝΕΑ']",['newspaper'],['ΠΡΩΙΝΑ ΝΕΑ -7 ΜΕΡΕΣ'],['Ioannina'],['mt_press'],False,,,,False,False,True,False,False
https://proini.news,proini.news,1,['b9ab4e5c7b40f1ffb71d92affc5a5085482efefb'],['ΠΡΩΙΝΗ ΤΗΣ ΗΛΕΙΑΣ'],['newspaper'],"['""ΠΡΩΪΝΗ Α.Ε.""']",['Ilia'],['mt_press'],False,https://m.facebook.com/proini.news/,,,False,False,True,False,False
https://proininews.gr,proininews.gr,2,"['059bf10d17bc6068b0995ba335874a19e3a6e2b0', 'eb8d9a1046b7d2ee9aed25ca6ab601be82aae1e0']","['ΔΕΥΤΕΡΙΑΤΙΚΗ ΠΡΩΙΝΗ', 'ΠΡΩΙΝΗ']",['newspaper'],['ΛΟΓΟΣ ΑΕΕ'],['Kavala'],['mt_press'],False,https://www.facebook.com/proiniefimerida,https://twitter.com/proininews,,False,False,True,False,False
https://proinos-typos.gr,proinos-typos.gr,1,['d2a50e9b53ecfc102239cd5e121cc5df47afb130'],['ΠΡΩΙΝΟΣ ΤΥΠΟΣ ΔΡΑΜΑΣ'],['newspaper'],['ΠΡΩΙΝΟΣ ΤΥΠΟΣ ΔΡΑΜΑΣ'],['Drama'],['mt_press'],False,https://www.facebook.com/proinosdramas/,,,False,False,True,False,False
https://proinoslogos.gr,proinoslogos.gr,2,"['8e228f4c0fb97d5531f175bd236b72d1141b3caa', '933d5da8648b431b17d8a74106c604a1fa3f3835']","['ΠΡΩΙΝΟΣ ΛΟΓΟΣ ΙΩΑΝΝΙΝΩΝ', 'ΠΡΩΙΝΟΣ ΛΟΓΟΣ της ΔΕΥΤΕΡΑΣ']",['newspaper'],['ΠΡΩΙΝΟΣ ΛΟΓΟΣ'],['Ioannina'],['mt_press'],False,https://www.facebook.com/proinoslogos/?locale=el_GR,https://x.com/proinoslogosgr,,False,False,True,False,False
https://proinoslogosnews.gr,proinoslogosnews.gr,1,['0ee3328c0c5e249b4e6f6e577451b1dfe039a416'],['ΕΦΗΜΕΡΙΔΑ ΠΡΩΙΝΟΣ ΛΟΓΟΣ'],['newspaper'],['ΠΡΩΙΝΟΣ ΛΟΓΟΣ'],['Trikala'],['mt_press'],False,https://www.facebook.com/proinoslogosnews/,,,False,False,True,False,False
https://proinosmorias.gr,proinosmorias.gr,2,"['0f95f0da50eb38256e4c31d48b72f90854b95be0', 'fde09aeca28884b22257dc9c715ca785aacbc68b']","['proinosmorias', 'ΠΡΩΙΝΟΣ ΜΟΡΙΑΣ']","['newspaper', 'website']",[],['Arcadia'],"['mt_press', 'mt_websites']",False,https://www.facebook.com/p/%CE%A0%CF%81%CF%89%CE%B9%CE%BD%CF%8C%CF%82-%CE%9C%CE%BF%CF%81%CE%B9%CE%AC%CF%82-100063463840028/,,https://www.youtube.com/@dimitrismitropoulos3910,False,False,True,True,False
https://pronews.gr,pronews.gr,1,['eda6d49fd3f4b523aa5e8f01b46df734906ebc00'],['EXTRA PRO NEWS'],['tv'],['EXCOM ΚΟΜΜΙΟΥΝΙΚΕΪΣΙΟΝ ΤΕΧΝΟΛΟΤΖΙ ΑΝΩΝΥΜΗ ΕΤΑΙΡΕΙΑ ΤΗΛΕΟΡΑΣΗΣ (πρώην ΟΡΘΟΠΛΗΡΟΦΟΡΙΚΗ Α.Ε.)'],['Attica'],['esr_tv_regional'],False,https://www.facebook.com/pronews.gr/,https://x.com/pronewsgr,https://www.youtube.com/c/pronewstv,True,False,False,False,False
https://protagon.gr,protagon.gr,1,['68a01e366af1dd4d6a2abca157ec865b64d5deb4'],['protagon'],['website'],['ΠΡΟΤΑΓΚΟΝ ΑΕ'],['Attica'],['mt_websites'],False,https://www.facebook.com/protagongr/,https://x.com/protagongr,https://www.youtube.com/user/protagongr,False,False,False,True,True
https://protinews.com.gr,protinews.com.gr,1,['92253d3cd2841e73903b5035deab87d6522e5422'],['ΠΡΩΤΗ ΤΗΣ ΗΛΕΙΑΣ Α.Ε'],['newspaper'],['ΠΡΩΤΗ ΤΗΣ ΗΛΕΙΑΣ ΑΕ'],['Ilia'],['mt_press'],False,https://www.facebook.com/proti.news/,,,False,False,True,False,False
https://protionline.gr,protionline.gr,1,['aeb265eacfd961184dbe2bb82744b77906fcf537'],['ΠΡΩΤΗ ΤΗΣ ΑΙΓΙΑΛΕΙΑΣ'],['newspaper'],['ΠΡΩΤΗ ΤΗΣ ΑΙΓΙΑΛΕΙΑΣ'],['Achaia'],['mt_press'],False,https://www.facebook.com/100054793363368/timeline/,,https://www.youtube.com/channel/UCxbcNpk-AD9qbO7xVuSjCNw,False,False,True,False,False
https://protoneo.gr,protoneo.gr,1,['63323ef49b0b18652f92c951cf389386c7b99c78'],['protoneo'],['website'],['PROTONEO'],['Attica'],['mt_websites'],False,https://www.facebook.com/protoneogr,https://x.com/ProtoneoGr,,False,False,False,True,True
https://protothema.gr,protothema.gr,1,['61ff821c687f0f5435fd371b395fdad07e090239'],['ΕΦΗΜΕΡΙΔΑ ΠΡΩΤΟ ΘΕΜΑ'],['newspaper'],['ΠΡΩΤΟ ΘΕΜΑ'],['Attica'],['mt_press'],False,https://www.facebook.com/protothemagr/?ref=ts,https://x.com/protothema,https://www.youtube.com/@ProtoThemaEidiseis,False,False,True,False,False
https://ptolemaidanews.gr,ptolemaidanews.gr,2,"['aa5dcbb504c1a3cf1fcdafd4e18eeeac93389469', 'd519838e6bad9c1f8f61571374e572983819655d']","['ΔΙΑΦΑΝΕΙΑ', 'Η ΜΑΚΕΔΟΝΙΚΗ']",['newspaper'],['ΕΦΗΜΕΡΙΔΑ ΔΙΑΦΑΝΕΙΑ'],['Kozani'],['mt_press'],False,https://www.facebook.com/diafaniaptol/,,,False,False,True,False,False
https://radio-ikaria.gr,radio-ikaria.gr,1,['1dce2a46c385f50e9438a9ccd2c972c03a409668'],['ΡΑΔΙΟ ΙΚΑΡΙΑ'],['radio'],['ΕΙΡΗΝΗ ΚΟΥΛΟΥΛΙΑ'],['Samos'],['esr_radio'],False,https://www.facebook.com/RadioIkaria876,https://twitter.com/RadioIkaria876,https://www.youtube.com/channel/UCSspb5KDVOjWsPIZfH-7fZg,False,True,False,False,False
https://radio-lehovo.gr,radio-lehovo.gr,2,"['a6a36fb976d773e756063721b622e5357ce33016', 'dc641ff537fdcf0ff32dd437991481875307ba6d']","['radio-lehovo', 'ΡΑΔΙΟ ΛΕΧΟΒΟ 97,1']","['radio', 'website']","['ΓΙΑΝΝΟΥΛΑ ΒΟΥΖΑ', 'ΡΑΔΙΟ ΛΕΧΟΒΟ 971']",['Florina'],"['esr_radio', 'mt_websites']",False,https://www.facebook.com/RadioLehovo97.1/,https://twitter.com/radio_lehovo,https://www.youtube.com/user/radiolehovo,False,True,False,True,False
https://radio.polygyros.gr,polygyros.gr,1,['121e86f157a7cf0404c8f64f7718a201817f3eaa'],['ΔΗΜΟΤΙΚΟ ΡΑΔΙΟΦΩΝΟ ΠΟΛΥΓΥΡΟΥ'],['radio'],['ΔΗΜΟΤΙΚΗ ΕΠΙΧΕΙΡΗΣΗ ΡΑΔΙΟΦΩΝΟΥ ΠΟΛΥΓΥΡΟΥ'],['Chalkidiki'],['esr_radio'],False,https://www.facebook.com/groups/305906740446,,https://www.youtube.com/@dimos_polygyrou,False,True,False,False,False
https://radio899.gr,radio899.gr,1,['168b622cdd3b5cc66bf5ec4eb66b1f50ee3c711f'],['ΟΜΟΡΦΗ ΠΟΛΗ'],['radio'],['ΔΗΜΟΤΙΚΗ ΕΠΙΧΕΙΡΗΣΗ ΠΛΗΡΟΦΟΡΗΣΗΣ ΘΕΑΜΑΤΟΣ ΚΑΙ ΕΠΙΚΟΙΝΩΝΙΑΣ\nΝΟΜΙΜΟΣ ΕΚΠΡΟΣΩΠΟΣ: ΔΕΣΠΟΙΝΑ ΘΕΟΔΩΡΙΔΟΥ'],['Xanthi'],['esr_radio'],False,https://www.facebook.com/radio899.gr,,https://www.youtube.com/channel/UCRSlle7mqqZdTkWtsJmdegA,False,True,False,False,False
https://radio972.gr,radio972.gr,1,['cabb711a10935c3c0c1c9c4f4c8e820dfc46e6a6'],['ΡΑΔΙΟ ΧΕΡΣΟΝΗΣΟΣ'],['radio'],['ΓΕΩΡΓΙΟΣ ΑΛΑΤΣΑΚΗΣ'],['Iraklio'],['esr_radio'],False,https://www.facebook.com/people/Radio-Hersonissos-972/100057546936036/,,,False,True,False,False,False
https://radio984.gr,radio984.gr,2,"['15eb6d7073851318b7984faea147b50eed1d5520', '2b025b3d28f6e16c2353a8649b65fe55b5c6c2da']","['radio984', 'ΡΑΔΙΟ 98,4']","['radio', 'website']","['KPHTH TV', 'ΙΚΑΡΟΣ ΡΑΔΙΟΤΗΛΕΟΠΤΙΚΕΣ ΕΠΙΧΕΙΡΗΣΕΙΣ ΑΝΩΝΥΜΟΣ ΕΤΑΙΡΕΙΑ\nΑ ΓΕΜΗ 077098927000\nΝΟΜΙΜΟΣ ΕΚΠΡΟΣΩΠΟΣ: ΑΝΤΩΝΙΟΣ ΔΗΜΗΤΡΙΟΥ']",['Iraklio'],"['esr_radio', 'mt_websites']",False,https://www.facebook.com/radio984her,https://x.com/radio984,https://www.youtube.com/user/984radio,False,True,False,True,False
https://radioaliveri.gr,radioaliveri.gr,1,['0b0ae3709f02aa4025cb763b6ddafba0d0885d16'],['ΡΑΔΙΟ ΑΛΙΒΕΡΙ ΕΝΑ'],['radio'],['ΡΑΔΙΟΦΩΝΙΚΗ ΕΤΑΙΡΕΙΑ Α.Κ. ΚΑΙ ΣΙΑ Ε.Ε.\nΑ ΓΕΜΗ 046130122000\nΝΟΜΙΜΟΣ ΕΚΠΡΟΣΩΠΟΣ: ΑΠΟΛΛΩΝ-ΑΓΓΕΛΟΣ ΚΑΡΑΓΙΑΝΝΗΣ'],['Evia'],['esr_radio'],False,https://www.facebook.com/radioal1,,https://www.youtube.com/@radioaliveri1,False,True,False,False,False
https://radioegio.gr,radioegio.gr,1,['3b696a81ef148075009978ad3b4890b5778d59c7'],['ΡΑΔΙΟ ΑΙΓΙΟ'],['radio'],['ΜΙΝΤΙΑ ΓΚΡΟΥΠ ΑΙΓΙΑΛΕΙΑΣ ΜΟΝ. ΕΠΕ\nΑ ΓΕΜΗ 036456916000\nΝΟΜΙΜΟΣ ΕΚΠΡΟΣΩΠΟΣ: ΣΠΥΡΙΔΟΥΛΑ ΣΠΗΛΙΩΤΟΠΟΥΛΟΥ'],['Achaia'],['esr_radio'],False,https://www.facebook.com/100055749042148/mentions/,,,False,True,False,False,False
https://radioenosi.gr,radioenosi.gr,1,['972eca854a8b68d497e0743d7d92366ae37f80c9'],"['ΡΑΔΙΟ ΕΝΩΣΗ 97,3']",['radio'],['ΣΥΛΛΟΓΟΣ ΡΑΔΙΟ ΕΝΩΣΗ\nΝΟΜΙΜΟΣ ΕΚΠΡΟΣΩΠΟΣ ΝΙΚΟΛΑΟΣ ΣΑΛΙΠΑΣ'],['Boeotia'],['esr_radio'],False,,,,False,True,False,False,False
https://radioevros.gr,radioevros.gr,2,"['7bfd5df0aade90fbc619f64cef1e7203c3954de5', 'f04591a4fcfe18c3b3726bb72689a929f43d76da']","['radioevros', 'ΡΑΔΙΟ ΕΒΡΟΣ']","['radio', 'website']","['ΙΩΑΝΝΗΣ ΒΑΒΑΛΙΚΟΥΔΗΣ ΚΑΙ ΣΙΑ Ε.Ε.\nΑ ΓΕΜΗ 054373621000\nΝΟΜΙΜΟΣ ΕΚΠΡΟΣΩΠΟΣ: ΙΩΑΝΝΗΣ ΒΑΒΑΛΙΚΟΥΔΗΣ', 'ΙΩΑΝΝΗΣ ΒΑΒΑΛΙΚΟΥΔΗΣ ΚΑΙ ΣΙΑ ΕΕ']",['Evros'],"['esr_radio', 'mt_websites']",False,https://www.facebook.com/radioevros,,https://www.youtube.com/user/radioevros,False,True,False,True,False
https://radiogamma.gr,radiogamma.gr,1,['e2619aa2ba2f9cab7de41df368dc3a23d8aa69f7'],['ΡΑΔΙΟ ΓAMMA 94 FM STEREO'],['radio'],['ΑΧΑΪΚΑ ΜΕΣΑ ΜΑΖΙΚΗΣ ΕΝΗΜΕΡΩΣΗΣ - ΡΑΔΙΟ ΓΑΜΜΑ FM 94 STEREO  Α.Ε.\nΑ ΓΕΜΗ 35020816000\nΝΟΜΙΜΟΣ ΕΚΠΡΟΣΩΠΟΣ: ΧΡΥΣΟΥΛΑ ΛΙΟΝΤΑ'],['Achaia'],['esr_radio'],False,https://www.facebook.com/radiogamma94/,,https://www.youtube.com/@radgam8,False,True,False,False,False
https://radiolasithi.gr,radiolasithi.gr,1,['24d11e9b83d2e21ee2be64a653a8e076907f50ba'],['ΡΑΔΙΟ ΛΑΣΙΘΙ 92.3'],['radio'],['ΕΛΕΥΘΕΡΙΟΣ ΦΑΝΟΥΡΑΚΗΣ'],['Lasithi'],['esr_radio'],False,https://www.facebook.com/RadioLasithi,,https://www.youtube.com/c/Radiolasithi923,False,True,False,False,False
https://radiomax.gr,radiomax.gr,1,['0782105cfd8a94b99d634cecc1e88d45aeb403e3'],['MAXIMUM FM'],['radio'],['ΔΗΜΗΤΡΙΟΣ ΚΟΛΙΟΣ  & ΣΙΑ ΟΕ\nΑ ΓΕΜΗ 054407821000\nΝΟΜΙΜΟΣ ΕΚΠΡΟΣΩΠΟΣ: ΔΗΜΗΤΡΙΟΣ ΚΟΛΙΟΣ'],['Evros'],['esr_radio'],False,https://www.facebook.com/maximum936,https://twitter.com/maximum936,,False,True,False,False,False
https://radiopreveza.gr,radiopreveza.gr,1,['ff72e71cb321fcfaeb00eb93ec3a17ed052f69bd'],['ΡΑΔΙΟ ΠΡΕΒΕΖΑ'],['radio'],['ΓΙΑΝΛΟΥΚΑΣ ΜΑΤΣΙΡΑΣ'],['Preveza'],['esr_radio'],False,https://www.facebook.com/RadioPreveza93/about/,https://x.com/radiopreveza,,False,True,False,False,False
https://radioroumelinews.blogspot.com,blogspot.com,1,['f1c2f22636f2891980823d56142f328b15c0464c'],['ΡΑΔΙΟ ΡΟΥΜΕΛΗ'],['radio'],['ΝΙΚΟΛΑΟΣ ΣΑΜΟΥΡΚΑΣ'],['Fthiotida'],['esr_radio'],False,https://www.facebook.com/radioroumelinews/?locale=el_GR,,https://www.youtube.com/@radioroumelinewsfm98lamia,False,True,False,False,False
https://radiosamos.gr,radiosamos.gr,1,['0fdd9552d2cf79a8bc1c7caa287b7efa27cc7899'],['ΡΑΔΙΟ ΣΑΜΟΣ FM'],['radio'],['ΡΑΔΙΟ ΣΑΜΟΣ ΕΠΕ\nΑ ΓΕΜΗ 052183551000 \nΝΟΜΙΜΟΣ ΕΚΠΡΟΣΩΠΟΣ: ΣΤΑΜΑΤΙΝΑ ΒΑΚΑΛΟΠΟΥΛΟΥ'],['Samos'],['esr_radio'],False,https://www.facebook.com/radiosamos/?locale=el_GR,,https://www.youtube.com/@radiosamosradiosamos2376,False,True,False,False,False
https://radiosiatista.gr,radiosiatista.gr,1,['d1666ff7f0bd6b44fdb2dc13d5a03fb497b0bf85'],['ΡΑΔΙΟ ΣΙΑΤΙΣΤΑ'],['radio'],['ΘΕΟΔΩΡΟΣ ΠΕΣΝΙΚΑΣ'],['Kozani'],['esr_radio'],False,https://www.facebook.com/radiosiatistanet/,,https://www.youtube.com/channel/UC4SxCtBs90ZKJCdQpQr8mzg,False,True,False,False,False
https://radiothiva.gr,radiothiva.gr,1,['60b61ba530fa6d4764e152f6e521ca887caa6f69'],['ΡΑΔΙΟ ΘΗΒΑ'],['radio'],['ΒΟΙΩΤΙΚΗ ΕΚΔΟΤΙΚΗ Α.Ε.\nΑ ΓΕΜΗ 013389717000\nΝΟΜΙΜΟΣ ΕΚΠΡΟΣΩΠΟΣ: ΕΜΜΑΝΟΥΗΛ ΤΖΑΓΚΑΡΑΚΗΣ'],['Boeotia'],['esr_radio'],False,https://www.facebook.com/radiothiva.gr,https://x.com/RadioThiva,https://www.youtube.com/user/RadioThiva975,False,True,False,False,False
https://radiovera.gr,radiovera.gr,1,['62e8b5fbf71a9f9fa89baf82e1c338ff1b838016'],['ΡΑΔΙΟ ΒΕΡΑ'],['radio'],['ΡΑΔΙΟ ΒΕΡΑ ΜΟΝΟΠΡΟΣΩΠΗ ΕΤΑΙΡΕΙΑ ΠΕΡΙΟΡΙΣΜΕΝΗΣ ΕΥΘΥΝΗΣ\nΑ ΓΕΜΗ 122529944000\nΝΟΜΙΜΟΣ ΕΚΠΡΟΣΩΠΟΣ: ΝΑΠΟΛΕΩΝ ΠΡΑΠΑΣ'],['Magnesia'],['esr_radio'],False,,,https://www.youtube.com/@RadioVERATV,False,True,False,False,False
https://radiovereniki.gr,radiovereniki.gr,1,['459de36fe0ed02be2d115d82c3c114b555da5f5b'],"['ΡΑΔΙΟ ΒΕΡΕΝΙΚΗ 89,5 FM']",['radio'],['ΔΙΑΛΕΚΤΑΚΗΣ ΕΜΜΑΝΟΥΗΛ-ΜΠΙΛΑΝΑΚΗΣ ΙΩΑΝΝΗΣ Ο.Ε\nΑ ΓΕΜΗ 024784141000\nΝΟΜΙΜΟΣ ΕΚΠΡΟΣΩΠΟΣ: ΕΜΜΑΝΟΥΗΛ ΔΙΑΛΕΚΤΑΚΗΣ\nΝΟΜΙΜΟΣ ΕΚΠΡΟΣΩΠΟΣ: ΙΩΑΝΝΗΣ ΜΠΙΛΑΝΑΚΗΣ'],['Lasithi'],['esr_radio'],False,https://www.facebook.com/radiovereniki/?locale=el_GR,,,False,True,False,False,False
https://reader.gr,reader.gr,1,['ff8b6ffa98c1a7ef5e1159d97b6bac846b602b41'],['reader'],['website'],['LIQUID PUBLISHING'],['Attica'],['mt_websites'],False,https://www.facebook.com/reader.gr/,https://twitter.com/readergr,,False,False,False,True,True
https://real.gr,real.gr,2,"['2bb8b6baabf1da16866b220ec234ce62adbae7eb', 'e5ffc1523507213778e9e3992ffee272491c1b8c']","['REAL FM', 'REALNEWS']","['newspaper', 'radio']","['REALNEWS', 'ΡΑΔΙΟΤΗΛΕΟΠΤΙΚΕΣ ΕΠΙΧΕΙΡΗΣΕΙΣ ΑΛΗΘΙΝΟ ΡΑΔΙΟΦΩΝΟ Α.Ε.\nΑ ΓΕΜΗ 007729301000\nΝΟΜΙΜΟΣ ΕΚΠΡΟΣΩΠΟΣ: ΣΤΕΡΓΙΟΣ ΧΑΤΖΗΝΙΚΟΛΑΟΥ']",['Attica'],"['esr_radio', 'mt_press']",False,https://facebook.com/RealGroupGreece,https://twitter.com/RealGroupGreece,https://www.youtube.com/@RealGroupGreece,False,True,True,False,False
https://realvoice995.gr,realvoice995.gr,2,"['94af7fdb72e95ff1a8b1353ef22415cb32924904', '9714298d31ac38a961c944935a7acd70865986f9']","['REAL VOICE', 'realvoice995']","['radio', 'website']","['Real Voice 99,5', 'ΕΝΗΜΕΡΩΣΗ ΚΑΙ ΕΠΙΚΟΙΝΩΝΙΕΣ ΡΟΔΟΥ ΚΑΙ ΣΙΑ Ε.Ε.\nΑ ΓΕΜΗ 71768820000\nΝΟΜΙΜΟΣ ΕΚΠΡΟΣΩΠΟΣ: ΙΩΑΝΝΗΣ ΚΟΥΡΤΗΣ\nΝΟΜΙΜΟΣ ΕΚΠΡΟΣΩΠΟΣ: ΕΠΙΚΟΙΝΩΝΙΕΣ ΡΟΔΟΥ ΑΝΩΝΥΜΗ ΕΤΑΙΡΕΙΑ']",['Dodecanese'],"['esr_radio', 'mt_websites']",False,https://www.facebook.com/realvoice995,https://twitter.com/RealVoice995,https://www.youtube.com/@RealKos995,False,True,False,True,False
https://reformer.gr,reformer.gr,1,['5e0c81d7310bf03884d1e3190e1ccbc04ed56861'],['reformer'],['website'],[],['Attica'],['mt_websites'],False,https://reformer.gr/#,https://x.com/Reformer_gr,,False,False,False,True,True
https://reporter.gr,reporter.gr,1,['fb94b344dabac66be8eb8537299e8c660ec97863'],['reporter'],['website'],['PREMIUM AE'],['Attica'],['mt_websites'],False,https://www.facebook.com/Reporter.gr,https://x.com/reportergr,,False,False,False,True,True
https://rethemnosnews.gr,rethemnosnews.gr,1,['f297c881d6230fb634544a8e42c71321f5711b48'],['Ρέθεμνος εβδομαδιαία εφημερίδα'],['newspaper'],['Ρέθεμνος'],['Rethymno'],['mt_press'],False,https://www.facebook.com/rethemnosnews,https://twitter.com/rethnews,https://www.youtube.com/channel/UCkPwKrdzEp0Aulj_QdxE1AQ,False,False,True,False,False
https://rethnea.gr,rethnea.gr,2,"['7d72938341dd384e3b1ed3148b9fda065a5735bf', 'f0378da379d006a861867ef1569b6b175727f2f3']","['rethnea', 'ΡΕΘΕΜΝΙΩΤΙΚΑ ΝΕΑ']","['newspaper', 'website']",[],['Rethymno'],"['mt_press', 'mt_websites']",False,https://www.facebook.com/rethnea/,https://x.com/rethneagr,https://www.youtube.com/@rethemniotika_nea,False,False,True,True,False
https://rizospastis.gr,rizospastis.gr,1,['b0f46c76e0378510c210019ff51c51b62f85348a'],['ΡΙΖΟΣΠΑΣΤΗΣ'],['newspaper'],[],['Attica'],['mt_press'],False,,,,False,False,True,False,False
https://rodiaki.gr,rodiaki.gr,1,['504b4213006b57be6dff87a28ce32eff0c0a006e'],['ΕΦΗΜΕΡΙΔΑ ΡΟΔΙΑΚΗ'],['newspaper'],['ΡΟΔΙΑΚΗ'],['Dodecanese'],['mt_press'],False,https://www.facebook.com/efimeridarodiaki,https://twitter.com/irodiaki,https://www.youtube.com/user/rodiakiefimerida,False,False,True,False,False
https://rosa.gr,rosa.gr,1,['a4d6da90b5a13a54f8e2b7670a7e00c13a8bc7c5'],['rosa'],['website'],['ROSA MEDIA'],['Attica'],['mt_websites'],False,https://www.facebook.com/RosaProgressive/,https://twitter.com/rosa_progress,https://www.youtube.com/@ROSAProgressive,False,False,False,True,True
https://rthess.gr,rthess.gr,2,"['048fadcaeac372c32fb2419ecc96691c53438cb6', 'e99682341c5f7deac68bad583f1008d9c803572d']","['rthess', 'ΡΑΔΙΟ ΘΕΣΣΑΛΟΝΙΚΗ 94,5']","['radio', 'website']",['ΡΑΔΙΟ ΘΕΣΣΑΛΟΝΙΚΗ ΑΝΩΝΥΜΗ ΕΤΑΙΡΙΑ\nΑ ΓΕΜΗ 058948104000\nΝΟΜΙΜΟΣ ΕΚΠΡΟΣΩΠΟΣ: ΕΛΕΥΘΕΡΙΟΣ ΜΑΡΟΓΛΟΥ'],['Thessaloniki'],"['esr_radio', 'mt_websites']",False,https://el-gr.facebook.com/radiothessaloniki945/,https://x.com/RThessaloniki,https://www.youtube.com/@radiothessaloniki945,False,True,False,True,False
https://samiaki.tv,samiaki.tv,1,['b3acac96aa464faab67e1190bbfa2c9e03cf8a88'],['ΣΑ.Τ (Σαμιακή Τηλεόραση)'],['tv'],['ΣΑΜΙΑΚΗ ΤΗΛΕΟΡΑΣΗ Α.Ε.'],['Samos'],['esr_tv_regional'],False,https://www.facebook.com/samiakitv/,https://x.com/samiakitv,https://www.youtube.com/channel/UCMBrM6pNqVyZ4ZOQ5H2Zllw,True,False,False,False,False
https://samiakonvima.gr,samiakonvima.gr,1,['ac191bdfb782c2f8201213713bb16271d1f2acf2'],['ΣΑΜΙΑΚΟΝ ΒΗΜΑ'],['newspaper'],['ΣΑΜΙΑΚΟΝ ΒΗΜΑ'],['Samos'],['mt_press'],False,https://www.facebook.com/100063650675111/about/,,,False,False,True,False,False
https://samos24.gr,samos24.gr,1,['a225db3e12a8aa42eba7344fbf135b0ba40d1bca'],['samos24'],['website'],['samos24.gr'],['Samos'],['mt_websites'],False,https://www.facebook.com/24samos,https://twitter.com/InfoSamos24,https://www.youtube.com/channel/UCtv7v9iaVuSymuyCX75K4NQ/videos,False,False,False,True,True
https://samostoday.gr,samostoday.gr,1,['b83e41ac4b58eb068a0a5e504e91f774c7f8a0a2'],['RADIO CAFÉ'],['radio'],['ΓΕΩΡΓΙΑ ΤΣΑΚΑΛΩΦΑ'],['Samos'],['esr_radio'],False,https://www.facebook.com/groups/RadioCafe102.4/,,,False,True,False,False,False
https://samosvoice.gr,samosvoice.gr,1,['dbbd42d82ba2bdbf2ca379b617172ffe09e1b6f2'],['samosvoice'],['website'],[],['Thessaloniki'],['mt_websites'],False,https://www.facebook.com/SamosVoice/,https://x.com/SamosVoice,https://www.youtube.com/channel/UCON5yg5uiABOyVHlYwgBs6A,False,False,False,True,True
https://saronicmagazine.gr,saronicmagazine.gr,1,['41cc95bc53878c4a3b28975bce7a1432091e21fe'],['saronicmagazine'],['website'],"['SARONIC GLAM I.K.E. - ""SARONIC GLAM PC""']",['Attica'],['mt_websites'],False,https://www.facebook.com/saronicmagazine/,https://twitter.com/SaronicM,https://www.youtube.com/channel/UCjJGLtzE0j8J_zPvnEzhC4Q,False,False,False,True,True
https://sdna.gr,sdna.gr,1,['93f46525d19ac637d1ddfff695ee2912abada6a8'],['sdna'],['website'],['PARALOT MEDIA AND MARKETING LIMITED'],['Attica'],['mt_websites'],False,https://www.facebook.com/www.sdna.gr,https://twitter.com/sdnagr,https://www.youtube.com/channel/UCqmlP6T_3yoFj83s3UconPQ,False,False,False,True,True
https://sentranews.gr,sentranews.gr,1,['88545f1c594e93ee0b8a73ef2265dc9bcc3ae49e'],['ΣΕΝΤΡΑ'],['newspaper'],['ΣΕΝΤΡΑ'],['Kastoria'],['mt_press'],False,https://www.facebook.com/sentrakastoria,,https://www.youtube.com/channel/UCg4lFAhZVq_VYtZKhhUlsEA,False,False,True,False,False
https://serres24.gr,serres24.gr,1,['770c0dfb0240be3f5e3c8c0f652561328cec192f'],['serres24'],['website'],['CENTER LINE'],['Serres'],['mt_websites'],False,https://www.facebook.com/serres24.gr,,https://www.youtube.com/channel/UCBAFeNwA9vkW9EHZo6gUMCw,False,False,False,True,True
https://serresparatiritis.gr,serresparatiritis.gr,1,['a523ffbe0efcdba46c7a5251c284e270fb1badfb'],['ΚΑΘΗΜΕΡΙΝΟΣ ΠΑΡΑΤΗΡΗΤΗΣ'],['newspaper'],['ΚΑΘΗΜΕΡΙΝΟΣ ΠΑΡΑΤΗΡΗΤΗΣ'],['Serres'],['mt_press'],False,https://www.facebook.com/Paratiritisserres/,,,False,False,True,False,False
https://serrespost.gr,serrespost.gr,1,['575acb46ba9364e7e074bc50cd5ecddf8699c27a'],['serrespost'],['website'],[],['Serres'],['mt_websites'],False,https://www.facebook.com/Serrespost-1884628254895723/,,https://www.youtube.com/channel/UCM181grQQPh87GSvsB-9BmQ,False,False,False,True,True
https://sertharros.gr,sertharros.gr,1,['bf7e6bfb9a51ad3a4cbdb40d1dee45ee27e021b0'],['ΣΕΡΡΑΪΚΟΝ ΘΑΡΡΡΟΣ'],['newspaper'],[],['Serres'],['mt_press'],False,https://www.facebook.com/sertharros/?locale=el_GR,,,False,False,True,False,False
https://sferikos.gr,sferikos.gr,1,['67df55c396f22a066f9264002229dde857f0def7'],"['SFERIKOS 99,3']",['radio'],['ΔΗΜΟΤΙΚΗ ΕΠΙΧΕΙΡΗΣΗ ΡΑΔΙΟΦΩΝΙΑΣ ΑΛΕΞΑΝΔΡΟΥΠΟΛΗΣ'],['Evros'],['esr_radio'],False,,,,False,True,False,False,False
https://simerini.gr,simerini.gr,1,['a17586608a06de0751668552981746da339e4552'],['ΣΗΜΕΡΙΝΗ ΤΩΝ ΣΕΡΡΩΝ'],['newspaper'],['ΣΗΜΕΡΙΝΗ ΤΩΝ ΣΕΡΡΩΝ'],['Serres'],['mt_press'],False,https://www.facebook.com/simerini.serres,,,False,False,True,False,False
https://sinidisi.gr,sinidisi.gr,1,['c22e2fcf5f020106601442885fa3f701bff82211'],['ΣΥΝΕΙΔΗΣΗ'],['newspaper'],['ΣΥΝΕΙΔΗΣΗ ΑΕ'],['Aitoloakarnania'],['mt_press'],False,https://www.facebook.com/sinidisigr,https://x.com/esinidisi,https://www.youtube.com/channel/UCl5ZiE8q1Ki9st72zzvq3aQ,False,False,True,False,False
https://siriosfm.gr,siriosfm.gr,1,['c7671adf8cf030f77c3f3d4a7fa47419890ff19f'],['ΣΕΙΡΙΟΣ FM'],['radio'],['ΠΑΝΤΕΛΗΣ ΞΥΠΟΛΙΤΑΚΗΣ'],['Boeotia'],['esr_radio'],False,https://www.facebook.com/siriosfm958,https://twitter.com/SiriosFm958,https://www.youtube.com/channel/UCuRQ28gZ1pDMSpXxUtetsug,False,True,False,False,False
https://sitiafm.blogspot.com,blogspot.com,1,['7280019a84b4fa253f520557d596c6724c07ddf2'],"['ΙΔΙΩΤΙΚΟΣ ΡΑΔΙΟΦΩΝΙΚΟΣ ΣΤΑΘΜΟΣ ΣΗΤΕΙΑΣ (ΣΗΤΕΙΑ FM) 95,5 ΜΗΖ']",['radio'],['ΕΜΜΑΝΟΥΗΛ ΜΕΤΑΞΑΚΗΣ'],['Lasithi'],['esr_radio'],False,https://www.facebook.com/groups/100523470050423/about,,,False,True,False,False,False
https://skai.gr,skai.gr,2,"['011f01e8842023b39a213aec704d50de27feedd1', 'f2eccdb7d38753900f1377a26b54bb1715a1eccd']","['skai', 'ΣΚΑΪ']","['tv', 'website']","['ΕΙΔΗΣΕΙΣ ΝΤΟΤ ΚΟΜ ΑΝΩΝΥΜΗ ΡΑΔΙΟΤΗΛΕΟΠΤΙΚΗ & ΕΜΠΟΡΙΚΗ ΕΤΑΙΡΕΙΑ ΠΑΡΟΧΗΣ ΠΛΗΡΟΦΟΡΙΩΝ ΚΑΙ ΕΝΗΜΕΡΩΣΗΣ', 'ΣΚΑΪ Α.Ε.']",['Attica'],"['esr_tv_national', 'mt_websites']",False,https://www.facebook.com/skaigr,https://twitter.com/skaigr,https://www.youtube.com/channel/UCmHgxU394HiIAsN1fMegqzw,True,False,False,True,False
https://skai93.gr,skai93.gr,1,['4d7a9955825d082d65604dc77e17428795ccf8bb'],"['ΣΚΑΪ 92,6']",['radio'],['MEDIASET ΡΑΔΙΟΦΩΝΙΚΗ ΕΜΠΟΡΙΚΗ ΜΟΝ Ε.Π.Ε\nΑ ΓΕΜΗ 52308948000\nΝΟΜΙΜΟΣ ΕΚΠΡΟΣΩΠΟΣ: ΒΑΣΙΛΕΙΟΣ ΠΟΛΥΧΡΟΝΙΔΗΣ'],['Pieria'],['esr_radio'],False,https://www.facebook.com/SkaiPierias92.6/?locale=el_GR,,,False,True,False,False,False
https://skaikritis.gr,skaikritis.gr,1,['a219f9eb9d3a1a41d29e399801992b616c9a5b5d'],"['ΣΚΑΪ ΚΡΗΤΗΣ 92,1FM']",['radio'],['ΑΛΕΞΑΝΔΡΟΣ ΔΑΝΔΑΛΗΣ'],['Iraklio'],['esr_radio'],False,https://www.facebook.com/skaikritis/,,https://www.youtube.com/channel/UCtoP8IEu_eIgh1qHk394Y-w,False,True,False,False,False
https://skaipatras.gr,skaipatras.gr,2,"['636bb28e38819f0f6503cf1f45b03385afa2eeb3', '758dc82faa6f08fd0b0fd0b914b53713edbee0ad']","['skaipatras', 'ΣΚΑΙ ΠΑΤΡΑΣ 89,4']","['radio', 'website']",['ΣΠΥΡΙΔΩΝ ΣΤΕΦΑΝΟΠΟΥΛΟΣ ΚΑΙ ΣΙΑ Ε.Ε.\nΑ ΓΕΜΗ 036457016000\nΝΟΜΙΜΟΣ ΕΚΠΡΟΣΩΠΟΣ: ΣΠΥΡΙΔΩΝ ΣΤΕΦΑΝΟΠΟΥΛΟΣ'],['Achaia'],"['esr_radio', 'mt_websites']",False,https://www.facebook.com/Skai-Patras-894-Skaipatrasgr-177070132396041/?fref=ts,,https://www.youtube.com/user/skaipatras,False,True,False,True,False
https://skairadio.gr,skairadio.gr,2,"['b36c899eed0c0b3df88b03fd30a8f9868f7fbc24', 'fca60012e3ef9e489e6bf61379930a708daa7874']","['skairadio', 'ΣΚΑΪ 100,3 FM']","['radio', 'website']","['ΕΙΔΗΣΕΙΣ ΝΤΟΤ ΚΟΜ ΑΝΩΝΥΜΗ ΡΑΔΙΟΤΗΛΕΟΠΤΙΚΗ  ΚΑΙ ΕΜΠΟΡΙΚΗ ΕΤΑΙΡΕΙΑ ΠΑΡΟΧΗΣ ΠΛΗΡΟΦΟΡΙΩΝ ΚΑΙ ΕΝΗΜΕΡΩΣΗΣ\nΑ ΓΕΜΗ 044884407000\nΝΟΜΙΜΟΣ ΕΚΠΡΟΣΩΠΟΣ: ΙΩΑΝΝΗΣ ΑΛΑΦΟΥΖΟΣ\nΝΟΜΙΜΟΣ ΕΚΠΡΟΣΩΠΟΣ: ΙΩΑΝΝΗΣ ΣΠΑΝΟΛΙΟΣ \nΝΟΜΙΜΟΣ ΕΚΠΡΟΣΩΠΟΣ:  ΚΩΝΣΤΑΝΤΙΝΟΣ ΖΟΥΛΑΣ\nΝΟΜΙΜΟΣ ΕΚΠΡΟΣΩΠΟΣ: ΒΑΣΙΛΕΙΟΣ ΚΡΗΤΙΚΟΣ', 'ΣΚΑΪ Α.Ε.']",['Attica'],"['esr_radio', 'mt_websites']",False,https://www.facebook.com/skaigr,https://www.twitter.com/skaigr,https://www.youtube.com/@SKAIRADIOFM,False,True,False,True,False
https://skiathoslife.gr,skiathoslife.gr,1,['69fbc020b2765fc8c9904bcc011fa95b47e439c0'],['skiathoslife'],['website'],['ΑΝΑ ΙΚΕ'],['Magnesia'],['mt_websites'],False,https://www.facebook.com/skiathoslife/,https://twitter.com/skiathoslife?lang=el,https://www.youtube.com/channel/UCKUZt5n71TuUw-vum2kwk3Q,False,False,False,True,True
https://skycomnet.gr,skycomnet.gr,1,['cb108c5bbad51670445122e9c79e0746eebe00a9'],"['ΣΚΑΪ ΑΡΓΟΛΙΔΑΣ 102,3']",['radio'],['ΦΙΛΙΠΠΟΣ ΚΑΛΑΜΑΤΙΑΝΟΣ'],['Argolida'],['esr_radio'],False,,,,False,True,False,False,False
https://skyrodos.gr,skyrodos.gr,1,['ff757d47d2545e3ac1ba30f2c2986eef1ff14dbe'],['SKY ΡΟΔΟΣ 100 FM'],['radio'],['ΡΑΔΙΟΤΟΥΡΙΣΤΙΚΗ ΡΟΔΟΥ Α.Ε\nΑ ΓΕΜΗ 072282720000\nΝΟΜΙΜΟΣ ΕΚΠΡΟΣΩΠΟΣ: ΑΝΤΩΝΙΟΣ ΜΑΡΤΙΝΗΣ'],['Dodecanese'],['esr_radio'],False,,,https://www.youtube.com/channel/UCCh5JItdddXFUgfSgnFu5-Q,False,True,False,False,False
https://slpress.gr,slpress.gr,1,['81f2ad9d3e281cf8da92a79bd0a7848860256455'],['slpress'],['website'],[],['Attica'],['mt_websites'],False,https://www.facebook.com/StavrosLygeros.gr/,https://twitter.com/lygerosstavros,https://www.youtube.com/channel/UCm_hLzz_bvWKdVFvIlCHbtQ,False,False,False,True,True
https://sofokleousin.gr,sofokleousin.gr,1,['e2ef41a63be7f32efcbf213c5b6d921ffca304b6'],['sofokleousin'],['website'],['FREED S.A'],['Attica'],['mt_websites'],False,https://www.facebook.com/sofokleousin,https://twitter.com/Sofokleousin,,False,False,False,True,True
https://sport-fm.gr,sport-fm.gr,1,['30deacd6fb6da0b016fd91e9494c743b4c1fd7ab'],['sport-fm'],['website'],['ΟΡΓΑΝΙΣΜΟΣ ΜΕΣΩΝ ΜΑΖΙΚΗΣ ΕΠΙΚΟΙΝΩΝΙΑΣ Α.Ε.'],['Attica'],['mt_websites'],False,https://www.facebook.com/SPORFMOFFICIAL/,https://twitter.com/sporfm946,https://www.youtube.com/user/NovaSPORFM946,False,False,False,True,True
https://sport24.gr,sport24.gr,1,['d5c7bb2024acd1c5a7d3c81dbb9bc82e37e8b549'],['sport24'],['website'],['24 MEDIA Α.Ε ΨΗΦΙΑΚΩΝ ΕΦΑΡΜΟΓΩΝ'],['Attica'],['mt_websites'],False,https://www.facebook.com/SPORT24/,https://twitter.com/sport24,https://www.youtube.com/@sport24greecetv?sub_confirmation=1,False,False,False,True,True
https://sportal.gr,sportal.gr,1,['96e9c0fa83e42e45e5a23849ba2f6a3376b62ada'],['sportal'],['website'],['sportal.gr'],['Attica'],['mt_websites'],False,https://www.facebook.com/sportalgreece,https://twitter.com/SportalgrG,https://www.youtube.com/channel/UCMVkJNLEm8gsHjA3rIfm61g,False,False,False,True,True
https://sportday.gr,sportday.gr,1,['20845fb9dd0dbda38233c0e17cefaa5d7a09cb22'],['sportday'],['website'],['NEWAGE SPORTSMEDIA A.E.'],['Attica'],['mt_websites'],False,https://www.facebook.com/sportdaygr/,https://x.com/sportdaygr,https://www.youtube.com/@sportday3064,False,False,False,True,True
https://sportdog.gr,sportdog.gr,1,['6501ef74e055f838bf7eba2fffc41f72bb81d08c'],['sportdog'],['website'],['SPORTDOG ΜΟΝΟΠΡΟΣΩΠΗ Ι.Κ.Ε.'],['Attica'],['mt_websites'],False,https://www.facebook.com/sportdog,https://twitter.com/sportdoggr?lang=en,https://www.youtube.com/user/sportdogchannel?app=desktop,False,False,False,True,True
https://sportfmpatras.gr,sportfmpatras.gr,1,['daffbd32514489d5ca1e128a07ea52e4581f61ad'],"['SPOR FM ΠΑΤΡΑΣ 96,3']",['radio'],['ΜΑΡΙΑ ΚΑΡΑΓΕΩΡΓΟΠΟΥΛΟΥ'],['Achaia'],['esr_radio'],False,https://www.facebook.com/sportfmpatras96.3,https://x.com/SportFM_Patras,https://www.youtube.com/@sportfmpatras,False,True,False,False,False
https://sportlesvos.gr,sportlesvos.gr,1,['eb2515896240f5834214bf8b49b4ca4bacf5d7a7'],['sportlesvos'],['website'],['ΕΝΗΜΕΡΩΣΗ'],['Lesvos'],['mt_websites'],False,https://www.facebook.com/sportlesvos.gr,https://x.com/SportLesvosGR,https://www.youtube.com/@sportlesvos,False,False,False,True,True
https://star-fm.gr,star-fm.gr,1,['821d445cd9d8be893bacc6f6747302cfa76c81f0'],"['STAR FM 93,3']",['radio'],['ΧΡΗΣΤΟΣ ΜΙΜΗΣ'],['Grevena'],['esr_radio'],False,https://www.facebook.com/starfm.grevena,,https://www.youtube.com/@933StarFM,False,True,False,False,False
https://star.gr,star.gr,2,"['14095c2388df110e38a9b336ab7522e8d69a7bc5', '47035a8346f931ed372bf485f83bb9718685cc48']","['STAR CHANNEL', 'star']","['tv', 'website']","['NEA THΛΕΟΡΑΣΗ A.E.', 'NTV']",['Attica'],"['esr_tv_national', 'mt_websites']",False,https://www.facebook.com/StarChannelGrTV/,https://twitter.com/StarChannelGr,https://www.youtube.com/startvgr,True,False,False,True,False
https://star888fm.gr,star888fm.gr,1,['db36e7486c342071d73e2552f83a4ec9e0ac98f2'],"['STAR 88,8 FM']",['radio'],['ΚΟΣΜΑΣ ΓΕΩΡΓΙΑΔΗΣ ΚΑΙ ΣΙΑ Ε.Ε.'],['Xanthi'],['esr_radio'],False,https://www.facebook.com/star888fm/?locale=el_GR,,https://www.youtube.com/@star88.8fmxanthi8,False,True,False,False,False
https://starfm971.gr,starfm971.gr,1,['42ee6d5b93b8478984673091758eba08542c13a4'],"['STAR FM 97,1']",['radio'],['ΡΑΔΙΟΤΗΛΕΟΠΤΙΚΟΣ ΟΡΓΑΝΙΣΜΟΣ ΚΕΝΤΡΙΚΗΣ ΕΛΛΑΔΑΣ STAR A.E.\nΑ ΓΕΜΗ 022430154000\nΝΟΜΙΜΟΣ ΕΚΠΡΟΣΩΠΟΣ: ΝΙΚΟΛΙΤΣΑ ΧΕΙΜΩΝΙΔΟΥ\nΝΟΜΙΜΟΣ ΕΚΠΡΟΣΩΠΟΣ: ΓΕΩΡΓΙΟΣ ΣΙΜΟΠΟΥΛΟΣ\nΝΟΜΙΜΟΣ ΕΚΠΡΟΣΩΠΟΣ: ΣΠΥΡΙΔΟΥΛΑ ΜΠΕΝΙΑΤΑ'],['Fthiotida'],['esr_radio'],False,,,,False,True,False,False,False
https://starsports.gr,starsports.gr,1,['f8204b641f410dc1ab33b28155c4b4fd8cb1c104'],['starsports'],['website'],['STAR CHANNEL ΚΕΝΤΡΙΚΗΣ ΕΛΛΑΔΟΣ Α.Ε.'],['Fthiotida'],['mt_websites'],False,https://www.facebook.com/starsportsgr,,https://www.youtube.com/c/StarKentrikisElladas/videos,False,False,False,True,True
https://startmediacorfu.gr,startmediacorfu.gr,1,['1c6072259d96a5f95a0eef367607737ee282acfc'],['START TV'],['tv'],['START TV ΤΗΛΕΟΠΤΙΚΕΣ ΚΑΙ ΕΚΔ. ΕΠΙΧ. Α.Ε. \n(πρώην ΤΗΛΕΚΕΡΚΥΡΑ ΤΗΛ/ΚΕΣ ΚΑΙ ΕΚ. ΕΠΙΧ. ΑΕ)'],['Corfu'],['esr_tv_regional'],False,,,https://www.youtube.com/@starttvkerkyrachannel9298,True,False,False,False,False
https://startvfm.gr,startvfm.gr,1,['5df9ee9737287d6d621741bea4290d11aa6239a7'],['STAR ΒΟΡΕΙΟΥ ΕΛΛΑΔΟΣ'],['tv'],['ΤΗΛΕΟΡΑΣΗ ΔΡΑΜΑΣ Α.Ε'],['Drama'],['esr_tv_regional'],False,https://www.facebook.com/p/STAR-%CE%92%CE%BF%CF%81%CE%B5%CE%AF%CE%BF%CF%85-%CE%95%CE%BB%CE%BB%CE%AC%CE%B4%CE%BF%CF%82-100063815432884/?locale=el_GR,,https://www.youtube.com/@startvfmdramas,True,False,False,False,False
https://stathmosnet.gr,stathmosnet.gr,1,['6ded454b32df61379030055b17b2e150a2551218'],['ΣΤΑΘΜΟΣ ΣΤΗΝ ΕΝΗΜΕΡΩΣΗ'],['newspaper'],['ΣΤΑΘΜΟΣ ΣΤΗΝ ΕΝΗΜΕΡΩΣΗ'],['Dodecanese'],['mt_press'],False,https://www.facebook.com/stathmosnet,https://twitter.com/stathmosnet,,False,False,True,False,False
https://statusradio.gr,statusradio.gr,2,"['0c0f58700d6bfaa483b9dd5b2dc43ca9bc68d2b8', '66bcfdd78dcd7ebb0389abd736f1fcea9d22f9d0']","['STATUS RADIO 94,2', 'statusradio']","['radio', 'website']","['STATUS RADIO', 'ΣΤΑΥΡΟΣ ΑΠΟΣΤΟΛΙΔΗΣ ΚΑΙ ΣΙΑ Ε.Ε\nΑ ΓΕΜΗ 54616221000\nΝΟΜΙΜΟΣ ΕΚΠΡΟΣΩΠΟΣ: ΣΤΑΥΡΟΣ ΑΠΟΣΤΟΛΙΔΗΣ']",['Evros'],"['esr_radio', 'mt_websites']",False,https://www.facebook.com/statusradio942/,https://twitter.com/STATUSRADIO_942,https://youtube.com/@statusmedia5290,False,True,False,True,False
https://sterea.gr,sterea.gr,1,['b697df8e899d6744e82b0210c3f6a005016f7629'],['Σέντρα'],['newspaper'],['ΕΚΔΟΤΙΚΗ ΤΗΛΕΟΠΤΙΚΗ ΑΕ'],['Fthiotida'],['mt_press'],False,,,,False,False,True,False,False
https://stigmafm.gr,stigmafm.gr,1,['d04f8dc1afdf033736acbc8df7c4f120c8233c2a'],['ΣΤΙΓΜΑ FM'],['radio'],['ΣΤΙΓΜΑ ΡΑΔΙΟΦΩΝΙΚΕΣ ΕΠΙΧΕΙΡΗΣΕΙΣ Α.Ε.\nΑ ΓΕΜΗ 070615724000\nΝΟΜΙΜΟΣ ΕΚΠΡΟΣΩΠΟΣ: ΜΙΧΑΗΛ ΣΠΙΝΟΣ'],['Zakynthos'],['esr_radio'],False,https://www.facebook.com/stigmafm.gr,https://twitter.com/StigmaRadio,,False,True,False,False,False
https://stonisi.gr,stonisi.gr,2,"['04792605d77980169a63c72173b301d770b076e7', 'ff16657e677bd1467c97e63d65eeb1c5f86f21ad']","['stonisi', 'ΣΤΟ ΝΗΣΙ 99 fm']","['radio', 'website']","['ΕΝΗΜΕΡΩΣΗ', 'ΚΟΙΝΩΝΙΚΗ ΣΥΝΕΤΑΙΡΙΣΤΙΚΗ ΕΠΙΧΕΙΡΗΣΗ ΣΥΛΛΟΓΙΚΗΣ ΚΑΙ ΚΟΙΝΩΝΙΚΗΣ ΩΦΕΛΕΙΑΣ ΕΝΗΜΕΡΩΣΗ']",['Lesvos'],"['esr_radio', 'mt_websites']",False,https://www.facebook.com/stonisigr,https://twitter.com/stonisigr,https://www.youtube.com/channel/UCUsntTK6TAMFcQ8dPtxUXHw,False,True,False,True,False
https://stoxos.gr,stoxos.gr,1,['bafe1cb1db5245ff0bc9d5d09ced9927606f56f3'],['stoxos'],['newspaper'],[],['Attica'],['manual_independent'],True,https://www.facebook.com/stoxos.gr,https://twitter.com/stoxos,,False,False,True,False,False
https://style100fm.gr,style100fm.gr,1,['41c3b0786fa5a0bc6a110f1c08e7df020e4b0121'],['STYLE 100'],['radio'],['ΕΜΜΑΝΟΥΗΛ ΔΑΣΚΑΛΑΚΗΣ'],['Lasithi'],['esr_radio'],False,https://www.facebook.com/groups/14072395167/,,,False,True,False,False,False
https://super88radio.gr,super88radio.gr,1,['af02b70afce1b954b6e3973dbde3a7c7daf08d18'],['SUPER 88 FM STEREO'],['radio'],['ΒΑΣΙΛΕΙΟΣ ΚΟΚΚΑΛΙΔΗΣ'],['Xanthi'],['esr_radio'],False,,,,False,True,False,False,False
https://symboulos.gr,symboulos.gr,1,['b8e8a8170209fef9f2430d7e5a72a3d70b44f000'],['ΣΥΜΒΟΥΛΟΣ ΕΠΙΧΕΙΡΗΣΕΩΝ'],['newspaper'],['ΣΥΜΒΟΥΛΟΣ ΕΕ'],['Achaia'],['mt_press'],False,https://www.facebook.com/Symboulos.gr,,,False,False,True,False,False
https://syneidisi.com,syneidisi.com,2,"['c3f15af83f6cf72e2091f939c25df8eec27da997', 'ec33e56c96beabd72bb27ea948e060453dff2790']","['syneidisi', 'ΣΥΝΕΙΔΗΣΗ']","['newspaper', 'website']",['power press'],['Attica'],"['mt_press', 'mt_websites']",False,https://www.facebook.com/sinidisi.met/,https://x.com/syneidisicom,https://www.syneidisi.com/#,False,False,True,True,False
https://tameteora.gr,tameteora.gr,1,['7895eb70305381125ee38ae2730e2a85083d784d'],['ΤΑ ΜΕΤΕΩΡΑ'],['newspaper'],['ΤΑ ΜΕΤΕΩΡΑ'],['Trikala'],['mt_press'],False,https://www.facebook.com/tameteora.gr,https://twitter.com/tameteora,https://www.youtube.com/channel/UC2-jwggN5SA1rTpCD877dRw,False,False,True,False,False
https://tanea.gr,tanea.gr,2,"['31c04f9836a0e1c209e27583c5a01c36f39cf3f2', 'f6b04339c6a1c3287b214049da332af69928c5ed']","['tanea', 'ΤΑ ΝΕΑ']","['newspaper', 'website']",['ALTER EGO MEDIA Α.Ε.'],['Attica'],"['mt_press', 'mt_websites']",False,https://www.facebook.com/tanea.grofficial,https://x.com/ta_nea,https://www.youtube.com/channel/UCYTti6kj97zrMi7sMePlU2g,False,False,True,True,False
https://taxydromos.gr,taxydromos.gr,1,['1b0264006d8ef87c94b4d406795d74418575570b'],['ΤΑΧΥΔΡΟΜΟΣ ΤΗΣ ΜΑΓΝΗΣΙΑΣ'],['newspaper'],['ΜΟΝΟΤΥΠΙΑ ΙΚΕ'],['Magnesia'],['mt_press'],False,https://www.facebook.com/taxydromos,https://twitter.com/taxydromosvolos?lang=el,,False,False,True,False,False
https://taxydromosartas.gr,taxydromosartas.gr,1,['0a0789f99e254cdd4e40c2aae775fd8c67c1cea2'],['ΤΑΧΥΔΡΟΜΟΣ της Εβδομάδας Άρτας'],['newspaper'],['ΤΑΧΥΔΡΟΜΟΣ της εβδομάδας Άρτας'],['Arta'],['mt_press'],False,https://www.facebook.com/people/%CE%95%CF%86%CE%B7%CE%BC%CE%B5%CF%81%CE%AF%CE%B4%CE%B1-%CE%A4%CE%B1%CF%87%CF%85%CE%B4%CF%81%CF%8C%CE%BC%CE%BF%CF%82-%CE%86%CF%81%CF%84%CE%B1%CF%82/61573192125015/,,,False,False,True,False,False
https://telekriti.com,telekriti.com,1,['d32b8daeed3fdc880fafd9eef2d5eca67a03bcec'],['TELEΚΡΗΤΗ'],['tv'],['ΡΑΔΙΟΤΗΛΕΟΠΤΙΚΕΣ ΕΠΙΧΕΙΡΗΣΕΙΣ ΕΡΜΗΣ Α.Ε.'],['Lasithi'],['esr_tv_regional'],False,https://www.facebook.com/telekritinew/?locale=el_GR,,https://www.youtube.com/@TeleKriti,True,False,False,False,False
https://tempo24.news,tempo24.news,1,['29aed26b69d9bf9058c1c867e8e4f5330904c829'],['tempo24'],['website'],['tempo24.news'],['Achaia'],['mt_websites'],False,https://www.facebook.com/tempo24.gr,https://x.com/tempo24_gr,https://www.youtube.com/channel/UCnmNz30Jzt7Q22wjmU0pr_A,False,False,False,True,True
https://tharos.gr,tharos.gr,1,['ff8e9e45f3b8e63750a09327adb5683ccc4a87c5'],['ΕΦΗΜΕΡΙΔΑ ΘΑΡΡΟΣ ΚΟΖΑΝΗΣ'],['newspaper'],[],['Pieria'],['mt_press'],False,https://www.facebook.com/tharos.gr/,https://x.com/tharosdytmak,https://www.youtube.com/@Tharos-Kozani,False,False,True,False,False
https://tharrosnews.gr,tharrosnews.gr,2,"['0d2f269dc787cf0b4bd2fccfc974a9a2dd91041f', '982a7835c209c82c18afd214872271b3a34c560a']","['tharrosnews', 'ΕΦΗΜΕΡΙΔΑ ""ΘΑΡΡΟΣ""']","['newspaper', 'website']",[],['Messinia'],"['mt_press', 'mt_websites']",False,https://www.facebook.com/TharrosNews/,https://twitter.com/tharrosnews?lang=el,https://www.youtube.com/user/tharrosnews,False,False,True,True,False
https://thebest.gr,thebest.gr,1,['96a629ed3c2ea6fee7ad6589b34c93a4a88c57f9'],['thebest'],['website'],['THE BEST ΝΕT IKE'],['Achaia'],['mt_websites'],False,https://www.facebook.com/thebest.gr,https://x.com/thebestportal,https://www.youtube.com/user/thebestportal,False,False,False,True,True
https://thecaller.gr,thecaller.gr,1,['09c1c7fc0f2f72a4feb74ef377bbb5bfdf8bbb6d'],['thecaller'],['website'],['NEW COMMUNICATION'],['Attica'],['mt_websites'],False,https://www.facebook.com/thecallergr/,https://twitter.com/thecaller8,,False,False,False,True,True
https://theleader.gr,theleader.gr,1,['283700ae6599852e2951a6f346bc97046ca21326'],['theleader'],['website'],['KLS UNION'],['Attica'],['mt_websites'],False,https://www.facebook.com/profile.php?id=61559554544957,https://x.com/theleader9gr,https://www.youtube.com/@theleadergr,False,False,False,True,True
https://themakritis.gr,themakritis.gr,2,"['38cf896238d3100d4c2d034cb005c45295eef3a2', '40a8502f5c95f87c887879098bb6c8b4daf097bc']","['themakritis', 'ΘΕΜΑ ΚΡΗΤΗΣ 103,1']","['radio', 'website']","['THEMA24 Ι Κ Ε', 'ΑΛΕΞΑΝΔΡΑ ΠΕΡΟΓΑΜΒΡΑΚΗ']",['Iraklio'],"['esr_radio', 'mt_websites']",False,https://www.facebook.com/themakritis,https://twitter.com/themakritis,https://www.youtube.com/@themakritis,False,True,False,True,False
https://themapatras.gr,themapatras.gr,1,['17bf590e7d04f82c4051ad8b2cc6151d9339af87'],"['ΘΕΜΑ PATRAS 98,7']",['radio'],['ΑΝΤΩΝΙΑ ΤΣΕΛΙΚΑ'],['Achaia'],['esr_radio'],False,https://www.facebook.com/themapatras/?locale=el_GR,,,False,True,False,False,False
https://thenewspaper.gr,thenewspaper.gr,1,['1364e92ce41a20a030d0ae01e2c11c382e319f04'],['thenewspaper'],['website'],['MAREDIS MEDIA GROUP'],['Magnesia'],['mt_websites'],False,https://www.facebook.com/thenewspapergr/,https://x.com/TheNewspaper8,https://www.youtube.com/channel/UC7NGRU4NhM4vVIvBjCPpEOw,False,False,False,True,True
https://theopinion.gr,theopinion.gr,1,['7123c4ced7e7bf4aaee4fa5381a5998a284dab9e'],['theopinion'],['website'],['ΤΗESSDIGITAL IKE'],['Thessaloniki'],['mt_websites'],False,https://www.facebook.com/theopiniongr,https://x.com/TheOpinion_News,https://www.youtube.com/channel/UCIgu03X5PFdXu6F1LK8sclQ,False,False,False,True,True
https://thepresident.gr,thepresident.gr,1,['2656c9256c8afd0212199dd3a75b3c03f3215b83'],['thepresident'],['website'],['THEPRESIDENT'],['Attica'],['mt_websites'],False,https://www.facebook.com/thepresident.gr/,https://x.com/ThePresidentGr,https://www.youtube.com/@thepresidentgr5670,False,False,False,True,True
https://thepressproject.gr,thepressproject.gr,1,['c1c1e821d0ddf3f757c028f0e5fde62a11769fa3'],['thepressproject'],['website'],[],['Attica'],['manual_independent'],True,https://www.facebook.com/ThePressProject,https://twitter.com/ThePressProject,https://www.youtube.com/user/ThePressProject,False,False,False,True,True
https://thes.gr,thes.gr,1,['b876510dd7f50faffbd86cd3017f1362c1674032'],['thes'],['website'],['www.thes.gr'],['Thessaloniki'],['mt_websites'],False,https://www.facebook.com/thes.greece/,https://twitter.com/Thes_Portal,https://www.youtube.com/@lifeeventsgr,False,False,False,True,True
https://thesnea.gr,thesnea.gr,1,['213cfa09b387fe148db3bbab31aa088cc6ed79b9'],['thesnea'],['website'],['ΘΕΣΣΑΛΙΑ TV ΑΕ'],['Karditsa'],['mt_websites'],False,https://www.facebook.com/thesnea.gr/,https://x.com/thesnea,,False,False,False,True,True
https://thespro.gr,thespro.gr,1,['bdc24f4f846700c795799f8f2c682b585cd5ac29'],['ΤΙΤΑΝΗ'],['newspaper'],['ΤΙΤΑΝΗ - thespro.gr'],['Thesprotia'],['mt_press'],False,https://www.facebook.com/thespronews.gr/,,,False,False,True,False,False
https://thesprotiki.gr,thesprotiki.gr,2,"['877760c246f7c39c1e354a06bc8229436fd39fdb', 'd3b9a700db95404659e80c176278843a875a929f']","['thesprotiki', 'Η ΘΕΣΠΡΩΤΙΚΗ']","['newspaper', 'website']",[],['Thesprotia'],"['mt_press', 'mt_websites']",False,https://www.facebook.com/thesprotiki,,,False,False,True,True,False
https://thessaliaeconomy.gr,thessaliaeconomy.gr,1,['01f84101d96e299fbb9275bf533df6a61eae66e1'],['thessaliaeconomy'],['website'],['LOCAL NEWS ΙΚΕ'],['Larissa'],['mt_websites'],False,https://www.facebook.com/thessaliaeconomy,https://www.twitter.com/Thessaliaeconom,,False,False,False,True,True
https://thessalianews.gr,thessalianews.gr,1,['7dbb2f0667c10b10c7e828f5407d6d48a56d1d7b'],['thessalianews'],['website'],['LOCAL NEWS ΙΚΕ'],['Larissa'],['mt_websites'],False,https://www.facebook.com/thessaliaeconomy,https://www.twitter.com/Thessaliaeconom,,False,False,False,True,True
https://thessaliatv.gr,thessaliatv.gr,2,"['494dff5502de4e426a9dcad6805dd873e3d3c596', '738fffb58785e6e98daeb57dba7277b6aa41d349']","['thessaliatv', 'ΘΕΣΣΑΛΙΑ TV']","['tv', 'website']","['ΘΕΣΣΑΛΙΑ TV  ΑΝΩΝΥΜΗ ΕΤΑΙΡΙΑ', 'ΘΕΣΣΑΛΙΑ TV ΑΕ']",['Karditsa'],"['esr_tv_regional', 'mt_websites']",False,https://www.facebook.com/thessaliatv.gr,https://twitter.com/thessaliatv,https://www.youtube.com/c/thessaliatv1,True,False,False,True,False
https://thessimera.gr,thessimera.gr,1,['a25662812638b0adf005c9aa7c4e49640a2be1f6'],['Η ΘΕΣΣΑΛΟΝΙΚΗ ΣΗΜΕΡΑ'],['newspaper'],['Η ΘΕΣΣΑΛΟΝΙΚΗ ΣΗΜΕΡΑ'],['Serres'],['mt_press'],False,https://www.facebook.com/ThessToday/photos/,,,False,False,True,False,False
https://thestandard.gr,thestandard.gr,1,['697bd91be5c50f9ce3ba2dd2ec39bd1f55c4d3c8'],['thestandard'],['website'],['MEDIA MATRIX M.I.K.E.'],['Attica'],['mt_websites'],False,https://www.facebook.com/thestandardgreece,https://twitter.com/TheStandardgr,,False,False,False,True,True
https://thestival.gr,thestival.gr,1,['35dabb1cd8c1224fe65bb175a8a8bb9ce057f0b1'],['thestival'],['website'],[],['Thessaloniki'],['mt_websites'],False,https://www.facebook.com/thestival.gr/,https://twitter.com/thestival,https://www.youtube.com/user/thestivalgr,False,False,False,True,True
https://thetoc.gr,thetoc.gr,1,['53e3e70c3a0fd87d475bfe8390f18944c62c0dc9'],['thetoc'],['website'],['ΑΤΤΙΚΕΣ ΕΚΔΟΣΕΙΣ Α.Ε.'],['Attica'],['mt_websites'],False,https://www.facebook.com/TheTOC.gr,https://twitter.com/TheTOC_gr,https://www.youtube.com/user/TheTOCgr,False,False,False,True,True
https://thraki.com.gr,thraki.com.gr,1,['38db37c2fc3a48eedd2e6a475dc8167aefcef662'],['ΘΡΑΚΗ'],['newspaper'],['ΘΡΑΚΙΚΗ ΕΠΙΚΟΙΝΩΝΙΑ ΜΕΠΕ'],['Xanthi'],['mt_press'],False,https://www.facebook.com/thraki.com.gr/,https://twitter.com/thraki_com_gr,https://www.youtube.com/user/EFIMERIDATHRAKI?feature=sub_widget_1,False,False,True,False,False
https://thrakikiagora.gr,thrakikiagora.gr,1,['3af4ba4b7367890d4aeaa001711da5a9a4d54b76'],['thrakikiagora'],['website'],['ΚΩΝΣΤΑΝΤΙΝΟΣ Γ. ΜΑΥΡΟΜΑΤΗΣ'],['Rodopi'],['mt_websites'],False,https://www.facebook.com/@thrakikiagora.gr/,,https://www.youtube.com/channel/UC4XYUTLaZqFbFS_Abwpd65g,False,False,False,True,True
https://thrakinea.gr,thrakinea.gr,1,['4ef669aed95834a942ab48e3311f80cef7ba601c'],['thrakinea'],['website'],['DIGITAL PUBLIC ΜΟΝΟΠΡΟΣΩΠΗ ΙΚΕ'],['Kavala'],['mt_websites'],False,https://www.facebook.com/thrakinea.gr/,https://x.com/thrakinea?lang=en,https://www.youtube.com/user/thrakinea,False,False,False,True,True
https://thrakinet.tv,thrakinet.tv,2,"['367ff13a65746c377e53dd9f8b60f5ec584408a6', 'f2535887b2600a956d96970d1e87f102c8f3a5f3']","['thrakinet', 'ΘΡΑΚΗ ΝΕΤ']","['tv', 'website']","['ΕΛΕΥΘΕΡΗ ΡΑΔΙΟΦΩΝΙΑ ΤΗΛΕΟΡΑΣΗ ΑΛΕΞΑΝΔΡΟΥΠΟΛΗΣ Α.Ε', 'ΘΡΑΚΗΝΕΤ']",['Evros'],"['esr_tv_regional', 'mt_websites']",False,https://www.facebook.com/thrakinet/?locale=el_GR,,https://www.youtube.com/@thrakinet,True,False,False,True,False
https://thrakionline.gr,thrakionline.gr,1,['ab7f86f7fdce15a6841468de7a87106e6f04c8c0'],['ΤΑ ΝΕΑ ΤΗΣ ΘΡΑΚΗΣ'],['newspaper'],['ΤΑ ΝΕΑ ΤΗΣ ΘΡΑΚΗΣ'],['Rodopi'],['mt_press'],False,https://www.facebook.com/thrakionline.gr/,,https://www.youtube.com/channel/UCUdjqkh1zeyjiFsaX6Tfxhw,False,False,True,False,False
https://thriassio.gr,thriassio.gr,1,['f96fd22395f768a35f9b7996b8a97cdc66d4d08b'],['ΘΡΙΑΣΙΟ'],['newspaper'],['SANDBOX MEDIA & ADVERTISING'],['Attica'],['mt_press'],False,https://www.facebook.com/thriassiogr/,https://x.com/Thriassiogr,https://www.youtube.com/channel/UC4vPcyl1Qg6QVhrhxlXoaVg,False,False,True,False,False
https://tinealarissa.gr,tinealarissa.gr,1,['3a2d59dbbae9dba2f7e7a955782ecd19a0ac83ff'],['tinealarissa'],['website'],['MEDIA LEADER E.E.'],['Larissa'],['mt_websites'],False,https://www.facebook.com/tinealarissa.gr/,https://twitter.com/tinealarissa,,False,False,False,True,True
https://to10.gr,to10.gr,1,['e93aeeee8a0c62c7bd0530a43a4f015e2431a331'],['to10'],['website'],[],['Attica'],['manual_independent'],True,https://www.facebook.com/to10.gr,https://twitter.com/to10gr,,False,False,False,True,True
https://todaypress.gr,todaypress.gr,2,"['6da968fc22c1a338550b236abebf21331895b4a9', 'b9f8c71e68dcced794e82dbf7dd41622c0b119ad']","['TODAY FREE PRESS', 'todaypress']","['newspaper', 'website']",['AG MEDIA M.IKE'],['Attica'],"['mt_press', 'mt_websites']",False,https://www.facebook.com/todaypressgr/,https://x.com/TodayPressGr1,,False,False,True,True,False
https://tomanifesto.gr,tomanifesto.gr,1,['d4d2cb096442e4ca147933e71fe3edddddf94c07'],['TO MANIFESTO FRONT PAGE IKE'],['newspaper'],['TO MANIFESTO FRONT PAGE'],['Attica'],['mt_press'],False,https://www.facebook.com/tomanifesto.gr,https://x.com/tomanifesto,https://www.youtube.com/@tomanifestogr,False,False,True,False,False
https://top-nea.gr,top-nea.gr,1,['05fb8fee6753872134b1fbd5233104df9ce5e479'],['ΤΑ ΤΟΠΙΚΑ ΝΕΑ'],['newspaper'],['ΤΑ ΤΟΠΙΚΑ ΝΕΑ'],['Attica'],['mt_press'],False,https://www.facebook.com/topneagr,,,False,False,True,False,False
https://topikifoni.gr,topikifoni.gr,1,['08c1073fd83a659ff8c7aa39aa2afabc52e62de4'],['ΤΟΠΙΚΗ ΦΩΝΗ ΠΡΕΒΕΖΑΣ'],['newspaper'],['ΒΑΣΙΛΙΚΗ ΖΕΡΒΑ'],['Preveza'],['mt_press'],False,https://www.facebook.com/topikifoni,https://twitter.com/topikifoni,https://www.youtube.com/channel/UCghFBA4NSOSyebo9swV6iFA,False,False,True,False,False
https://topmelodyfm.gr,topmelodyfm.gr,1,['f1efc39a9d27166f2d19f5883fb0df2163272ee4'],"['TOP MELODY 104,9 FM']",['radio'],['ΣΤΥΛΙΑΝΟΣ ΚΑΝΑΚΑΡΗΣ'],['Cyclades'],['esr_radio'],False,https://www.facebook.com/TOPMELODY.104.9FM.RADIO/,,,False,True,False,False,False
https://topontiki.gr,topontiki.gr,1,['bd4f4fe93037a1c981a7e5cc84d7deda99deec3f'],['ΕΒΔΟΜΑΔΙΑΙΑ ΕΦΗΜΕΡΙΔΑ ΤΟ ΠΟΝΤΙΚΙ'],['newspaper'],['ΤΟ ΠΟΝΤΙΚΙ'],['Attica'],['mt_press'],False,https://www.facebook.com/topontiki,https://twitter.com/topontiki,https://www.youtube.com/user/topontiki,False,False,True,False,False
https://tovima.gr,tovima.gr,2,"['09e67a1072637652930fb459c9f8d4b4389a04d9', '26b3553b548ecd94343bb1e63fe37a5dc301ccbd']","['tovima', 'ΤΟ ΒΗΜΑ']","['newspaper', 'website']",['ALTER EGO MEDIA Α.Ε.'],['Attica'],"['mt_press', 'mt_websites']",False,https://www.facebook.com/tovimagr/,http://www.twitter.com/tovimagr/,https://www.youtube.com/@tovimagrofficial,False,False,True,True,False
https://toxotisfm.gr,toxotisfm.gr,1,['2ddc9252998b26ba877a91ab2c442e43a1fb1a32'],['ΡΑΔΙΟ ΤΟΞΟΤΗΣ'],['radio'],['Σ. ΓΑΒΡΙΗΛΙΔΗΣ - Θ. ΧΡΙΣΤΑΚΗΣ Ο.Ε.\nΑ ΓΕΜΗ 024244047000\nΝΟΜΙΜΟΣ ΕΚΠΡΟΣΩΠΟΣ: ΧΡΙΣΤΑΚΗΣ ΘΩΜΑΣ\nΝΟΜΙΜΟΣ ΕΚΠΡΟΣΩΠΟΣ: ΓΑΒΡΙΗΛΙΔΗΣ ΣΥΜΕΩΝ'],['Pella'],['esr_radio'],False,https://www.facebook.com/radiotoxotis963fm,,,False,True,False,False,False
https://toxrima.gr,toxrima.gr,1,['ec56e18b469cf51d1c395c1e0223f03949bf9d37'],['toxrima'],['website'],['MEDIA PUBLISHING G.K. I.K.E.'],['Attica'],['mt_websites'],False,https://www.facebook.com/toxrima,https://twitter.com/toxrima,,False,False,False,True,True
https://trikalaenimerosi.gr,trikalaenimerosi.gr,1,['fcd8b636b8412009d34d4b4f3a24c6cd69b110e1'],['trikalaenimerosi'],['website'],['LOCAL NEWS ΙΚΕ'],['Larissa'],['mt_websites'],False,https://www.google.com/url?sa=t&source=web&rct=j&opi=89978449&url=https://www.facebook.com/trikalaenimerosi/%3Flocale%3Del_GR&ved=2ahUKEwiF1YiJ0duRAxVAAtsEHZ6KHdoQFnoECBkQAQ&usg=AOvVaw2huaCAIjGt9hZEgJ8QC9Wc,,,False,False,False,True,True
https://trikalaerevna.gr,trikalaerevna.gr,1,['38a65ec4ef6ed2cd9f2cea7b6302ec21e32f8409'],['Η ΕΡΕΥΝΑ'],['newspaper'],['Η ΕΡΕΥΝΑ'],['Trikala'],['mt_press'],False,https://www.facebook.com/trikalaerevna/,https://twitter.com/trikalaerevna,https://www.youtube.com/channel/UCwkReOcCXAnK81VhHNWGPOQ,False,False,True,False,False
https://trikalaidees.gr,trikalaidees.gr,1,['ad1203d31786c1c4c335caabba2963e4b601e74a'],['trikalaidees'],['website'],['CRAFT'],['Trikala'],['mt_websites'],False,https://www.facebook.com/trikalaidees.gr/,,,False,False,False,True,True
https://trikalaonline.gr,trikalaonline.gr,1,['c1d5780525cf99a4fd7f20fd5aa250045608ce93'],"['εφημερίδα ""ΔΙΑΛΟΓΟΣ""']",['newspaper'],['ΨΗΦΙΔΑ ΜΟΝ. ΙΚΕ'],['Trikala'],['mt_press'],False,https://www.trikalaonline.gr/,,,False,False,True,False,False
https://trikalaopinion.gr,trikalaopinion.gr,1,['3480167889e14ac68bfe6fe98c9178ac8b2c6f24'],['trikalaopinion'],['website'],['trikalaopinion.gr'],['Trikala'],['mt_websites'],False,https://www.facebook.com/trikalaopinion,,https://www.youtube.com/channel/UCq2nC8_FVwyl35ixlUSVMoA,False,False,False,True,True
https://trikalaview.gr,trikalaview.gr,1,['f0b13ca7c720c3d83be3bda8c102fde053687293'],['trikalaview'],['website'],['trikalaview.gr'],['Trikala'],['mt_websites'],False,https://www.facebook.com/trikalaviewgr,https://twitter.com/trikalaviewgr?lang=el,,False,False,False,True,True
https://trttv.gr,trttv.gr,2,"['0a3abad82bf646ae2d6007b2560902e6cbf9c382', 'd5e4cfb46030ead14e6e40619393552666248a8e']",['TRT'],"['radio', 'tv']","['ΘΕΣΣΑΛΙΚΗ ΡΑΔΙΟΦΩΝΙΑ ΤΗΛΕΟΡΑΣΗ   Α.Ε.', 'ΘΕΣΣΑΛΙΚΗ ΡΑΔΙΟΦΩΝΙΑ ΤΗΛΕΟΡΑΣΗ Α.Ε\nΑ ΓΕΜΗ 50680144000\nΝΟΜΙΜΟΣ ΕΚΠΡΟΣΩΠΟΣ: ΣΕΒΑΣΤΙΑΝΗ ΠΑΠΑΔΟΠΟΥΛΟΥ\nΝΟΜΙΜΟΣ ΕΚΠΡΟΣΩΠΟΣ: ΣΩΤΗΡΙΟΣ ΠΟΛΥΖΟΣ']","['Larissa', 'Magnesia']","['esr_radio', 'esr_tv_regional']",False,https://www.facebook.com/TRT/,https://trttv.gr/TRTCHANNEL,https://www.youtube.com/@trtgreece,True,True,False,False,False
https://tsirigofm.gr,tsirigofm.gr,1,['5520f8a397e610e9db2cf05327abce678f0ae51b'],['ΤΣΙΡΙΓΟ FM'],['radio'],['ΠΑΝΑΓΙΩΤΗΣ ΜΠΑΧΤΗΣ'],['Laconia'],['esr_radio'],False,https://www.facebook.com/tsirigofm,https://x.com/Tsirigofm,https://www.youtube.com/@TsirigoFM,False,True,False,False,False
https://tvalfa.gr,tvalfa.gr,1,['5c959be21d9f3bebe8a1dc202be23541b04d1af7'],['ALFA'],['tv'],['ΕΠΙΧΕΙΡΗΜΑΤΙΚΟΣ ΟΡΓΑΝΙΣΜΟΣ ΔΙΕΘΝΕΙΣ ΥΠΗΡΕΣΙΕΣ Α.Ε.'],['Evros'],['esr_tv_regional'],False,https://www.facebook.com/tvalfainfo,https://x.com/ALFATV_,https://www.youtube.com/channel/UCBRwHWh6I0gEOrsFmbQh-0A,True,False,False,False,False
https://tvcreta.gr,tvcreta.gr,1,['c4f939e706add6a6d70a3e5b3e202439fd6945d5'],['TV CRETA'],['tv'],['ΠΑΓΚΡΗΤΙΑ ΡΑΔΙΟΤΗΛΕΟΡΑΣΗ ΑΝΩΝΥΜΗ ΕΤΑΙΡΕΙΑ ΤΗΛΕΟΠΤΙΚΩΝ ΚΑΙ ΡΑΔΙΟΦΩΝΙΚΩΝ ΠΡΟΓΡΑΜΜΑΤΩΝ'],['Iraklio'],['esr_tv_regional'],False,https://www.facebook.com/TVCretaOfficial/,https://twitter.com/TV_Creta,https://www.youtube.com/channel/UCBjb_pNOT0WQMh7QGHmajEA,True,False,False,False,False
https://tvkosmos.gr,tvkosmos.gr,1,['6f362dbda6f93f63a2916874f9af5c5ed4f15062'],['TV ΚΟΣΜΟΣ'],['tv'],['ΡΟΔΟΣ-ΚΟΣΜΟΣ ΑΝΩΝΥΜΗ ΤΗΛΕΟΠΤΙΚΗ ΕΤΑΙΡΕΙΑ'],['Dodecanese'],['esr_tv_regional'],False,https://www.facebook.com/LiveTvkosmos,,https://www.youtube.com/@TVKOSMOS,True,False,False,False,False
https://tvopen.gr,tvopen.gr,2,"['626498a200f45011f725c7334ba52ab89ea1a5b9', 'e084697617136ca278ada72bc0db6955d9e3b3e6']","['OPEN BEYOND', 'tvopen']","['tv', 'website']","['OPEN Beyond', 'ΡΑΔΙΟΤΗΛΕΟΠΤΙΚΗ Α.Ε.']",['Attica'],"['esr_tv_national', 'mt_websites']",False,https://www.facebook.com/opentvgr/,https://twitter.com/opentvgr,https://www.youtube.com/opentvgr,True,False,False,True,False
https://tvpatrida.gr,tvpatrida.gr,3,"['43483fed1295ba99849015f77b9ac1326a1f9357', '6d2ec086b84e7b7968bc7fb15944c46ab7cfa438', 'ebcd94033f81bb474f8323c35f979b8fe7b74627']","['tvpatrida', 'ΠΑΤΡΙΔΑ', 'ΠΑΤΡΙΔΑ TV']","['radio', 'tv', 'website']","['ΜΙΚΕΣ  ΓΙΑΝΝΑΡΑΣ', 'ΠΑΤΡΙΔΑ Α.Ε.', 'ΠΑΤΡΙΔΑ ΡΑΔΙΟΤΗΛΕΟΠΤΙΚΗ ΧΙΟΥ Α.Ε.']",['Chios'],"['esr_radio', 'esr_tv_regional', 'mt_websites']",False,https://www.facebook.com/patrida.chios/,https://twitter.com/patridachios,https://www.youtube.com/channel/UCMCew9C72UZvj_4eOWenCTQ/videos,True,True,False,True,False
https://tvstar.gr,tvstar.gr,2,"['32c9f7d7c7211120aac5d45c1c4a972c7ed8c962', 'fc377b113b6301ca30f4837e4463b37126b70bc5']","['STAR ΚΕΝΤΡΙΚΗΣ ΕΛΛΑΔΟΣ', 'tvstar']","['tv', 'website']","['STAR CHANNEL ΚΕΝΤΡΙΚΗΣ ΕΛΛΑΔΟΣ Α.Ε.', 'STAR Α.Ε. - ΡΑΔΙΟΤΗΛΕΟΠΤΙΚΟΣ ΟΡΓΑΝΙΣΜΟΣ ΚΕΝΤΡΙΚΗΣ ΕΛΛΑΔΟΣ ΑΝΩΝΥΜΟΣ ΕΤΑΙΡΕΙΑ']",['Fthiotida'],"['esr_tv_regional', 'mt_websites']",False,https://www.facebook.com/lamiastar/,,https://www.youtube.com/channel/UC5voIS-R0gVfJ4JUcV0ipEQ,True,False,False,True,False
https://tvxs.gr,tvxs.gr,1,['c94ef636b043efd8c3277bd9334705c5d9bab0d8'],['tvxs'],['website'],['1984 ΑΝΕΞΑΡΤΗΤΗ ΔΗΜΟΣΙΟΓΡΑΦΙΑ ΑΜΚΕ'],['Attica'],['mt_websites'],False,https://www.facebook.com/tvxs.gr,https://twitter.com/tvxs,https://www.youtube.com/channel/UCc7gdvAlFWnckuCLsV8ZzjQ,False,False,False,True,True
https://typos-i.gr,typos-i.gr,1,['99f578e652944413b5e57f04d6fb165045f4a83b'],['typos-i'],['website'],['ΣΧΗΜΑ ΚΟΙΝΣΕΠ'],['Ioannina'],['mt_websites'],False,https://www.facebook.com/typosioanninon,,https://www.youtube.com/channel/UCBW9-ynRYZU1TKOZsJHBkrA,False,False,False,True,True
https://typoshalkidikis.gr,typoshalkidikis.gr,2,"['04e3b91ba77d9a29a6f5114c130dc6fb3cc732c2', '84ab7de8e98df228ce3e75251a00f8486ac35435']","['typoshalkidikis', 'ΤΥΠΟΣ ΧΑΛΚΙΔΙΚΗΣ']","['newspaper', 'website']",[],['Chalkidiki'],"['mt_press', 'mt_websites']",False,,,,False,False,True,True,False
https://typosthes.gr,typosthes.gr,2,"['2d17ca66678e8d63780adb4a3a434002c8da38d5', 'c643dca34c191cae21be2f982d1f151fd88e34f2']","['typosthes', 'ΤΥΠΟΣ ΘΕΣΣΑΛΟΝΙΚΗΣ']","['newspaper', 'website']",[],['Thessaloniki'],"['mt_press', 'mt_websites']",False,https://www.facebook.com/TyposThessalonikis,https://twitter.com/typosthes,https://www.youtube.com/channel/UC2bNfD28RJ9hFxJv0oCb16g,False,False,True,True,False
https://usay.gr,usay.gr,1,['3e28e0ca4b862bee23bf03bb72be773158639e32'],['usay'],['website'],['usay'],['Attica'],['mt_websites'],False,https://www.facebook.com/usay.gr/,https://twitter.com/usay_gr,,False,False,False,True,True
https://verginanews.gr,verginanews.gr,1,['35d07d7e1eed94dcce966b24e84a84b0b375baff'],['ΒΕΡΓΙΝΑ TV'],['tv'],['ΒΕΡΓΙΝΑ ΥΒΡΙΔΙΚΗ ΤΗΛΕΟΡΑΣΗ ΤΗΛΕΟΠΤΙΚΕΣ ΥΠΗΡΕΣΙΕΣ ΑΝΩΝΥΜΗ ΕΤΑΙΡΕΙΑ'],['Thessaloniki'],['esr_tv_regional'],False,https://www.facebook.com/Verginatv,https://x.com/verginatv,https://www.youtube.com/%CE%B2%CE%B5%CF%81%CE%B3%CE%B9%CE%BD%CE%B1%CF%84%CE%B7%CE%BB%CE%B5%CE%BF%CF%81%CE%B1%CF%83%CE%B7,True,False,False,False,False
https://vimanews.gr,vimanews.gr,1,['59858fcc641c1a0b9680076644c22aff5eaca96a'],['ΒΗΜΑ TV'],['tv'],['ΠΑΝΗΠΕΙΡΩΤΙΚΗ ΤΗΛΕΟΡΑΣΗ Α.Ε.'],['Ioannina'],['esr_tv_regional'],False,https://el-gr.facebook.com/vimanews.gr,https://x.com/vimanews,https://www.youtube.com/channel/UCJXSPPKTIbOoQdGEeK0fEew,True,False,False,False,False
https://vimatisko.gr,vimatisko.gr,1,['4c834587f8df0232c01a3e385933595a56413657'],['ΤΟ ΒΗΜΑ ΤΗΣ ΚΩ'],['newspaper'],['ΤΟ ΒΗΜΑ ΤΗΣ ΚΩ'],['Dodecanese'],['mt_press'],False,https://www.facebook.com/vimatisko,https://x.com/vimatisko,https://www.youtube.com/channel/UCVYb4giPl7rDdNZtwh2tu9w,False,False,True,False,False
https://voicenews.gr,voicenews.gr,1,['74ccef14ac732869d7a354a48f49a1f6038911ef'],['voicenews'],['website'],[],['Attica'],['mt_websites'],False,https://www.facebook.com/voicenews.gr,https://x.com/apokalyptikodel,,False,False,False,True,True
https://volos986.gr,volos986.gr,1,['521d855790b7142f0a93f4ba089be45e46f8b7ee'],"['VOLOS 98,6']",['radio'],['ΡΑΔΙΟΤΗΛΕΟΠΤΙΚΗ & ΔΙΑΦΗΜΙΣΤΙΚΗ ΕΤΑΙΡΕΙΑ ΒΟΛΟΥ Α.Ε.\nΑ.ΓΕΜΗ: 050680944000 \nΝΟΜΙΜΟΣ ΕΚΠΡΟΣΩΠΟΣ: ΔΗΜΗΤΡΙΟΣ ΠΕΓΙΟΣ'],['Magnesia'],['esr_radio'],False,,,,False,True,False,False,False
https://voria.gr,voria.gr,1,['656debe811157d6a6608cfb6bf8b242a9bd1d49d'],['VORIA.GR ΕΝΗΜΕΡΩΣΗ'],['website'],['Voria.gr'],['Thessaloniki'],['mt_press'],False,https://www.facebook.com/VoriaGreece/,,https://www.youtube.com/user/voriamedia,False,False,False,True,True
https://vradini.gr,vradini.gr,1,['babf3d44fc36098d0c2491b92a36a7cdc754df12'],['vradini'],['website'],[],['Attica'],['mt_websites'],False,https://www.facebook.com/vradini.gr,https://twitter.com/VradiniGr,https://www.youtube.com/channel/UC8hnKp5j72dbiWpotwINTFg/videos,False,False,False,True,True
https://west-tv.gr,west-tv.gr,1,['11c4fc3a17a185c967d3050d3f0b2ef24bbb2f44'],['WEST CHANNEL'],['tv'],['ΗΧΟΕΙΚΟΝΑ ΤΗΛΕΟΠΤΙΚΟΣ ΔΙΑΥΛΟΣ ΚΕΝΤΡΟ ΔΥΤΙΚΗΣ ΜΑΚΕΔΟΝΙΑΣ   Α.Ε.'],['Kozani'],['esr_tv_regional'],False,,,https://www.youtube.com/@westchannel1,True,False,False,False,False
https://westatticatoday.gr,westatticatoday.gr,1,['55775acffdef9bce42809d4afc76e75310880d75'],['westatticatoday'],['website'],['ΕΝΗΜΕΡΩΣΗ ΜΕΓΑΡΩΝ ΚΑΙ ΔΥΤΙΚΗΣ ΑΤΤΙΚΗΣ'],['Attica'],['mt_websites'],False,https://www.facebook.com/westatticatoday/,,https://www.youtube.com/channel/UCBGRMCRzh6c_G1_LE5AUKuw,False,False,False,True,True
https://xanthi2.gr,xanthi2.gr,1,['1f0ac9f610edeab6f277651cad8f6df2562a20db'],['ΤΟΛΜΗ ΤΗΣ ΘΡΑΚΗΣ'],['newspaper'],['ΤΟΛΜΗ ΤΗΣ ΘΡΑΚΗΣ'],['Xanthi'],['mt_press'],False,https://www.facebook.com/xanthi2.gr/,https://twitter.com/Xanthi2gr,https://www.youtube.com/channel/UC2NZ_f4pJFR2m_rW2H_NFug,False,False,True,False,False
https://xanthidaily.gr,xanthidaily.gr,1,['674de1c168407e7ac03b0682bc2b0294b5359424'],['xanthidaily'],['website'],['xanthidaily'],['Xanthi'],['mt_websites'],False,https://www.facebook.com/xanthidaily.gr/,https://twitter.com/DailyXanthi,https://www.youtube.com/channel/UCjbwNWiR9hVIKuI_i5skpwQ,False,False,False,True,True
https://xanthinews.gr,xanthinews.gr,1,['b7e270af027ffd098deedd72cb070812ede99d07'],['xanthinews'],['website'],['XanthiNews'],['Xanthi'],['mt_websites'],False,https://www.facebook.com/xanthinews/,https://twitter.com/xanthinews,https://www.youtube.com/channel/UCirGwTQDB_NZFqcuHZ_YHUg,False,False,False,True,True
https://xanthipost.gr,xanthipost.gr,1,['f3ee828ec47d9cccfbe2711c810c0006064cf68d'],['xanthipost'],['website'],['xanthipost.gr'],['Xanthi'],['mt_websites'],False,https://www.facebook.com/xanthipost.gr/,https://twitter.com/xanthipost,https://www.youtube.com/user/kanali6,False,False,False,True,True
https://xiakoslaos.gr,xiakoslaos.gr,1,['790bd14cae956da0ddcd047e48e8d25d31dc80ba'],['ΧΙΑΚΟΣ ΛΑΟΣ'],['newspaper'],['Χιακός Λαός'],['Chios'],['mt_press'],False,https://www.facebook.com/xiakoslaos/,https://twitter.com/xiakoslaos,https://www.youtube.com/channel/UCvw3XIKyEMbfDOoaADF4v-g,False,False,True,False,False
https://xirafi.gr,xirafi.gr,1,['93d3bb3f77fa3862dfb0ae001d4151df2b3b836a'],['Ξυράφι'],['newspaper'],['ΞΥΡΑΦΙ'],['Kavala'],['mt_press'],False,,,,False,False,True,False,False
https://xronikadramas.gr,xronikadramas.gr,2,"['0056aa2d8c4e470e43ca7c8e00fcf870d19c104e', 'e9b6398a0e15579b37528e467bf1c08af787d1de']","['xronikadramas', 'ΧΡΟΝΙΚΑ ΤΗΣ ΔΡΑΜΑΣ']","['newspaper', 'website']",[],['Drama'],"['mt_press', 'mt_websites']",False,http://www.facebook.com/xronikadramas,https://twitter.com/xronikadra,https://www.youtube.com/channel/UC81KKSzkm0758HtAgD_wgNg,False,False,True,True,False
https://xronometro.com,xronometro.com,1,['1d785a8f3bad5ecd07e47dce6d58be7b46db9d24'],['ΧΡΟΝΟΜΕΤΡΟ'],['newspaper'],['ΧΡΟΝΟΜΕΤΡΟ'],['Kavala'],['mt_press'],False,https://www.facebook.com/pages/%CE%95%CF%86%CE%B7%CE%BC%CE%B5%CF%81%CE%AF%CE%B4%CE%B1-%CE%A7%CF%81%CE%BF%CE%BD%CF%8C%CE%BC%CE%B5%CF%84%CF%81%CE%BF/1424775257737153,https://twitter.com/Xronometro,,False,False,True,False,False
https://xronos-kozanis.gr,xronos-kozanis.gr,2,"['862d4ee37a90b96b176744fac0edd200f1b18d36', '88da1a91c808a89323bc91232aebd4904553a15a']","['xronos-kozanis', 'ΕΦΗΜΕΡΙΔΑ Ο ΧΡΟΝΟΣ ΚΟΖΑΝΗΣ']","['newspaper', 'website']",[],['Kozani'],"['mt_press', 'mt_websites']",False,https://www.facebook.com/xronoskozanis/,,https://www.youtube.com/channel/UCBFTbtQO5pgkhEMqTzRs38Q,False,False,True,True,False
https://xronos.gr,xronos.gr,1,['9bd11968f600fc72a40d34a7c3206ee565d139b0'],"['Εφημερίδα ""Ο ΧΡΟΝΟΣ""']",['newspaper'],['Ο ΧΡΟΝΟΣ'],['Rodopi'],['mt_press'],False,https://www.facebook.com/xronos.gr,https://twitter.com/xronosgr,https://www.youtube.com/user/xronosnews,False,False,True,False,False
https://xtypos.gr,xtypos.gr,1,['0a6a9eef195520a2d232952f85eb2df21e06b7c9'],['ΧΤΥΠΟΣ'],['newspaper'],['ΑΚ MEDIA'],['Attica'],['mt_press'],False,https://www.facebook.com/xtypos.gr/,https://x.com/xtypos,https://www.youtube.com/user/xtyposnews,False,False,True,False,False
https://youtube.com,youtube.com,1,['e840b323e4032e9dc354b281366f23c77ef5b6b5'],['epoli'],['website'],[],['Attica'],['mt_websites'],False,https://www.facebook.com/epoli.gr/,https://twitter.com/epoli_gr,,False,False,False,True,True
https://ypaithros.gr,ypaithros.gr,1,['81f9fa41241f08c601a59ba595b6f2d57955bed5'],['ΥΠΑΙΘΡΟΣ ΧΩΡΑ'],['newspaper'],['ΥΠΑΙΘΡΟΣ ΧΩΡΑ Α.Ε'],['Attica'],['mt_press'],False,https://www.facebook.com/ypaithros,https://x.com/ypaithros,https://www.youtube.com/@ypaithrosTV,False,False,True,False,False
https://zarpanews.gr,zarpanews.gr,1,['db2df0309803fb5095ea43509ecb0122fa883d5e'],['zarpanews'],['website'],['ZARPA MEDIA GROUP'],['Chania'],['mt_websites'],False,https://www.facebook.com/zarpa.gr,https://twitter.com/zarpanews,https://www.youtube.com/channel/UC1H0rJdHfj4ogoWsojyqZ-g/feed,False,False,False,True,True
https://zarparadio.gr,zarparadio.gr,1,['e1be78c44698968c1ae6d29e01127139cb5c72d7'],"['ZARPA RADIO 89,6']",['radio'],['ΡΑΔΙΟΤΗΛΕΟΡΑΣΗ ΜΟΝΟΠΡΟΣΩΠΗ Ε.Π.Ε.\nΑ ΓΕΜΗ 074513058000\nΝΟΜΙΜΟΣ ΕΚΠΡΟΣΩΠΟΣ: ΔΗΜΗΤΡΙΟΣ ΠΑΠΠΑΣ'],['Chania'],['esr_radio'],False,,,https://www.youtube.com/@zarpanews3212,False,True,False,False,False
https://zougla.gr,zougla.gr,1,['7e94a5cfb76da1bccf4f9137a19842bd5a570a3c'],['zougla'],['website'],['ZOYGLA G.R. A.E.'],['Attica'],['mt_websites'],False,https://www.facebook.com/www.zougla.gr/,https://twitter.com/zougla_online,https://www.youtube.com/user/zouglagr,False,False,False,True,True
