id,name,url,media_type,frequency,range_type,prefecture_en,content_type,status,url_status,fb,x,youtube,owner,source_name
f0f7326d7b9bb049d0b97b08d85f4417ba0ed1b2,ANTENNA TV,https://www.antenna.gr/,tv,unknown,national,Attica,news,operating,ok,https://www.facebook.com/ANT1TV/,https://twitter.com/ant1tv,https://www.youtube.com/c/ant1tv,ΑΝΤΕΝΝΑ T.V. ΜΟΝΟΠΡΟΣΩΠΗ ΑΝΩΝΥΜΟΣ ΕΤΑΙΡΕΙΑ,esr_tv_national
64fbd904b47169301c2fd75b34b0e6de206f5eba,ALPHA,https://www.alphatv.gr/,tv,unknown,national,Attica,news,operating,ok,https://www.facebook.com/alphatv,https://x.com/alphatvgreece,https://www.youtube.com/user/AlphaTVGreece,ALPHA ΔΟΡΥΦΟΡΙΚΗ ΤΗΛΕΟΡΑΣΗ Α.Ε.,esr_tv_national
741e93747e89febddd0f9dad1ef27c89937b4a16,ALTER CHANNEL,https://www.alerttv.com.gr/,tv,unknown,national,Attica,news,operating,ok,https://www.facebook.com/profile.php?id=100038170187066,https://x.com/ALERTTV3,https://www.youtube.com/channel/UCO-NNz_o4nMijZ_ysXS08gw,ΕΛΕΥΘΕΡΗ ΤΗΛΕΟΡΑΣΗ Α.Ε.,esr_tv_national
f2eccdb7d38753900f1377a26b54bb1715a1eccd,ΣΚΑΪ,https://www.skai.gr/tv/,tv,unknown,national,Attica,news,operating,ok,https://www.facebook.com/skaitv.gr,https://x.com/skaitvGR,https://www.youtube.com/user/skai/featured,ΕΙΔΗΣΕΙΣ ΝΤΟΤ ΚΟΜ ΑΝΩΝΥΜΗ ΡΑΔΙΟΤΗΛΕΟΠΤΙΚΗ & ΕΜΠΟΡΙΚΗ ΕΤΑΙΡΕΙΑ ΠΑΡΟΧΗΣ ΠΛΗΡΟΦΟΡΙΩΝ ΚΑΙ ΕΝΗΜΕΡΩΣΗΣ,esr_tv_national
14095c2388df110e38a9b336ab7522e8d69a7bc5,STAR CHANNEL,https://www.star.gr/tv,tv,unknown,national,Attica,news,operating,ok,https://www.facebook.com/StarChannelGrTV/,https://twitter.com/StarChannelGr,https://www.youtube.com/startvgr,NEA THΛΕΟΡΑΣΗ A.E.,esr_tv_national
e084697617136ca278ada72bc0db6955d9e3b3e6,OPEN BEYOND,https://www.tvopen.gr/,tv,unknown,national,Attica,news,operating,ok,https://www.facebook.com/opentvgr/,https://x.com/opentvgr,https://www.youtube.com/opentvgr,ΡΑΔΙΟΤΗΛΕΟΠΤΙΚΗ Α.Ε.,esr_tv_national
41287096af1bec5c5670f25134e1b6a5508a321c,MEGA,https://www.megatv.com/,tv,unknown,national,Attica,news,operating,ok,https://www.facebook.com/megatvcom/,https://x.com/MegaTvOfficial,https://www.youtube.com/@MegaTVClassics,ΑΛΤΕΡ EGO MEDIA A.E.,esr_tv_national
bdaf1f91913760394241b7c9b9e90d4adccf0f03,LEPANTO TV,https://lepantortv.gr/,tv,unknown,regional,Aitoloakarnania,news,operating,ok,https://m.facebook.com/lepantortvgr/?locale2=el_GR,https://mobile.twitter.com/lepantotv,https://www.youtube.com/user/lepantortv,LEPANTO  RTV ΑΝΩΝΥΜΗ ΡΑΔΙΟΤΗΛΕΟΠΤΙΚΗ ΕΤΑΙΡΕΙΑ,esr_tv_regional
b7a447976df175c6d1e89f577753661f4fbe1410,ΑΧΕΛΩΟΣ TV,https://acheloostvnews.gr/,tv,unknown,regional,Aitoloakarnania,news,operating,ok,https://www.facebook.com/axelwostv,https://x.com/Axeloos_Media,https://www.youtube.com/channel/UCa0b8xwm9QEjxKHB740FruQ,Γ. ΜΠΟΚΑΣ & ΣΙΑ ΑΝΩΝΥΜΗ ΕΤΑΙΡΕΙΑ ΡΑΔΙΟΤΗΛΕΟΠΤΙΚΕΣ ΕΠΙΧΕΙΡΗΣΕΙΣ ΔΥΤΙΚΗΣ ΕΛΛΑΔΟΣ ΑΧΕΛΩΟΣ T.V.,esr_tv_regional
f11410893b01517980e048eb3e7c362c6a8efe0a,ΑΡΚΑΔΙΚΗ,https://arkadikitv.gr/,tv,unknown,regional,Arcadia,news,operating,ok,https://www.facebook.com/Arakdiki,,https://www.youtube.com/channel/UC_uyEgAF2ofwVYXJILw2M2w,ΑΡΚΑΔΙΚΗ ΤΗΛΕΟΡΑΣΗ A.E.,esr_tv_regional
8d2142a9b783dc4d398a668abbb6250e4874afc9,ART TV,https://arttv.gr/,tv,unknown,regional,Arta,news,operating,ok,https://www.facebook.com/arttvsocial,,https://www.youtube.com/@arttvchannel9493,ART TV ΓΚΑΝΙΑΤΣΑΣ ΑΕ,esr_tv_regional
84f03498230b4213cb03c2ce45c1bbd58643a4af,ACTION 24,https://www.action24.gr/,tv,unknown,regional,Attica,news,operating,ok,https://www.facebook.com/action24tv,https://x.com/action24tv,https://www.youtube.com/@action24tv,SPORT TV - ΡΑΔΙΟΤΗΛΕΟΠΤΙΚΗ ΠΡΟΒΟΛΗ Α.Ε. (πρώην MAGIC ΠΕΙΡΑΙΑ),esr_tv_regional
eda6d49fd3f4b523aa5e8f01b46df734906ebc00,EXTRA PRO NEWS,https://www.pronews.gr/,tv,unknown,regional,Attica,news,operating,ok,https://www.facebook.com/pronews.gr/,https://x.com/pronewsgr,https://www.youtube.com/c/pronewstv,EXCOM ΚΟΜΜΙΟΥΝΙΚΕΪΣΙΟΝ ΤΕΧΝΟΛΟΤΖΙ ΑΝΩΝΥΜΗ ΕΤΑΙΡΕΙΑ ΤΗΛΕΟΡΑΣΗΣ (πρώην ΟΡΘΟΠΛΗΡΟΦΟΡΙΚΗ Α.Ε.),esr_tv_regional
39e1dbef4f8f688f10b3c48b9f63c3ccde733002,ALERT,https://www.alerttv.com.gr/,tv,unknown,regional,Attica,news,operating,ok,https://www.facebook.com/people/Alerttvcomgr/100038170187066/,https://x.com/ALERTTV3,https://www.youtube.com/@AlertTVgr,ΡΑΔΙΟΤΗΛΕΟΠΤΙΚΕΣ ΕKMΕΤΑΛΛΕΥΣΕΙΣ JERONIMO GROOVY AE,esr_tv_regional
d5d7d9aad11fe424cbe1087789255c480c1c2820,KONTRA CHANNEL,https://kontrachannel.gr/,tv,unknown,regional,Attica,news,operating,ok,https://www.facebook.com/kontrachannel/,https://twitter.com/Kontrachannel,https://www.youtube.com/user/kontrachannelhellas,"KONTRA ΥΠΗΡΕΣΙΕΣ TV MARKETING ΜΟΝΟΠΡΟΣΩΠΗ ΑΝΩΝΥΜΗ ΕΤΑΙΡΕΙΑ 

(πρώην ΒΙΟΔΙΑΣΩΣΗ ΡΑΔΙΟΤΗΛ/ΚΗ ΟΙΚΟΛΟΓΙΚΗ Α.Ε.  , πρώην ΠΑΠΑΝΙΚΟΛΑΣ ΚΩΝ/ΝΟΣ & ΣΙΑ Ε.Ε.)",esr_tv_regional
cf5383bf768965512872f28aaf7e026868d395e6,ATTICA TV,http://www.attica-tv.gr/,tv,unknown,regional,Attica,news,operating,ok,https://www.facebook.com/AtticaTVgr/,https://x.com/AtticaTV_gr,,ΔΗΜΟΤΙΚΗ ΕΠΙΧΕΙΡΗΣΗ ΤΗΛΕΟΡΑΣΗΣ  ΔΗΜΟΥ ΑΣΠΡΟΠΥΡΓΟΥ,esr_tv_regional
05404294f5bda5111b556788eb1be34eaca56407,NAFTEMPORIKI TV,https://www.naftemporiki.gr/ntv/,tv,unknown,regional,Attica,news,operating,ok,https://www.facebook.com/naftemporikigr,https://x.com/naftemporikigr,https://www.youtube.com/@naftemporikiGR,ΣΤΑΡ ΕΛΛΗΝΙΚΗ ΡΑΔΙΟΤΗΛΕΟΠΤΙΚΗ ΜΟΝΟΠΡΟΣΩΠΗ ΕΤΑΙΡΕΙΑ,esr_tv_regional
5f94bade3bba7ee258187a643e1e0ba07660342b,ΑΡΤ,https://www.arttv.info/,tv,unknown,regional,Attica,news,operating,ok,https://www.facebook.com/arttvsocial/?locale=el_GR,,https://www.youtube.com/@ART-TVCHANNEL,CITY NEWS A.E.,esr_tv_regional
8dd7093a76e6fda42abd539d451204f5e700176a,One Channel,https://onechannel.gr/?forcevidads=1,tv,unknown,regional,Attica,news,operating,ok,https://www.facebook.com/www.onetv.gr/,https://x.com/onetvgr,https://www.youtube.com/@OneTVgr,ΡΑΔΙΟΤΗΛΕΟΠΤΙΚΕΣ ΕΠΙΧ/ΣΕΙΣ CHANNEL NINE A.E. (πρώην ΡΑΔΙΟΤΗΛ/ΚΕΣ ΕΠΙΧ/ΣΕΙΣ COSMOPOLIS TVC A.E.),esr_tv_regional
5ccc1a98b1879d88ae4a0293eef07e7a7e130b59,BLUE SKY,https://blueskytv.gr/,tv,unknown,regional,Attica,news,operating,ok,https://www.facebook.com/blueskytv,https://x.com/blueskytvgr,https://www.youtube.com/blueskytv,ΓΕΝΙΚΕΣ ΡΑΔΙΟΤΗΛΕΟΠΤΙΚΕΣ ΕΠΙΧΕΙΡΗΣΕΙΣ   Α.Ε.,esr_tv_regional
5c959be21d9f3bebe8a1dc202be23541b04d1af7,ALFA,https://www.tvalfa.gr/,tv,unknown,regional,Evros,news,operating,ok,https://www.facebook.com/tvalfainfo,https://x.com/ALFATV_,https://www.youtube.com/channel/UCBRwHWh6I0gEOrsFmbQh-0A,ΕΠΙΧΕΙΡΗΜΑΤΙΚΟΣ ΟΡΓΑΝΙΣΜΟΣ ΔΙΕΘΝΕΙΣ ΥΠΗΡΕΣΙΕΣ Α.Ε.,esr_tv_regional
5df9ee9737287d6d621741bea4290d11aa6239a7,STAR ΒΟΡΕΙΟΥ ΕΛΛΑΔΟΣ,https://www.startvfm.gr/,tv,unknown,regional,Drama,news,operating,ok,https://www.facebook.com/p/STAR-%CE%92%CE%BF%CF%81%CE%B5%CE%AF%CE%BF%CF%85-%CE%95%CE%BB%CE%BB%CE%AC%CE%B4%CE%BF%CF%82-100063815432884/?locale=el_GR,,https://www.youtube.com/@startvfmdramas,ΤΗΛΕΟΡΑΣΗ ΔΡΑΜΑΣ Α.Ε,esr_tv_regional
5d4854fa3da2ee6722054a6e350dbc0b3979ee23,KOS TV,https://www.kostv.gr/,tv,unknown,regional,Dodecanese,news,operating,ok,https://www.facebook.com/kostvgr,,https://www.youtube.com/@kostv_,ΔΗΡΑΣ ΚΩ (ΔΗΜΟΤΙΚΟΣ ΡΑΔΙΟΤΗΛΕΟΠΤΙΚΟΣ ΣΤΑΘΜΟΣ ΚΩ),esr_tv_regional
03f610ed414c63d8fe54b10acf1e95f0b239e92b,IRIDA TV,https://www.iridatv.gr/,tv,unknown,regional,Dodecanese,news,operating,ok,https://www.facebook.com/iridatv/?fref=ts,https://x.com/iridatv,https://www.youtube.com/@iridatvrodos,ΡΑΔΙΟΤΗΛΕΟΠΤΙΚΕΣ ΤΟΥΡΙΣΤΙΚΕΣ ΕΠΙΧΕΙΡΗΣΕΙΣ  ΙΡΙΔΑ  Α.Ε.,esr_tv_regional
6f362dbda6f93f63a2916874f9af5c5ed4f15062,TV ΚΟΣΜΟΣ,https://www.tvkosmos.gr/,tv,unknown,regional,Dodecanese,news,operating,ok,https://www.facebook.com/LiveTvkosmos,,https://www.youtube.com/@TVKOSMOS,ΡΟΔΟΣ-ΚΟΣΜΟΣ ΑΝΩΝΥΜΗ ΤΗΛΕΟΠΤΙΚΗ ΕΤΑΙΡΕΙΑ,esr_tv_regional
6b2a11f0d8b631c0ed3e159816d6f6d094230fc4,TV ΑΙΓΑΙΟ ΚΑΛΥΜΝΟΣ,https://www.aigaiotv.gr/,tv,unknown,regional,Dodecanese,news,operating,ok,http://www.facebook.com/aigaiotv,http://twitter.com/#!/aigaio_tv,https://www.youtube.com/@aigaiotv1,ΡΑΔΙΟΤΗΛΕΟΠΤΙΚΗ ΚΑΛΥΜΝΟΥ  Α.Ε.,esr_tv_regional
367ff13a65746c377e53dd9f8b60f5ec584408a6,ΘΡΑΚΗ ΝΕΤ,https://www.thrakinet.tv/,tv,unknown,regional,Evros,news,operating,ok,https://www.facebook.com/thrakinet/?locale=el_GR,,https://www.youtube.com/@thrakinet,ΕΛΕΥΘΕΡΗ ΡΑΔΙΟΦΩΝΙΑ ΤΗΛΕΟΡΑΣΗ ΑΛΕΞΑΝΔΡΟΥΠΟΛΗΣ Α.Ε,esr_tv_regional
7ba81dba8b188729268a789274396591ef108571,ΟΡΕΣΤΙΑΔΑ TV,https://orestiada.gr/deite-live-stream-sto-youtube/,tv,unknown,regional,Evros,news,operating,ok,https://www.facebook.com/Orestiadatv/?locale=el_GR,,https://www.youtube.com/channel/UCHno8DNfeTsWRhMDa6C9isg,"ΔΗΜΟΤΙΚΗ ΕΠΙΧΕΙΡΗΣΗ ΕΠΙΚΟΙΝΩΝΙΑΣ 
& ΠΛΗΡΟΦΟΡΗΣΗΣ ΟΡΕΣΤΙΑΔΑΣ",esr_tv_regional
857f1656f5676307b0a76842d203897966dc8816,ΟΡΤ TV,https://ort.gr/fm/,tv,unknown,regional,Ilia,news,operating,ok,https://www.facebook.com/OrtFm923?ref=hl,https://twitter.com/patrisnewscom,https://www.youtube.com/user/orttvgr,ΟΛΥΜΠΙΑΚΗ ΡΑΔΙΟΦΩΝΙΑ ΤΗΛΕΟΡΑΣΗ   Α.Ε.,esr_tv_regional
391ed047aba5e3fffb4ca67efd11fd0f522bafc9,ΚΡΗΤΗ TV,https://www.cretetv.gr/,tv,unknown,regional,Iraklio,news,operating,ok,https://www.facebook.com/KPHTHTV/?locale=el_GR,,https://www.youtube.com/@kriti_tv,ΙΚΑΡΟΣ ΡΑΔΙΟΤΗΛΕΟΠΤΙΚΕΣ ΕΠΙΧΕΙΡΗΣΕΙΣ  ΑΕ.,esr_tv_regional
c4f939e706add6a6d70a3e5b3e202439fd6945d5,TV CRETA,https://tvcreta.gr/,tv,unknown,regional,Iraklio,news,operating,ok,https://www.facebook.com/TVCretaOfficial/,https://twitter.com/TV_Creta,https://www.youtube.com/channel/UCBjb_pNOT0WQMh7QGHmajEA,ΠΑΓΚΡΗΤΙΑ ΡΑΔΙΟΤΗΛΕΟΡΑΣΗ ΑΝΩΝΥΜΗ ΕΤΑΙΡΕΙΑ ΤΗΛΕΟΠΤΙΚΩΝ ΚΑΙ ΡΑΔΙΟΦΩΝΙΚΩΝ ΠΡΟΓΡΑΜΜΑΤΩΝ,esr_tv_regional
abbf9e8925869114474f793455f88f4d99110029,DION TV,https://diontv.gr/,tv,unknown,regional,Thessaloniki,news,operating,ok,https://www.facebook.com/DIONMAKEDONIA/,https://x.com/DionTvKMak,https://www.youtube.com/@diontileorash,ΠΟΝΤΟΣ ΤΗΛΕΟΡΑΣΗ Α.Ε.,esr_tv_regional
35d07d7e1eed94dcce966b24e84a84b0b375baff,ΒΕΡΓΙΝΑ TV,https://www.verginanews.gr/,tv,unknown,regional,Thessaloniki,news,operating,ok,https://www.facebook.com/Verginatv,https://x.com/verginatv,https://www.youtube.com/%CE%B2%CE%B5%CF%81%CE%B3%CE%B9%CE%BD%CE%B1%CF%84%CE%B7%CE%BB%CE%B5%CE%BF%CF%81%CE%B1%CF%83%CE%B7,ΒΕΡΓΙΝΑ ΥΒΡΙΔΙΚΗ ΤΗΛΕΟΡΑΣΗ ΤΗΛΕΟΠΤΙΚΕΣ ΥΠΗΡΕΣΙΕΣ ΑΝΩΝΥΜΗ ΕΤΑΙΡΕΙΑ,esr_tv_regional
8bf52fadd0e38e047617ce6b93f6c1565ede0da5,ITV,https://ioanninatv.gr/,tv,unknown,regional,Ioannina,news,operating,ok,https://www.facebook.com/ioanninatv/,,https://www.youtube.com/channel/UC2IL98A393OvLdxKa4qjIKg,ΙΩΑΝΝΙΝΑ ΤV A.E.,esr_tv_regional
59858fcc641c1a0b9680076644c22aff5eaca96a,ΒΗΜΑ TV,https://www.vimanews.gr/,tv,unknown,regional,Ioannina,news,operating,ok,https://el-gr.facebook.com/vimanews.gr,https://x.com/vimanews,https://www.youtube.com/channel/UCJXSPPKTIbOoQdGEeK0fEew,ΠΑΝΗΠΕΙΡΩΤΙΚΗ ΤΗΛΕΟΡΑΣΗ Α.Ε.,esr_tv_regional
b53d9ac6cb176b5ac6647fc3e6651f7842c5f9a1,ΗΠΕΙΡΟΣ TV 1,https://www.epirustv1.eu/,tv,unknown,regional,Ioannina,news,operating,ok,https://www.facebook.com/epirustv1/,https://x.com/epirustv1,https://www.youtube.com/@epirustv1,ΡΑΔΙΟΤΗΛΕΟΠΤΙΚΕΣ ΕΠΙΧΕΙΡΗΣΕΙΣ ΗΠΕΙΡΟΣ Α.Ε.,esr_tv_regional
c1983b10ca510e05b2a41af753abe3dc0862b84e,CENTER TV,https://centertv.gr/,tv,unknown,regional,Kavala,news,operating,ok,https://www.facebook.com/centertv,,https://www.youtube.com/@centerwebtv,ΤΗΛΕΟΡΑΣΗ ΜΑΚΕΔΟΝΙΑΣ ΘΡΑΚΗΣ Α.Ε.,esr_tv_regional
167508e7fa0a84dd62ed620a5a31a74751a6a18f,ENA CHANNEL,https://enachannel.gr/,tv,unknown,regional,Kavala,news,operating,ok,https://www.facebook.com/enachannel.gr/,,https://www.youtube.com/channel/UC_E3ROtebnZXH708dOeBgDQ,ΡΑΔΙΟΤΗΛΕΟΠΤΙΚΗ ΚΑΒΑΛΑΣ Α.Ε.,esr_tv_regional
738fffb58785e6e98daeb57dba7277b6aa41d349,ΘΕΣΣΑΛΙΑ TV,https://www.thessaliatv.gr/,tv,unknown,regional,Karditsa,news,operating,ok,https://www.facebook.com/thessaliatv.gr,https://x.com/thessaliatv,https://www.youtube.com/c/thessaliatv1,ΘΕΣΣΑΛΙΑ TV  ΑΝΩΝΥΜΗ ΕΤΑΙΡΙΑ,esr_tv_regional
b8dbf5ff194f80a94810d02115fddae6d90fb1fb,ΔΙΚΤΥΟ 1,https://www.diktyo1.com/,tv,unknown,regional,Kastoria,news,operating,ok,,,https://www.youtube.com/@diktyo1,ΑΚΡΙΤΕΣ ΑΝΩΝΥΜΗ ΤΗΛΕΟΠΤΙΚΗ ΕΤΑΙΡΕΙΑ,esr_tv_regional
d7dc13ac6e74960e31686bc6262bffe4bbafc7f7,CORFU CHANNEL,https://corfuchannel.com/,tv,unknown,regional,Corfu,news,operating,ok,https://www.facebook.com/corfuchannel/?ref=page_internal,,https://www.youtube.com/@corfuchanneltileorasi,ΤΗΛΕΟΠΤΙΚΕΣ ΕΚΔΟΤΙΚΕΣ  ΕΜΠΟΡΙΚΕΣ ΕΠΙΧΕΙΡΗΣΕΙΣ ΚΕΡΚΥΡΑΣ Α.Ε.,esr_tv_regional
1c6072259d96a5f95a0eef367607737ee282acfc,START TV,https://www.startmediacorfu.gr/,tv,unknown,regional,Corfu,news,operating,ok,,,https://www.youtube.com/@starttvkerkyrachannel9298,"START TV ΤΗΛΕΟΠΤΙΚΕΣ ΚΑΙ ΕΚΔ. ΕΠΙΧ. Α.Ε. 
(πρώην ΤΗΛΕΚΕΡΚΥΡΑ ΤΗΛ/ΚΕΣ ΚΑΙ ΕΚ. ΕΠΙΧ. ΑΕ)",esr_tv_regional
9dd4fbece9a1ea439a9f3ef73fbc99909f680fb5,EURO CHANNEL,https://www.eurotv.gr/,tv,unknown,regional,Kilkis,news,operating,ok,,,https://www.youtube.com/@EUROTHLEORASH,ΡΑΔΙΟΤΗΛΕΟΠΤΙΚΗ ΚΙΛΚΙΣ Α.Ε.,esr_tv_regional
11c4fc3a17a185c967d3050d3f0b2ef24bbb2f44,WEST CHANNEL,https://west-tv.gr/,tv,unknown,regional,Kozani,news,operating,ok,,,https://www.youtube.com/@westchannel1,ΗΧΟΕΙΚΟΝΑ ΤΗΛΕΟΠΤΙΚΟΣ ΔΙΑΥΛΟΣ ΚΕΝΤΡΟ ΔΥΤΙΚΗΣ ΜΑΚΕΔΟΝΙΑΣ   Α.Ε.,esr_tv_regional
5117baa8db612ddac8e81d4b6e42da239c5f1c2f,FLASH TV,https://flash-tv.gr/,tv,unknown,regional,Kozani,news,operating,ok,https://www.facebook.com/FlashTVWM/,https://x.com/FlashTV_GR,https://www.youtube.com/user/flashkozanitv,ΙΔΙΩΤΙΚΗ ΤΗΛΕΟΡΑΣΗ ΒΟΡΕΙΟΔΥΤΙΚΗΣ ΕΛΛΑΔΑΣ  ΜΟΝΟΠΡΟΣΩΠΗ Α.Ε.,esr_tv_regional
7410c43af446abf1acd4375d64fe74cb83e9afd9,ΗΛΕΚΤΡΑ TV,https://www.hlektra.gr/,tv,unknown,regional,Corinthia,news,operating,ok,https://www.facebook.com/p/%CE%97%CE%BB%CE%AD%CE%BA%CF%84%CF%81%CE%B1-%CE%A1%CE%B1%CE%B4%CE%B9%CE%BF%CF%84%CE%B7%CE%BB%CE%B5%CE%BF%CF%80%CF%84%CE%B9%CE%BA%CF%8C%CF%82-%CE%A3%CF%84%CE%B1%CE%B8%CE%BC%CF%8C%CF%82-100063542305429/,,https://www.youtube.com/@%CE%97%CE%9B%CE%95%CE%9A%CE%A4%CE%A1%CE%91%CE%A1%CE%91%CE%94%CE%99%CE%9F%CE%A4%CE%97%CE%9B%CE%95%CE%9F%CE%A0%CE%A4%CE%99%CE%9A%CE%9F%CE%A3%CE%A3%CE%A4%CE%91%CE%98%CE%9C%CE%9F%CE%A3,ΑΝΩΝΥΜΗ ΕΤΑΙΡΕΙΑ ΤΗΛΕΟΠΤΙΚΟΥ ΚΑΙ ΡΑΔΙΟΦΩΝΙΚΟΥ ΣΤΑΘΜΟΥ    ΠΕΛΟΠΑΣ Μ.Α.Ε.,esr_tv_regional
d32b8daeed3fdc880fafd9eef2d5eca67a03bcec,TELEΚΡΗΤΗ,https://telekriti.com/,tv,unknown,regional,Lasithi,news,operating,ok,https://www.facebook.com/telekritinew/?locale=el_GR,,https://www.youtube.com/@TeleKriti,ΡΑΔΙΟΤΗΛΕΟΠΤΙΚΕΣ ΕΠΙΧΕΙΡΗΣΕΙΣ ΕΡΜΗΣ Α.Ε.,esr_tv_regional
e0443e95a673019d97838c25bb98fdbe77d81c35,AEOLOS TV,https://aeolos.tv/,tv,unknown,regional,Lesvos,news,operating,ok,https://www.facebook.com/aeolostv,,https://www.youtube.com/channel/UCw8dJC17kgJyMQnstAzkvrw,ΡΑΔΙΟΤΗΛΕΟΠΤΙΚΕΣ ΕΠΙΧΕΙΡΗΣΕΙΣ ΜΥΤΙΛΗΝΗΣ Α.Ε.,esr_tv_regional
c7d25bc3cca120f9f8a6d68d4996f1221887c787,ASTRA TV,https://www.astratv.gr/,tv,unknown,regional,Magnesia,news,operating,ok,https://www.facebook.com/astratelevision,https://x.com/ASTRATV1,https://www.youtube.com/@astratvgreece7700,ΡΑΔΙΟΤΗΛΕΟΠΤΙΚΕΣ ΕΠΙΧΕΙΡΗΣΕΙΣ  ΑSTRA A.E.,esr_tv_regional
d5e4cfb46030ead14e6e40619393552666248a8e,TRT,https://trttv.gr/,tv,unknown,regional,Magnesia,news,operating,ok,https://www.facebook.com/TRT/,,https://www.youtube.com/@trtgreece,ΘΕΣΣΑΛΙΚΗ ΡΑΔΙΟΦΩΝΙΑ ΤΗΛΕΟΡΑΣΗ   Α.Ε.,esr_tv_regional
6c8ecac34c6853562b5e3ef9df4fc0fce78118d2,BEST TV,https://best-tv.gr/,tv,unknown,regional,Messinia,news,operating,ok,https://www.facebook.com/bestkalamata/,https://x.com/BestTvKalamata,https://www.youtube.com/user/besttvkalamata,ΜΕΣΣΗΝΙΑΚΗ ΡΑΔΙΟΦΩΝΙΑ ΤΗΛΕΟΡΑΣΗ Α.Ε.,esr_tv_regional
22d01a486519b177ede5cf4158695de8eb430267,ΜΕΣΟΓΕΙΟΣ TV,https://www.mesogeiostv.gr/,tv,unknown,regional,Messinia,news,operating,ok,https://www.facebook.com/mesogeiostv/,https://x.com/MesogeiosTv,https://www.youtube.com/@MESOGEIOSTV-kx2dj,ΜΕΣΟΓΕΙΟΣ ΡΑΔΙΟΤΗΛΕΟΠΤΙΚΟΣ ΣΤΑΘΜΟΣ ΑΝΩΝΥΜΗ ΕΤΑΙΡΕΙΑ,esr_tv_regional
308f26fb13f5c8b0b451d84923151482f7dc77bd,IONIAN TV,https://ioniantv.gr/location/achaia/,tv,unknown,regional,Achaia,news,operating,ok,https://www.facebook.com/IonianTv,https://twitter.com/IonianChannel,https://www.youtube.com/channel/UCGM649s8wdiDruTJDgeOMCQ,ΙΟΝΙΑΝ ΡΑΔΙΟΤΗΛΕΟΠΤΙΚΕΣ ΕΠΙΧΕΙΡΗΣΕΙΣ Α.Ε.                                             (πρώην ΕΛΕΥΘΕΡΗ ΡΑΔΙΟΤΗΛΕΟΡΑΣΗ ΖΑΚΥΝΘΟΥ Α.Ε.),esr_tv_regional
fb20805870c6437715f8d4d489c74fe544e23057,ΔΕΛΤΑ TV,https://deltatv.gr/,tv,unknown,regional,Evros,news,operating,ok,,,https://www.youtube.com/@deltatvthrakis,ΔΕΛΤΑ ΤΗΛΕΟΡΑΣΗ Α.Ε,esr_tv_regional
b3acac96aa464faab67e1190bbfa2c9e03cf8a88,ΣΑ.Τ (Σαμιακή Τηλεόραση),https://samiaki.tv/,tv,unknown,regional,Samos,news,operating,ok,https://www.facebook.com/samiakitv/,https://x.com/samiakitv,https://www.youtube.com/channel/UCMBrM6pNqVyZ4ZOQ5H2Zllw,ΣΑΜΙΑΚΗ ΤΗΛΕΟΡΑΣΗ Α.Ε.,esr_tv_regional
a212773aa9d3654bf514b662b01cc2c26ca6c523,ΕΠΙΛΟΓΕΣ,https://epiloges.tv/,tv,unknown,regional,Serres,news,operating,ok,https://www.facebook.com/tileepiloges,,https://www.youtube.com/channel/UCJmgSX50r0Q0kFXFcKHp4Kg/videos,ΟΠΤΙΚΟΑΚΟΥΣΤΙΚΕΣ ΕΠΙΧΕΙΡΗΣΕΙΣ ΜΑΚΕΔΟΝΙΑ ΕΛΛΑΣ Α.Ε.,esr_tv_regional
7c5aaaf467a4cdf7364d8430d66501d71e8cd8b4,ΔΙΚΤΥΟ ΣΕΡΡΕΣ ΝΕ.Σ.Τ. - ΑΛΦΑ TV,https://diktyotv.gr/,tv,unknown,regional,Serres,news,operating,ok,https://www.facebook.com/diktyotv,https://x.com/Diktyotvgr,https://www.youtube.com/@diktyotv2614/videos,ΣΕΡΡΑΪΚΑ ΜΑΖΙΚΑ ΜΕΣΑ ΕΝΗΜΕΡΩΣΗΣ ΕΠΙΚΟΙΝΩΝΙΑΣ ΠΟΛΙΤΙΣΜΟΥ Α.Ε.,esr_tv_regional
db57623ce5f7489f4522908d9b9f5882cb5f916b,FORMedia TV,https://www.formedia.gr/,tv,unknown,regional,Trikala,news,operating,ok,https://www.facebook.com/4medianews/,https://x.com/formedianews,https://www.youtube.com/channel/UC4ADGM9UUwFI6-rR1Gsp_cA/videos,ΡΑΔΙΟΤΗΛΕΟΠΤΙΚΕΣ ΕΠΙΧΕΙΡΗΣΕΙΣ ΤΡΙΚΑΛΩΝ ΜΟΝΟΠΡΟΣΩΠΗ Α.Ε.,esr_tv_regional
17d1c9dc78a3e648e61b60deec5c122180d4ad85,ENA TV,https://enatv.gr/,tv,unknown,regional,Fthiotida,news,operating,ok,,,https://www.youtube.com/channel/UCmi_wJgwV8hn9SYOgxkcSnA/videos,ΡΑΔΙΟΤΗΛΕΟΠΤΙΚΕΣ ΕΠΙΧΕΙΡΗΣΕΙΣ ΣΤΕΡΕΑΣ ΕΛΛΑΔΟΣ ΕΝΑ ΑΕ,esr_tv_regional
fc377b113b6301ca30f4837e4463b37126b70bc5,STAR ΚΕΝΤΡΙΚΗΣ ΕΛΛΑΔΟΣ,https://tvstar.gr/,tv,unknown,regional,Fthiotida,news,operating,ok,https://www.facebook.com/lamiastar/,,https://www.youtube.com/channel/UC5voIS-R0gVfJ4JUcV0ipEQ,STAR Α.Ε. - ΡΑΔΙΟΤΗΛΕΟΠΤΙΚΟΣ ΟΡΓΑΝΙΣΜΟΣ ΚΕΝΤΡΙΚΗΣ ΕΛΛΑΔΟΣ ΑΝΩΝΥΜΟΣ ΕΤΑΙΡΕΙΑ,esr_tv_regional
4ecd24c6dd317eb7b285645daa88f6e6cc5cd561,ΝΕΑ ΤΗΛΕΟΡΑΣΗ ΚΡΗΤΗΣ,https://www.neatv.gr/,tv,unknown,regional,Chania,news,operating,ok,https://www.facebook.com/neatv.gr,https://x.com/neatv_gr,https://www.youtube.com/@neatv84,ΤΗΛΕΟΠΤΙΚΗ ΡΕΘΥΜΝΟΥ Α.Ε.,esr_tv_regional
43483fed1295ba99849015f77b9ac1326a1f9357,ΠΑΤΡΙΔΑ TV,https://tvpatrida.gr/,tv,unknown,regional,Chios,news,operating,ok,https://www.facebook.com/patrida.chios/,https://twitter.com/patridachios,https://www.youtube.com/channel/UCMCew9C72UZvj_4eOWenCTQ/videos,ΠΑΤΡΙΔΑ ΡΑΔΙΟΤΗΛΕΟΠΤΙΚΗ ΧΙΟΥ Α.Ε.,esr_tv_regional
4a9e8ce77917f44741b842a3c73d60aa345cbe0d,ΑΛΗΘΕΙΑ TV,https://www.alithia.gr/tv/,tv,unknown,regional,Chios,news,operating,ok,https://www.facebook.com/AlithiaMedia,https://x.com/alithiachios,https://www.youtube.com/channel/UCHblWnb-6Rt904hFql5cM5Q,ΤΗΛΕΟΠΤΙΚΕΣ ΕΠΙΧΕΙΡΗΣΕΙΣ ΑΛΗΘΕΙΑ Α.Ε.,esr_tv_regional
2fbae396b51b52558821f3c067f1aaea53e3feac,"ANTENNA STAR 105,8 FM",https://antenna-star.gr/,radio,unknown,regional,Aitoloakarnania,news,operating,ok,https://www.facebook.com/AntennaStarRadioFM103.5/,,https://www.youtube.com/@antennastar1035,"FIRST CHOICE PROMOTION AGENCY ΜΟΝΟΠΡΟΣΩΠΗ ΙΚΕ
Α ΓΕΜΗ 159750601000
ΝΟΜΙΜΟΣ ΕΚΠΡΟΣΩΠΟΣ: ΜΑΡΙΑ ΜΠΑΣΔΕΚΗ
ΓΙΑ ΚΑΘΑΡΟΓΡΑΦΗ (ΕΣΡ 87/2025)",esr_radio
a929d9c39ae91496b80a5b6ce68e503498b93e6a,ΑΧΕΛΩΟΣ FM,https://www.acheloostv.gr/news/webradio/,radio,unknown,regional,Aitoloakarnania,news,operating,ok,,https://x.com/Axeloos_Media,,"Γ. ΜΠΟΚΑΣ ΚΑΙ ΣΙΑ Α.Ε.
Α ΓΕΜΗ 027340512000
ΝΟΜΙΜΟΣ ΕΚΠΡΟΣΩΠΟΣ: ΚΩΝ/ΝΟΣ ΜΠΟΚΑΣ
ΝΟΜΙΜΟΣ ΕΚΠΡΟΣΩΠΟΣ: ΠΑΝΑΓΙΩΤΑ ΜΠΟΚΑ",esr_radio
5de46b121224ee4e0fa0892f8ba753e8eca809d9,"ΔΥΤΙΚΑ FM 88,1",https://dytikafm.gr/,radio,unknown,regional,Aitoloakarnania,news,operating,ok,,,,"ΣΥΝΕΙΔΗΣΗ ΑΝΩΝΥΜΟΣ ΕΤΑΙΡΕΙΑ
Α ΓΕΜΗ 028396612000
ΝΟΜΙΜΟΣ ΕΚΠΡΟΣΩΠΟΣ: ΚΩΝΣΤΑΝΤΙΝΑ ΣΑΜΑΡΑ",esr_radio
4b0a5413587999a77f65ac0f8aea2ccc9a1d52b6,ΡΑΔΙΟ ENERGY,https://energy942.gr/,radio,unknown,regional,Aitoloakarnania,news,operating,ok,https://www.facebook.com/energy942,https://x.com/Energy942,https://www.youtube.com/channel/UCKcPkiSMArb6_MjCWlvt4qg,ΑΘΑΝΑΣΙΟΣ ΜΠΟΥΣΔΟΥΝΗΣ,esr_radio
cb108c5bbad51670445122e9c79e0746eebe00a9,"ΣΚΑΪ ΑΡΓΟΛΙΔΑΣ 102,3",https://skycomnet.gr/public/argolida,radio,unknown,regional,Argolida,news,operating,ok,,,,ΦΙΛΙΠΠΟΣ ΚΑΛΑΜΑΤΙΑΝΟΣ,esr_radio
f8824639ecb5c58b5cc9533c9c5979291dad5100,ΑΡΚΑΔΙΚΗ ΡΑΔΙΟΦΩΝΙΑ,https://arkadikitv.gr/,radio,unknown,regional,Arcadia,news,operating,ok,https://www.facebook.com/Arakdiki,,https://www.youtube.com/channel/UC_uyEgAF2ofwVYXJILw2M2w,"ΑΡΚΑΔΙΚΗ ΤΗΛΕΟΡΑΣΗ ΑΝΩΝΥΜΟΣ ΕΤΑΙΡΕΙΑ
Α ΓΕΜΗ 029116214000
ΝΟΜΙΜΟΣ ΕΚΠΡΟΣΩΠΟΣ: ΓΕΩΡΓΙΟΣ ΠΑΠΑΗΛΙΟΥ
ΝΟΜΙΜΟΣ ΕΚΠΡΟΣΩΠΟΣ: ΣΠΥΡΙΔΟΥΛΑ ΜΑΤΣΟΥΚΑ",esr_radio
20a750c80ff40e8466842582deef40901e88ad92,"ARCADIA 93,8 FM",https://www.arcadia938.gr/,radio,unknown,regional,Arcadia,news,operating,ok,https://www.facebook.com/arcadia938/?locale=el_GR,https://x.com/RadioArcadia938,https://www.youtube.com/@arcadia938,"ΠΕΛΟΠΟΝΝΗΣΟΣ MEDIA ΟΕ
Α ΓΕΜΗ 029284914000
ΝΟΜΙΜΟΣ ΕΚΠΡΟΣΩΠΟΣ: ΓΑΡΥΦΑΛΙΑ ΜΠΑΚΟΠΟΥΛΟΥ",esr_radio
56ef282b342aabe680014e75aa0f539694cacd8a,ΜΕΓΑΛΟΠΟΛΗ FM,https://megalopoli-fm.gr/,radio,unknown,regional,Arcadia,news,operating,ok,,,megalopoli-fm,ΔΗΜΟΣΘΕΝΗΣ ΠΑΠΠΑΣ,esr_radio
fd5d9345e3d37d68ac8c9ee7f7e59e0d4689c9ca,ΔΗΜΟΤΙΚΗ ΡΑΔΙΟΦΩΝΙΑ ΤΡΙΠΟΛΗΣ,https://www.drt915.gr/,radio,unknown,regional,Arcadia,news,operating,ok,https://www.facebook.com/drt915/?locale=el_GR,https://x.com/drt915,https://www.youtube.com/@drt915news/videos,"ΔΗΜΟΤΙΚΗ ΕΠΙΧΕΙΡΗΣΗ ΠΛΗΡΟΦΟΡΗΣΗΣ ΚΑΙ ΕΠΙΚΟΙΝΩΝΙΑΣ ΔΗΜΟΥ ΤΡΙΠΟΛΗΣ
(Δ.Ε.Π.Ε ΔΗΜΟΥ ΤΡΙΠΟΛΗΣ)
ΝΟΜΙΜΟΣ ΕΚΠΡΟΣΩΠΟΣ: ΓΕΩΡΓΙΟΣ ΣΠΗΛΙΟΠΟΥΛΟΣ",esr_radio
feb0f016c85040035bc8ecf73a77f87b87a75e8a,ORANGE RADIO,https://www.orangenews.gr/radio,radio,unknown,regional,Arta,news,operating,ok,https://www.facebook.com/orangeradio96/,https://x.com/intent/follow?original_referer=https://www.orangenews.gr&screen_name=orangenewsgr&region=follow_link&tw_p=followbutton&variant=2.0,https://www.youtube.com/@OrangenewsGr/,ΔΗΜΗΤΡΙΟΣ ΚΑΤΣΑΝΤΟΥΛΑΣ,esr_radio
afd77da20b24796190c4c1baedf895ee0df6c955,"ΑΜΒΡΑΚΙΑ FM 91,9",https://919.gr/,radio,unknown,regional,Arta,news,operating,ok,https://www.facebook.com/919.gr/,,,"ΑΡΤΑΙΩΝ ΔΗΜΟΤΙΚΗ ΑΝΩΝΥΜΗ ΕΤΑΙΡΙΑ Ο.Τ.Α. (Α.Δ.Α.Ε. Ο.Τ.Α.)
Α ΓΕΜΗ 017440115000
ΝΟΜΙΜΟΣ ΕΚΠΡΟΣΩΠΟΣ: ΝΙΚΟΛΑΟΣ ΚΕΦΗΣ",esr_radio
f5cf04af3301343114e353c55f1bfd33f1a91556,"ΠΑΡΑΠΟΛΙΤΙΚΑ 90,1 FM",https://www.parapolitikaradio.gr/,radio,unknown,regional,Attica,news,operating,ok,https://www.facebook.com/pages/%CE%A0%CE%B1%CF%81%CE%B1%CF%80%CE%BF%CE%BB%CE%B9%CF%84%CE%B9%CE%BA%CE%AC-901/566473140135111,https://twitter.com/parapolitika901/,,"ΠΑΡΑ ΕΝΑ ΕΚΔΟΣΕΙΣ-ΥΠΗΡΕΣΙΕΣ ΔΙΑΔΙΚΤΥΟΥ ΕΤΑΙΡΕΊΑ ΠΕΡΙΟΡΙΣΜΕΝΗΣ ΕΥΘΥΝΗΣ
Α ΓΕΜΗ 008496501000
ΝΟΜΙΜΟΣ ΕΚΠΡΟΣΩΠΟΣ: ΙΩΑΝΝΗΣ ΚΟΥΡΤΑΚΗΣ",esr_radio
6ff88bd94eb3c2e93e7accf1e2d30d286b383cf0,ΡΑΔΙΟ ΕΠΙΚΟΙΝΩΝΙΑ 9.41,https://94fm.gr/,radio,unknown,regional,Attica,news,operating,ok,https://www.facebook.com/epikoinwnia94fm/?locale=el_GR,,https://www.youtube.com/channel/UC8NmJF7ka6kAgGclW0xj6Tg,"ΔΗΜΟΤ.ΕΠΙΧΕΙΡ. ΡΑΔ/ΦΩΝΙΑΣ ΔΗΜΟΥ ΗΡΑΚΛΕΙΟΥ ΑΤΤΙΚΗΣ
ΝΟΜΙΜΟΣ ΕΚΠΡΟΣΩΠΟΣ: ΔΗΜΗΤΡΗΣ ΤΑΒΟΥΛΑΡΗΣ",esr_radio
ce9cf644860eed0a9cec9cbcab0113bdeadcd0f5,"ΑΘΗΝΑ 9,84 FM STEREO",https://athina984.gr/,radio,unknown,regional,Attica,news,operating,ok,https://www.facebook.com/athina9.84fm/?locale=el_GR,https://x.com/984athina?lang=el,https://www.youtube.com/athina984fm,"ΔΗΜΟΣ ΑΘΗΝΑΙΩΝ ΕΠΙΧ. ΡΑΔΙΟΦΩΝΙΑΣ ""ΑΘΗΝΑ"" (Δ.Ε.Ρ.Α)
ΝΟΜΙΜΟΣ ΕΚΠΡΟΣΩΠΟΣ: ΝΙΚΟΛΑΟΣ ΛΑΛΙΩΤΗΣ",esr_radio
ba1904b1776ea5d38fa6dee4a34ba9f337f3f1e5,"ΚΑΝΑΛΙ 1 90,6 FM STEREO",https://www.kanaliena.gr/,radio,unknown,regional,Attica,news,operating,ok,https://www.facebook.com/kanaliena.gr,https://twitter.com/i/flow/login?redirect_after_login=%2Fkanaliena904,https://www.youtube.com/kanalienagr,"ΔΗΜΟΤΙΚΗ ΡΑΔΙΟΦΩΝΙΑ  ΠΕΙΡΑΙΑ (ΔΗ.ΡΑ.Π.)
ΝΟΜΙΜΟΣ ΕΚΠΡΟΣΩΠΟΣ: ΙΩΣΗΦ ΒΟΥΡΑΚΗΣ",esr_radio
fca60012e3ef9e489e6bf61379930a708daa7874,"ΣΚΑΪ 100,3 FM",https://www.skairadio.gr/,radio,unknown,regional,Attica,news,operating,ok,https://www.facebook.com/skaigr,https://x.com/skaigr,https://www.youtube.com/@SKAIRADIOFM,"ΕΙΔΗΣΕΙΣ ΝΤΟΤ ΚΟΜ ΑΝΩΝΥΜΗ ΡΑΔΙΟΤΗΛΕΟΠΤΙΚΗ  ΚΑΙ ΕΜΠΟΡΙΚΗ ΕΤΑΙΡΕΙΑ ΠΑΡΟΧΗΣ ΠΛΗΡΟΦΟΡΙΩΝ ΚΑΙ ΕΝΗΜΕΡΩΣΗΣ
Α ΓΕΜΗ 044884407000
ΝΟΜΙΜΟΣ ΕΚΠΡΟΣΩΠΟΣ: ΙΩΑΝΝΗΣ ΑΛΑΦΟΥΖΟΣ
ΝΟΜΙΜΟΣ ΕΚΠΡΟΣΩΠΟΣ: ΙΩΑΝΝΗΣ ΣΠΑΝΟΛΙΟΣ 
ΝΟΜΙΜΟΣ ΕΚΠΡΟΣΩΠΟΣ:  ΚΩΝΣΤΑΝΤΙΝΟΣ ΖΟΥΛΑΣ
ΝΟΜΙΜΟΣ ΕΚΠΡΟΣΩΠΟΣ: ΒΑΣΙΛΕΙΟΣ ΚΡΗΤΙΚΟΣ",esr_radio
6d05a11198d32e24a1bbad78b1fa3c220faa6741,"ALPHA RADIO 98,9",https://alpharadio989.gr/,radio,unknown,regional,Attica,news,operating,ok,https://www.facebook.com/989alpharadio/,https://x.com/alpharadio989/,https://www.youtube.com/user/Alpha989Radio,"ALPHA ΡΑΔΙΟΦΩΝΙΚΗ ΑΝΩΝΥΜΗ ΕΤΑΙΡΕΙΑ
Α ΓΕΜΗ 007951901000
ΝΟΜΙΜΟΣ ΕΚΠΡΟΣΩΠΟΣ: ΚΩΝΣΤΑΝΤΙΝΟΣ ΦΩΤΟΠΟΥΛΟΣ",esr_radio
e5ffc1523507213778e9e3992ffee272491c1b8c,REAL FM,https://www.real.gr/realfm/,radio,unknown,regional,Attica,news,operating,ok,,,https://www.youtube.com/@RealGroupGreece,"ΡΑΔΙΟΤΗΛΕΟΠΤΙΚΕΣ ΕΠΙΧΕΙΡΗΣΕΙΣ ΑΛΗΘΙΝΟ ΡΑΔΙΟΦΩΝΟ Α.Ε.
Α ΓΕΜΗ 007729301000
ΝΟΜΙΜΟΣ ΕΚΠΡΟΣΩΠΟΣ: ΣΤΕΡΓΙΟΣ ΧΑΤΖΗΝΙΚΟΛΑΟΥ",esr_radio
03bdf11300df2843bce20bc18e7f1bd9909ded71,"105,5 ΣΤΟ ΚΟΚΚΙΝΟ",https://www.avgi.gr/sto-kokkino,radio,unknown,regional,Attica,news,operating,ok,,,,"LEFT MEDIA ΡΑΔΙΟΦΩΝΙΚΗ - ΤΗΛΕΟΠΤΙΚΗ Α.Ε
Α ΓΕΜΗ 006820001000
ΝΟΜΙΜΟΣ ΕΚΠΡΟΣΩΠΟΣ: ΚΩΝΣΤΑΝΤΙΝΟΣ ΝΙΚΟΛΤΣΙΟΣ",esr_radio
6b8682b86c4b0076c32243bb52298de13fa7bf88,ALPHA ΠΑΤΡΑΣ,https://alphapatras.radiohype.gr/,radio,unknown,regional,Achaia,news,operating,ok,https://www.facebook.com/alphapatrasgr,,https://www.youtube.com/channel/UCq6MQs9EczamyQlR5c5gkLA,"ΡΑΔΙΟΤΗΛΕΟΠΤΙΚΗ ΔΥΤΙΚΗΣ ΕΛΛΑΔΑΣ ΜΟΝΟΠΡΟΣΩΠΗ ΕΠΕ
Α ΓΕΜΗ 036457216000
ΝΟΜΙΜΟΣ ΕΚΠΡΟΣΩΠΟΣ: ΜΙΧΑΗΛ ΣΑΡΑΝΤΙΔΗΣ",esr_radio
3b696a81ef148075009978ad3b4890b5778d59c7,ΡΑΔΙΟ ΑΙΓΙΟ,https://www.radioegio.gr/id/,radio,unknown,regional,Achaia,news,operating,ok,https://www.facebook.com/100055749042148/mentions/,,,"ΜΙΝΤΙΑ ΓΚΡΟΥΠ ΑΙΓΙΑΛΕΙΑΣ ΜΟΝ. ΕΠΕ
Α ΓΕΜΗ 036456916000
ΝΟΜΙΜΟΣ ΕΚΠΡΟΣΩΠΟΣ: ΣΠΥΡΙΔΟΥΛΑ ΣΠΗΛΙΩΤΟΠΟΥΛΟΥ",esr_radio
17bf590e7d04f82c4051ad8b2cc6151d9339af87,"ΘΕΜΑ PATRAS 98,7",https://themapatras.gr/,radio,unknown,regional,Achaia,news,operating,ok,https://www.facebook.com/themapatras/?locale=el_GR,,,ΑΝΤΩΝΙΑ ΤΣΕΛΙΚΑ,esr_radio
636bb28e38819f0f6503cf1f45b03385afa2eeb3,"ΣΚΑΙ ΠΑΤΡΑΣ 89,4",https://www.skaipatras.gr/,radio,unknown,regional,Achaia,news,operating,ok,https://www.facebook.com/skaipatras.gr?fref=ts,,https://www.youtube.com/user/skaipatras,"ΣΠΥΡΙΔΩΝ ΣΤΕΦΑΝΟΠΟΥΛΟΣ ΚΑΙ ΣΙΑ Ε.Ε.
Α ΓΕΜΗ 036457016000
ΝΟΜΙΜΟΣ ΕΚΠΡΟΣΩΠΟΣ: ΣΠΥΡΙΔΩΝ ΣΤΕΦΑΝΟΠΟΥΛΟΣ",esr_radio
e2619aa2ba2f9cab7de41df368dc3a23d8aa69f7,ΡΑΔΙΟ ΓAMMA 94 FM STEREO,https://radiogamma.gr/,radio,unknown,regional,Achaia,news,operating,ok,https://www.facebook.com/radiogamma94/,,https://www.youtube.com/@radgam8,"ΑΧΑΪΚΑ ΜΕΣΑ ΜΑΖΙΚΗΣ ΕΝΗΜΕΡΩΣΗΣ - ΡΑΔΙΟ ΓΑΜΜΑ FM 94 STEREO  Α.Ε.
Α ΓΕΜΗ 35020816000
ΝΟΜΙΜΟΣ ΕΚΠΡΟΣΩΠΟΣ: ΧΡΥΣΟΥΛΑ ΛΙΟΝΤΑ",esr_radio
41a4774cfe911c23a7adfb483e7ee6085ddc8687,ΑΝΤΕΝΝΑ ΑΧΑΙΑΣ,https://antennapatras.gr/,radio,unknown,regional,Achaia,news,operating,ok,https://www.facebook.com/antennapatras/?locale=el_GR,,https://www.youtube.com/channel/UCZWEaoi7EYQIMrM9N1ya6CA,"ΡΑΔΙΟΦΩΝΙΑ ΑΧΑΪΑΣ ΜΟΝ. ΕΠΕ
Α ΓΕΜΗ 036457416000
ΝΟΜΙΜΟΣ ΕΚΠΡΟΣΩΠΟΣ: ΑΓΓΕΛΙΚΗ ΚΑΡΔΑΡΑΚΟΥ",esr_radio
60b61ba530fa6d4764e152f6e521ca887caa6f69,ΡΑΔΙΟ ΘΗΒΑ,https://www.radiothiva.gr/,radio,unknown,regional,Boeotia,news,operating,ok,https://www.facebook.com/radiothiva.gr,https://x.com/RadioThiva,https://www.youtube.com/user/RadioThiva975,"ΒΟΙΩΤΙΚΗ ΕΚΔΟΤΙΚΗ Α.Ε.
Α ΓΕΜΗ 013389717000
ΝΟΜΙΜΟΣ ΕΚΠΡΟΣΩΠΟΣ: ΕΜΜΑΝΟΥΗΛ ΤΖΑΓΚΑΡΑΚΗΣ",esr_radio
c7671adf8cf030f77c3f3d4a7fa47419890ff19f,ΣΕΙΡΙΟΣ FM,https://siriosfm.gr/,radio,unknown,regional,Boeotia,news,operating,ok,https://www.facebook.com/siriosfm958,https://twitter.com/SiriosFm958,https://www.youtube.com/channel/UCuRQ28gZ1pDMSpXxUtetsug,ΠΑΝΤΕΛΗΣ ΞΥΠΟΛΙΤΑΚΗΣ,esr_radio
972eca854a8b68d497e0743d7d92366ae37f80c9,"ΡΑΔΙΟ ΕΝΩΣΗ 97,3",https://radioenosi.gr/,radio,unknown,regional,Boeotia,news,operating,ok,,,,"ΣΥΛΛΟΓΟΣ ΡΑΔΙΟ ΕΝΩΣΗ
ΝΟΜΙΜΟΣ ΕΚΠΡΟΣΩΠΟΣ ΝΙΚΟΛΑΟΣ ΣΑΛΙΠΑΣ",esr_radio
821d445cd9d8be893bacc6f6747302cfa76c81f0,"STAR FM 93,3",https://www.star-fm.gr/,radio,unknown,regional,Grevena,news,operating,ok,https://www.facebook.com/starfm.grevena,,https://www.youtube.com/@933StarFM,ΧΡΗΣΤΟΣ ΜΙΜΗΣ,esr_radio
85a335bdb380af4796912794569f97a7285eb5d9,ΡΑΔΙΟ ΓΡΕΒΕΝΑ,https://grevenamedia.gr/,radio,unknown,regional,Grevena,news,operating,ok,https://www.facebook.com/p/%CE%A1%CE%AC%CE%B4%CE%B9%CE%BF-%CE%93%CF%81%CE%B5%CE%B2%CE%B5%CE%BD%CE%AC-1015-100063698167012/,,https://www.youtube.com/@grevenamediagr5338,ΒΑΣΙΛΙΚΗ ΠΑΠΑΔΟΠΟΥΛΟΥ,esr_radio
f6d5f5b9de5540809579bb9bd554c8b5628c638a,ALPHA NEWS,https://www.alpha-news.gr/,radio,unknown,regional,Drama,news,operating,ok,https://www.facebook.com/alphanewsfm/,https://twitter.com/alphanewsdrama,,"ALPHA NEWS DRAMA ΜΟΝΟΠΡΟΣΩΠΗ ΙΚΕ
Α ΓΕΜΗ 128866619000
ΝΟΜΙΜΟΣ ΕΚΠΡΟΣΩΠΟΣ: ΜΙΧΑΗΛ ΓΙΑΓΤΖΟΓΛΟΥ",esr_radio
d7dae4d18ce5f76489a7301c9bfb4c1d1b301261,ΡΑΔΙΟ ΠΕΛΕΚΥΣ,https://pelekys.gr/,radio,unknown,regional,Drama,news,operating,ok,https://www.facebook.com/profile.php?id=100055478019216,,https://www.youtube.com/channel/UCQCfxsVTAqVsodMolUyzpEw,ΔΗΜΗΤΡΙΟΣ ΠΕΛΙΚΠΑΣΙΔΗΣ,esr_radio
ff757d47d2545e3ac1ba30f2c2986eef1ff14dbe,SKY ΡΟΔΟΣ 100 FM,https://www.skyrodos.gr/,radio,unknown,regional,Dodecanese,news,operating,ok,,,https://www.youtube.com/channel/UCCh5JItdddXFUgfSgnFu5-Q,"ΡΑΔΙΟΤΟΥΡΙΣΤΙΚΗ ΡΟΔΟΥ Α.Ε
Α ΓΕΜΗ 072282720000
ΝΟΜΙΜΟΣ ΕΚΠΡΟΣΩΠΟΣ: ΑΝΤΩΝΙΟΣ ΜΑΡΤΙΝΗΣ",esr_radio
42c730518eb70fa5b1207979213185082401487d,NOTOS NEWS,https://www.notosnews.gr/,radio,unknown,regional,Dodecanese,news,operating,ok,https://www.facebook.com/notosnews/,https://x.com/notostv,https://www.youtube.com/@notostvgr,ΤΣΑΜΠΙΚΑ ΜΑΥΡΙΟΥ,esr_radio
9714298d31ac38a961c944935a7acd70865986f9,REAL VOICE,https://realvoice995.gr/,radio,unknown,regional,Dodecanese,news,operating,ok,https://www.facebook.com/realvoice995,https://twitter.com/RealVoice995,https://www.youtube.com/@RealKos995,"ΕΝΗΜΕΡΩΣΗ ΚΑΙ ΕΠΙΚΟΙΝΩΝΙΕΣ ΡΟΔΟΥ ΚΑΙ ΣΙΑ Ε.Ε.
Α ΓΕΜΗ 71768820000
ΝΟΜΙΜΟΣ ΕΚΠΡΟΣΩΠΟΣ: ΙΩΑΝΝΗΣ ΚΟΥΡΤΗΣ
ΝΟΜΙΜΟΣ ΕΚΠΡΟΣΩΠΟΣ: ΕΠΙΚΟΙΝΩΝΙΕΣ ΡΟΔΟΥ ΑΝΩΝΥΜΗ ΕΤΑΙΡΕΙΑ",esr_radio
0acf75b084bd290c580b47e1adc5c148a0aaaa6b,ΕΚΦΡΑΣΗ FM,https://ekfrasi97.gr/,radio,unknown,regional,Dodecanese,news,operating,ok,https://www.facebook.com/ekfrasi97/,,https://www.youtube.com/@Ekfrasi97,ΣΠΥΡΙΔΩΝ ΚΛΑΔΗΣ,esr_radio
0782105cfd8a94b99d634cecc1e88d45aeb403e3,MAXIMUM FM,https://radiomax.gr/,radio,unknown,regional,Evros,news,operating,ok,https://www.facebook.com/maximum936,https://twitter.com/maximum936,,"ΔΗΜΗΤΡΙΟΣ ΚΟΛΙΟΣ  & ΣΙΑ ΟΕ
Α ΓΕΜΗ 054407821000
ΝΟΜΙΜΟΣ ΕΚΠΡΟΣΩΠΟΣ: ΔΗΜΗΤΡΙΟΣ ΚΟΛΙΟΣ",esr_radio
66bcfdd78dcd7ebb0389abd736f1fcea9d22f9d0,"STATUS RADIO 94,2",https://statusradio.gr/,radio,unknown,regional,Evros,news,operating,ok,https://www.facebook.com/statusradio942/,https://twitter.com/STATUSRADIO_942,https://youtube.com/@statusmedia5290,"ΣΤΑΥΡΟΣ ΑΠΟΣΤΟΛΙΔΗΣ ΚΑΙ ΣΙΑ Ε.Ε
Α ΓΕΜΗ 54616221000
ΝΟΜΙΜΟΣ ΕΚΠΡΟΣΩΠΟΣ: ΣΤΑΥΡΟΣ ΑΠΟΣΤΟΛΙΔΗΣ",esr_radio
82762fdb3921871254a023d7a45a9ae4c41d72d6,"APPS RADIO 96,6",https://www.appsradio.gr/,radio,unknown,regional,Evros,news,operating,ok,,,,"Γ. ΚΟΛΟΚΟΤΡΩΝΗΣ ΚΑΙ ΣΙΑ ΟΕ 
ΔΙΑΓΡΑΦΗ ΑΠΌ ΓΕΜΗ",esr_radio
24a5806844061a8844bb403962cf8ffd6c6e22ae,"FOCUS 88,9",https://focustonevro.gr/,radio,unknown,regional,Evros,news,operating,ok,https://www.facebook.com/focustonevro/,,https://www.youtube.com/@focusstonevro8888,ΔΗΜΗΤΡΙΟΣ ΔΑΡΟΥΣΗΣ,esr_radio
f04591a4fcfe18c3b3726bb72689a929f43d76da,ΡΑΔΙΟ ΕΒΡΟΣ,https://www.radioevros.gr/,radio,unknown,regional,Evros,news,operating,ok,https://www.facebook.com/radioevros/?locale=el_GR,,https://www.youtube.com/user/radioevros,"ΙΩΑΝΝΗΣ ΒΑΒΑΛΙΚΟΥΔΗΣ ΚΑΙ ΣΙΑ Ε.Ε.
Α ΓΕΜΗ 054373621000
ΝΟΜΙΜΟΣ ΕΚΠΡΟΣΩΠΟΣ: ΙΩΑΝΝΗΣ ΒΑΒΑΛΙΚΟΥΔΗΣ",esr_radio
67df55c396f22a066f9264002229dde857f0def7,"SFERIKOS 99,3",https://www.sferikos.gr/,radio,unknown,regional,Evros,news,operating,ok,,,,ΔΗΜΟΤΙΚΗ ΕΠΙΧΕΙΡΗΣΗ ΡΑΔΙΟΦΩΝΙΑΣ ΑΛΕΞΑΝΔΡΟΥΠΟΛΗΣ,esr_radio
52ba162674b2ce3c124a1d89735f9a69fc826067,ΔΕΛΤΑ FM,https://deltatv.gr/,radio,unknown,regional,Evros,news,operating,ok,https://www.facebook.com/deltatv.gr,,https://www.youtube.com/channel/UCzbsC-Pud1UPAYlm5nWI-uQ,"ΔΕΛΤΑ ΤΗΛΕΟΡΑΣΗ Α.Ε.
Α ΓΕΜΗ 054414821000
ΝΟΜΙΜΟΣ ΕΚΠΡΟΣΩΠΟΣ: ΚΑΤΕΡΙΝΑ ΚΑΛΕΝΤΕΡΙΔΟΥ",esr_radio
29a99e9e52514f335d9c750aad8ef608363ef3d6,ΚΑΝΑΛΙ ΕΥΡΙΠΟΣ FM 90,https://www.90fm.gr/,radio,unknown,regional,Evia,news,operating,ok,https://www.facebook.com/evripos90fm,https://twitter.com/evripos90fm,https://www.youtube.com/user/evripos90fm,"ΒΑΣΙΛΕΙΟΣ ΣΜΠΙΛΙΡΗΣ ΚΑΙ ΣΙΑ Ε.Ε.
Α ΓΕΜΗ 046130322000
ΝΟΜΙΜΟΣ ΕΚΠΡΟΣΩΠΟΣ:  ΒΑΣΙΛΕΙΟΣ ΣΜΠΙΛΙΡΗΣ",esr_radio
0b0ae3709f02aa4025cb763b6ddafba0d0885d16,ΡΑΔΙΟ ΑΛΙΒΕΡΙ ΕΝΑ,https://www.radioaliveri.gr/,radio,unknown,regional,Evia,news,operating,ok,https://www.facebook.com/radioal1,,https://www.youtube.com/@radioaliveri1,"ΡΑΔΙΟΦΩΝΙΚΗ ΕΤΑΙΡΕΙΑ Α.Κ. ΚΑΙ ΣΙΑ Ε.Ε.
Α ΓΕΜΗ 046130122000
ΝΟΜΙΜΟΣ ΕΚΠΡΟΣΩΠΟΣ: ΑΠΟΛΛΩΝ-ΑΓΓΕΛΟΣ ΚΑΡΑΓΙΑΝΝΗΣ",esr_radio
c971fae72588be61040e22f9731d2e8d171eb650,ΡΑΔΙΟ ΚΑΡΠΕΝΗΣΙ,https://975fm.gr/,radio,unknown,regional,Evrytania,news,operating,ok,https://www.facebook.com/www.975fm.gr/?locale=el_GR,https://x.com/Karpenisi975fm,https://www.youtube.com/user/vickykarpenisi,ΠΑΝΑΓΙΩΤΗΣ ΑΝΤΩΝΟΠΟΥΛΟΣ,esr_radio
4fd369ea1ed94e2ee87763017bc8e6afa5ac8686,"ΕΡΜΗΣ RADIO 91,8",https://ermisnews.gr/radio/,radio,unknown,regional,Zakynthos,news,operating,ok,https://www.facebook.com/ermisnews.gr/,https://x.com/ermisnewsgr,https://www.youtube.com/user/ermiszak,"ΕΠΙΚΟΙΝΩΝΙΑ Α.Ε
Α ΓΕΜΗ 070195024000
ΝΟΜΙΜΟΣ ΕΚΠΡΟΣΩΠΟΣ: ΑΓΓΕΛΙΚΗ ΞΕΝΟΦΟΥ",esr_radio
d04f8dc1afdf033736acbc8df7c4f120c8233c2a,ΣΤΙΓΜΑ FM,https://stigmafm.gr/,radio,unknown,regional,Zakynthos,news,operating,ok,https://www.facebook.com/stigmafm.gr,https://twitter.com/StigmaRadio,,"ΣΤΙΓΜΑ ΡΑΔΙΟΦΩΝΙΚΕΣ ΕΠΙΧΕΙΡΗΣΕΙΣ Α.Ε.
Α ΓΕΜΗ 070615724000
ΝΟΜΙΜΟΣ ΕΚΠΡΟΣΩΠΟΣ: ΜΙΧΑΗΛ ΣΠΙΝΟΣ",esr_radio
642b73d13970b514935811880059b01b792dcbd3,IONION FM,https://www.ionionfm.gr/,radio,unknown,regional,Ilia,news,operating,ok,https://www.facebook.com/ionionfm/?locale=el_GR,,https://www.youtube.com/user/ionionfm,"Δ. ΚΟΛΟΚΑΣ & ΣΙΑ Ο.Ε.
Α ΓΕΜΗ 047128925000
ΝΟΜΙΜΟΣ ΕΚΠΡΟΣΩΠΟΣ: ΔΗΜΗΤΡΙΟΣ ΚΟΛΟΚΑΣ
ΝΟΜΙΜΟΣ ΕΚΠΡΟΣΩΠΟΣ: ΑΝΤΩΝΙΟΣ ΓΡΗΓΟΡΟΠΟΥΛΟΣ",esr_radio
c910b02eca91e1ec2bafdda7f7f1259389ef1558,Ο.Ρ.Τ.,https://ort.gr/fm/,radio,unknown,regional,Ilia,news,operating,ok,https://www.facebook.com/OrtFm923?ref=hl,https://x.com/patrisnewscom,https://www.youtube.com/user/orttvgr,"ΟΛΥΜΠΙΑΚΗ ΡΑΔΙΟΦΩΝΙΑ ΤΗΛΕΟΡΑΣΗ ΑΝΩΝΥΜΗ ΕΤΑΙΡΙΑ
Α ΓΕΜΗ 047585925000
ΝΟΜΙΜΟΣ ΕΚΠΡΟΣΩΠΟΣ: ΚΩΝΣΤΑΝΤΙΝΟΣ ΒΑΡΟΥΞΗΣ",esr_radio
d916244824cfb5490ae877b4177b8a66fc4d4d86,"AVENA FM 97,7",https://avena.gr/,radio,unknown,regional,Imathia,news,operating,ok,,,https://www.youtube.com/@AvenaStudio,ΑΝΑΣΤΑΣΙΟΣ ΚΑΜΠΑΝΗΣ,esr_radio
fd13c9622aa7b085bcdd21838863013a5d6e02fb,DREAM FM,https://dreamfm.gr/,radio,unknown,regional,Iraklio,news,operating,ok,https://www.facebook.com/dreamfm907/?locale=el_GR,https://x.com/906dream,https://www.youtube.com/user/dream906fm,"ΕΥΣΤΡΑΤΙΟΣ ΚΥΔΩΝΑΚΗΣ ΚΑΙ ΣΙΑ Ο.Ε..
Α ΓΕΜΗ 77011627000
ΝΟΜΙΜΟΣ ΕΚΠΡΟΣΩΠΟΣ: ΕΥΣΤΡΑΤΙΟΣ ΚΥΔΩΝΑΚΗΣ",esr_radio
0868e55c10f6f46975e8ba4154fb2b0639356479,"POLITICA 89,8",https://www.politica.gr/,radio,unknown,regional,Iraklio,news,operating,ok,https://www.facebook.com/Politica.gr/,https://x.com/Politicagr,https://www.youtube.com/@politicagr8579,ΙΩΑΝΝΗΣ ΣΤΑΥΡΑΚΑΚΗΣ,esr_radio
2b025b3d28f6e16c2353a8649b65fe55b5c6c2da,"ΡΑΔΙΟ 98,4",https://www.radio984.gr/,radio,unknown,regional,Iraklio,news,operating,ok,https://www.facebook.com/radio984her,https://x.com/radio984,https://www.youtube.com/user/984radio,"ΙΚΑΡΟΣ ΡΑΔΙΟΤΗΛΕΟΠΤΙΚΕΣ ΕΠΙΧΕΙΡΗΣΕΙΣ ΑΝΩΝΥΜΟΣ ΕΤΑΙΡΕΙΑ
Α ΓΕΜΗ 077098927000
ΝΟΜΙΜΟΣ ΕΚΠΡΟΣΩΠΟΣ: ΑΝΤΩΝΙΟΣ ΔΗΜΗΤΡΙΟΥ",esr_radio
f893fcda7649cec989f3241c714194aa82caf731,Ρ/Σ ΡΑΔΙΟ ΚΡΗΤΗ,https://www.ekriti.gr/,radio,unknown,regional,Iraklio,news,operating,ok,https://www.facebook.com/ekriti.gr,https://twitter.com/ekriti_gr,https://www.youtube.com/@ekritigr-fq6ys,"Β. ΣΚΟΥΤΑΡΑΣ ΡΑΔΙΟΤΗΛΕΟΠΤΙΚΕΣ ΕΠΙΧΕΙΡΗΣΕΙΣ ΚΑΙ ΥΠΗΡΕΣΙΕΣ ΠΛΗΡΟΦΟΡΙΚΗΣ Α.Ε.
Α ΓΕΜΗ 077895927000
ΝΟΜΙΜΟΣ ΕΚΠΡΟΣΩΠΟΣ: ΦΩΤΕΙΝΗ ΣΚΟΥΤΑΡΑ",esr_radio
a219f9eb9d3a1a41d29e399801992b616c9a5b5d,"ΣΚΑΪ ΚΡΗΤΗΣ 92,1FM",https://www.skaikritis.gr/,radio,unknown,regional,Iraklio,news,operating,ok,https://www.facebook.com/skaikritis/,,https://www.youtube.com/channel/UCtoP8IEu_eIgh1qHk394Y-w,ΑΛΕΞΑΝΔΡΟΣ ΔΑΝΔΑΛΗΣ,esr_radio
cabb711a10935c3c0c1c9c4f4c8e820dfc46e6a6,ΡΑΔΙΟ ΧΕΡΣΟΝΗΣΟΣ,https://www.radio972.gr/,radio,unknown,regional,Iraklio,news,operating,ok,https://www.facebook.com/people/Radio-Hersonissos-972/100057546936036/,,,ΓΕΩΡΓΙΟΣ ΑΛΑΤΣΑΚΗΣ,esr_radio
40a8502f5c95f87c887879098bb6c8b4daf097bc,"ΘΕΜΑ ΚΡΗΤΗΣ 103,1",https://themakritis.gr/,radio,unknown,regional,Iraklio,news,operating,ok,https://www.facebook.com/themakritis,https://twitter.com/themakritis,https://www.youtube.com/@themakritis,ΑΛΕΞΑΝΔΡΑ ΠΕΡΟΓΑΜΒΡΑΚΗ,esr_radio
48f7cfa89845e681af95822191a30380c84e8b73,"ΕΝ ΠΛΩ FM 89,2",https://www.enplofm.gr/,radio,unknown,regional,Thesprotia,news,operating,ok,https://www.facebook.com/enplofm.gr,,,"Α. ΑΝΑΣΤΑΣΙΟΥ & ΣΙΑ ΕΕ
Α ΓΕΜΗ 019340528000
ΝΟΜΙΜΟΣ ΕΚΠΡΟΣΩΠΟΣ: ΑΘΑΝΑΣΙΟΣ ΑΝΑΣΤΑΣΙΟΥ",esr_radio
f41d861a106e5215455312f69f398fa0fafe48db,"FOCUS FM 103,6",https://www.focusfm.gr/,radio,unknown,regional,Thessaloniki,news,operating,ok,https://www.facebook.com/Focus103.6/,https://x.com/FOCUSFM1036,https://www.youtube.com/@FocusFM1036,"ΡΑΔΙΟΦΩΝΙΚΕΣ ΚΑΙ ΤΗΛΕΟΠΤΙΚΕΣ ΕΠΙΧΕΙΡΗΣΕΙΣ JDK ΜΟΝΟΠΡΟΣΩΠΗ Ι.Κ.Ε.
Α ΓΕΜΗ 128207206000
ΝΟΜΙΜΟΣ ΕΚΠΡΟΣΩΠΟΣ: ΕΛΕΥΘΕΡΙΟΣ ΓΡΗΓΟΡΙΑΔΗΣ",esr_radio
048fadcaeac372c32fb2419ecc96691c53438cb6,"ΡΑΔΙΟ ΘΕΣΣΑΛΟΝΙΚΗ 94,5",https://www.rthess.gr/,radio,unknown,regional,Thessaloniki,news,operating,ok,https://el-gr.facebook.com/radiothessaloniki945/,https://x.com/RThessaloniki,https://www.youtube.com/@radiothessaloniki945,"ΡΑΔΙΟ ΘΕΣΣΑΛΟΝΙΚΗ ΑΝΩΝΥΜΗ ΕΤΑΙΡΙΑ
Α ΓΕΜΗ 058948104000
ΝΟΜΙΜΟΣ ΕΚΠΡΟΣΩΠΟΣ: ΕΛΕΥΘΕΡΙΟΣ ΜΑΡΟΓΛΟΥ",esr_radio
4757a7a2fb198379266d7f33b0e46fc2d2e47da6,"STATUS FM 107,7",https://www.1077statusfm.gr/,radio,unknown,regional,Thessaloniki,news,operating,ok,https://www.facebook.com/status1077/?locale=el_GR,https://x.com/Status1077,https://www.youtube.com/channel/UCQ7a9S-6VJ8WHmVCvPQXxQg,"Θ. ΧΟΥΣΟΥ ΚΑΙ ΣΙΑ Ε.Ε.
Α ΓΕΜΗ 041904306000
ΝΟΜΙΜΗ ΕΚΠΡΟΣΩΠΟΣ: ΘΕΟΔΩΡΑ ΧΟΥΣΟΥ",esr_radio
e00ae0f12cb697f3688470b196285035eabf73a3,"ΔΗΜΟΤΙΚΟ ΡΑΔΙΟΦΩΝΟ 98,7 FM",https://www.dimotikoradiofono.gr/,radio,unknown,regional,Ioannina,news,operating,ok,,,,ΔΗΜΟΤΙΚΗ ΕΠΙΧΕΙΡΗΣΗ ΠΛΗΡΟΦΟΡΗΣΗΣ ΕΝΗΜΕΡΩΣΗ ΙΩΑΝΝΙΝΩΝ,esr_radio
cf5f972c8f9328d6b565a4a66e6ad9152df1123f,LOBBY FM,https://nownews.gr/lobby-1018-fm/,radio,unknown,regional,Kavala,news,operating,ok,https://www.facebook.com/Lobby101.8/,,,"Δ. ΠΑΤΗΡΑΣ ΚΑΙ ΣΙΑ Ε.Ε.
Α ΓΕΜΗ 020858530000
ΝΟΜΙΜΟΣ ΕΚΠΡΟΣΩΠΟΣ: ΔΗΜΗΤΡΙΟΣ ΠΑΤΗΡΑΣ",esr_radio
2865f5c8e892b431eb63e6d67cb05e643a50e83d,KAVALA NEWS,https://www.kavalanews.gr/,radio,unknown,regional,Kavala,news,operating,ok,https://www.facebook.com/kavalanews.gr,https://x.com/kavalanews,https://www.youtube.com/user/kavalanews,"ΤΗΛΕΦΑΣΣΑ ΙΔΙΩΤΙΚΗ ΚΕΦΑΛΑΙΟΥΧΙΚΗ ΕΤΑΙΡΕΙΑ
 (ΙΔ. ΣΥΜΦ. 25.1.2024, Α.Π. 6425/2.12.2024)
Α ΓΕΜΗ 128701730000
ΝΟΜΙΜΟΣ ΕΚΠΡΟΣΩΠΟΣ: ΚΩΝΣΤΑΝΤΙΝΟΣ ΝΙΚΟΛΤΣΙΟΣ",esr_radio
033a7fbfab463b22fe30af7ec8ae09a6ac3d77d8,ΕΝΑ RADIO,https://enaradio.gr/,radio,unknown,regional,Kavala,news,operating,ok,,,,"Ε.ΧΑΤΖΗΚΩΝΣΤΑΝΤΙΝΟΥ - Μ.ΚΕΛΑΙΔΗ Ο.Ε.
Α ΓΕΜΗ 20478130000
ΝΟΜΙΜΟΣ ΕΚΠΡΟΣΩΠΟΣ: ΜΑΡΙΑ ΚΕΛΑΙΔΗ
ΝΟΜΙΜΟΣ ΕΚΠΡΟΣΩΠΟΣ: ΕΛΕΝΗ ΧΑΤΖΗΚΩΝΣΤΑΝΤΙΝΟΥ",esr_radio
e53265e75d813e8969fac52e75b3280708d26334,ΡΑΔΙΟ ΝΕΑΠΟΛΗ,https://www.neapolisnews.gr/,radio,unknown,regional,Kavala,news,operating,ok,,,,ΣΤΑΥΡΟΣ ΔΕΛΗΓΙΑΝΝΗΣ,esr_radio
19899ecd1b12e880013e4c2ff6d3a816ec6be174,"ALPHA 94,7",https://www.alphafm.gr/,radio,unknown,regional,Kastoria,news,operating,ok,https://www.facebook.com/Alpha947,https://twitter.com/pararas?lang=el,https://www.youtube.com/channel/UC0kclFMJcT0kPP5kr104qLw,ΑΝΤΩΝΙΟΣ ΠΑΡΑΡΑΣ,esr_radio
922299162d0ecbfde63e4d51af7adbef62ccde80,ΑΝΤΕΝΝΕΣ ΡΑΔΙΟ,https://antennes.gr/,radio,unknown,regional,Kastoria,news,operating,ok,https://www.facebook.com/antenneskastoria/,https://x.com/antennesgr,https://www.youtube.com/channel/UCiFpKZdsZRjBi5zyfjrx25Q,ΧΡΗΣΤΟΣ ΝΑΤΣΟΥΛΗΣ,esr_radio
44be01d217463260c4160324eb6a026fddba8e51,"KASTORIA FM STEREO 91,5",https://kastoriafm.gr/,radio,unknown,regional,Kastoria,news,operating,ok,,,,"ΙΩΑΝΝΗΣ ΤΟΜΟΠΟΥΛΟΣ
ΑΠΟΒΙΩΣΑΣ",esr_radio
59a997cf0de01f0863cbb45994c2a9d09559cb38,"LIFE RADIO 102,9",https://www.life-news.gr/,radio,unknown,regional,Corfu,news,operating,ok,https://www.facebook.com/LifeNewsRadio/,https://mobile.twitter.com/lifenews1029,https://www.youtube.com/channel/UCsW97EC8lAgdiFA8p4uaFrg,"ΣΟΥΠΕΡ ΡΕΝΤΙΟ Α.Ε.
Α ΓΕΜΗ 034357933000
ΝΟΜΙΜΟΣ ΕΚΠΡΟΣΩΠΟΣ: ΓΡΗΓΟΡΙΟΣ ΕΥΑΓΓΕΛΟΥ",esr_radio
7a4989dd0992fed123bfaaff4f69687b7519182f,"INKEFALONIA 89,2",https://www.inkefalonia.gr/,radio,unknown,regional,Kefalonia,news,operating,ok,https://www.facebook.com/inkefalonianews/,https://x.com/inkefaloniagr?lang=en,https://www.youtube.com/inkefalonia,ΕΤΑΙΡΕΙΑ ΕΝΗΜΕΡΩΣΗΣ ΚΑΙ ΕΠΙΚΟΙΝΩΝΙΑΣ ΚΕΦΑΛΛΗΝΙΑΣ ΚΑΙ ΙΘΑΚΗΣ ΑΣΤΙΚΗ ΕΤΑΙΡΕΙΑ ΜΗ ΚΕΡΔΟΣΚΟΠΙΚΟΥ ΧΑΡΑΚΤΗΡΑ,esr_radio
d1666ff7f0bd6b44fdb2dc13d5a03fb497b0bf85,ΡΑΔΙΟ ΣΙΑΤΙΣΤΑ,https://www.radiosiatista.gr/,radio,unknown,regional,Kozani,news,operating,ok,https://www.facebook.com/radiosiatistanet/,,https://www.youtube.com/channel/UC4SxCtBs90ZKJCdQpQr8mzg,ΘΕΟΔΩΡΟΣ ΠΕΣΝΙΚΑΣ,esr_radio
f107ed92c153dc4459baf9948fcc75d7d25211fa,INFORADIO,https://www.inforadio.gr/,radio,unknown,regional,Corinthia,news,operating,ok,https://www.facebook.com/inforadio95.8,https://x.com/f1radio,,"ΓΕΩΡΓΙΟΣ ΔΗΜΗΤΡΙΑΔΗΣ & ΣΙΑ ΕΕ
Α ΓΕΜΗ 114841137000
ΝΟΜΙΜΟΣ ΕΚΠΡΟΣΩΠΟΣ: ΚΥΡΙΑΚΟΣ ΔΗΜΗΤΡΙΑΔΗΣ",esr_radio
f1efc39a9d27166f2d19f5883fb0df2163272ee4,"TOP MELODY 104,9 FM",https://www.topmelodyfm.gr/,radio,unknown,regional,Cyclades,news,operating,ok,https://www.facebook.com/TOPMELODY.104.9FM.RADIO/,,,ΣΤΥΛΙΑΝΟΣ ΚΑΝΑΚΑΡΗΣ,esr_radio
b06f1bede9ab8eea686cd060ed5cea3d433bbc37,ΑΝΤΕΝΝΑ ΝΟΤΙΑΣ ΕΛΛΑΔΑΣ,https://ant1south.gr/,radio,unknown,regional,Laconia,news,operating,ok,https://www.facebook.com/ant1south/?locale=el_GR,,https://www.youtube.com/channel/UClw3vNQ-3H8BbZSR-kLRhVQ,"ΡΑΔΙΟΦΩΝΙΑ ΝΟΤΙΟΥ ΠΕΛΟΠΟΝΝΗΣΟΥ Ε.Π.Ε.
Α ΓΕΜΗ 018367939000
ΝΟΜΙΜΟΣ ΕΚΠΡΟΣΩΠΟΣ: ΑΝΑΣΤΑΣΙΑ ΝΕΟΦΩΤΙΣΤΟΥ
ΝΟΜΙΜΟΣ ΕΚΠΡΟΣΩΠΟΣ: ΠΑΝΑΓΙΩΤΗΣ ΝΕΟΦΩΤΙΣΤΟΣ",esr_radio
a4ea7fdef308434d99b589808dcf0ffbaa67573f,FLY FM,https://www.flynews.gr/,radio,unknown,regional,Laconia,news,operating,ok,https://www.facebook.com/flynews.gr,,https://www.youtube.com/@FLYNEWSGR,"FLY - ΡΑΔΙΟΤΗΛΕΟΠΤΙΚΕΣ ΕΠΙΧΕΙΡΗΣΕΙΣ - ΑΣΤΙΚΗ ΕΤΑΙΡΕΙΑ
Α ΓΕΜΗ 018374439000
ΝΟΜΙΜΟΣ ΕΚΠΡΟΣΩΠΟΣ: ΠΑΝΑΓΙΩΤΗΣ ΚΑΡΒΟΥΝΙΑΡΗΣ",esr_radio
5520f8a397e610e9db2cf05327abce678f0ae51b,ΤΣΙΡΙΓΟ FM,https://tsirigofm.gr/,radio,unknown,regional,Laconia,news,operating,ok,https://www.facebook.com/tsirigofm,https://x.com/Tsirigofm,https://www.youtube.com/@TsirigoFM,ΠΑΝΑΓΙΩΤΗΣ ΜΠΑΧΤΗΣ,esr_radio
247bb06c632ad49f238ba4c0d68a2dad45f1f9a9,"PALACE RADIO FM 91,4",https://palaceradio.gr/,radio,unknown,regional,Larissa,news,operating,ok,https://www.facebook.com/PalaceRadio914,,,"Σ. ΤΣΑΓΓΑΛΑΣ-Ι. ΠΑΤΤΑ Ο.Ε.
Α ΓΕΜΗ 26443540000
ΝΟΜΙΜΟΣ ΕΚΠΡΟΣΩΠΟΣ: ΙΩΑΝΝΑ ΠΑΤΤΑ
ΝΟΜΙΜΟΣ ΕΚΠΡΟΣΩΠΟΣ: ΣΩΤΗΡΙΟΣ ΤΣΑΓΓΑΛΑΣ",esr_radio
0a3abad82bf646ae2d6007b2560902e6cbf9c382,TRT,https://trttv.gr/,radio,unknown,regional,Larissa,news,operating,ok,https://www.google.com/url?sa=t&source=web&rct=j&opi=89978449&url=https://www.facebook.com/TrtRadio951/&ved=2ahUKEwjJ46vexNaRAxWeW_EDHT13NLwQFnoECCcQAQ&usg=AOvVaw13yoDw0U5kOJ0VN7RTGa8I,https://trttv.gr/TRTCHANNEL,https://www.youtube.com/channel/UCiq2MddzuoOjF8QChs33KOw/videos,"ΘΕΣΣΑΛΙΚΗ ΡΑΔΙΟΦΩΝΙΑ ΤΗΛΕΟΡΑΣΗ Α.Ε
Α ΓΕΜΗ 50680144000
ΝΟΜΙΜΟΣ ΕΚΠΡΟΣΩΠΟΣ: ΣΕΒΑΣΤΙΑΝΗ ΠΑΠΑΔΟΠΟΥΛΟΥ
ΝΟΜΙΜΟΣ ΕΚΠΡΟΣΩΠΟΣ: ΣΩΤΗΡΙΟΣ ΠΟΛΥΖΟΣ",esr_radio
41c3b0786fa5a0bc6a110f1c08e7df020e4b0121,STYLE 100,https://style100fm.gr/,radio,unknown,regional,Lasithi,news,operating,ok,https://www.facebook.com/groups/14072395167/,,,ΕΜΜΑΝΟΥΗΛ ΔΑΣΚΑΛΑΚΗΣ,esr_radio
da696795c609a75097e19b1ad1c00e7cb863a9cf,ΗΧΩ FM,https://www.hxonews.gr/,radio,unknown,regional,Lasithi,news,operating,ok,https://www.facebook.com/pages/category/Radio-Station/%CE%97%CF%87%CF%8E-fm-998-%CE%99%CE%B5%CF%81%CE%AC%CF%80%CE%B5%CF%84%CF%81%CE%B1-%CE%9B%CE%B1%CF%83%CE%AF%CE%B8%CE%B9-444111232365849/,https://twitter.com/hxonews,https://www.youtube.com/@%CE%97%CF%87%CF%8E%CE%9D%CE%AD%CE%B1,ΜΑΡΙΑ ΤΣΑΓΚΑΡΑΚΗ,esr_radio
7280019a84b4fa253f520557d596c6724c07ddf2,"ΙΔΙΩΤΙΚΟΣ ΡΑΔΙΟΦΩΝΙΚΟΣ ΣΤΑΘΜΟΣ ΣΗΤΕΙΑΣ (ΣΗΤΕΙΑ FM) 95,5 ΜΗΖ",https://sitiafm.blogspot.com/,radio,unknown,regional,Lasithi,news,operating,ok,https://www.facebook.com/groups/100523470050423/about,,,ΕΜΜΑΝΟΥΗΛ ΜΕΤΑΞΑΚΗΣ,esr_radio
cbc8c229d13445187fbc2bd8913af07b9e02f5ab,ΛΑΤΩ ΡΑΔΙΟ,https://latofm.gr/,radio,unknown,regional,Lasithi,news,operating,ok,https://www.facebook.com/latofm103.3/,https://twitter.com/Latofm1033,https://www.youtube.com/@FM-ij8vr,"ΛΑΤΩ ΡΑΔΙΟΤΗΛΕΟΠΤΙΚΗ ΜΟΝ. Α.Ε.
Α ΓΕΜΗ 025065541000
ΝΟΜΙΜΟΣ ΕΚΠΡΟΣΩΠΟΣ: ΓΡΗΓΟΡΙΟΣ ΚΟΥΤΣΟΥΔΑΚΗΣ",esr_radio
459de36fe0ed02be2d115d82c3c114b555da5f5b,"ΡΑΔΙΟ ΒΕΡΕΝΙΚΗ 89,5 FM",https://www.radiovereniki.gr/,radio,unknown,regional,Lasithi,news,operating,ok,https://www.facebook.com/radiovereniki/?locale=el_GR,,,"ΔΙΑΛΕΚΤΑΚΗΣ ΕΜΜΑΝΟΥΗΛ-ΜΠΙΛΑΝΑΚΗΣ ΙΩΑΝΝΗΣ Ο.Ε
Α ΓΕΜΗ 024784141000
ΝΟΜΙΜΟΣ ΕΚΠΡΟΣΩΠΟΣ: ΕΜΜΑΝΟΥΗΛ ΔΙΑΛΕΚΤΑΚΗΣ
ΝΟΜΙΜΟΣ ΕΚΠΡΟΣΩΠΟΣ: ΙΩΑΝΝΗΣ ΜΠΙΛΑΝΑΚΗΣ",esr_radio
24d11e9b83d2e21ee2be64a653a8e076907f50ba,ΡΑΔΙΟ ΛΑΣΙΘΙ 92.3,https://radiolasithi.gr/,radio,unknown,regional,Lasithi,news,operating,ok,https://www.facebook.com/RadioLasithi,,https://www.youtube.com/c/Radiolasithi923,ΕΛΕΥΘΕΡΙΟΣ ΦΑΝΟΥΡΑΚΗΣ,esr_radio
0f2833587e2e23f7a1c54768e1890f18fe326774,ΛΗΜΝΟΣ - ΡΑΔΙΟ ΑΛΦΑ,https://limnosnea.gr/,radio,unknown,regional,Lesvos,news,operating,ok,,,,ΗΛΙΑΣ ΝΙΚΟΛΑΟΣ ΚΟΤΣΑΛΗΣ,esr_radio
ff16657e677bd1467c97e63d65eeb1c5f86f21ad,ΣΤΟ ΝΗΣΙ 99 fm,https://www.stonisi.gr/,radio,unknown,regional,Lesvos,news,operating,ok,https://www.facebook.com/stonisigr,https://x.com/stonisigr,https://www.youtube.com/channel/UCUsntTK6TAMFcQ8dPtxUXHw,ΚΟΙΝΩΝΙΚΗ ΣΥΝΕΤΑΙΡΙΣΤΙΚΗ ΕΠΙΧΕΙΡΗΣΗ ΣΥΛΛΟΓΙΚΗΣ ΚΑΙ ΚΟΙΝΩΝΙΚΗΣ ΩΦΕΛΕΙΑΣ ΕΝΗΜΕΡΩΣΗ,esr_radio
7adbb663feb14f1f8ad9a997d2448557dc83c08e,ΡΑΔΙΟ ΛΗΜΝΟΣ,https://meas-radio-limnos.gr/,radio,unknown,regional,Lesvos,news,operating,ok,https://web.facebook.com/radiolimnos?locale=el_GR,,https://www.youtube.com/@measlemnos,ΜΟΡΦΩΤΙΚΟΣ ΕΚΠΟΛΙΤΙΣΤΙΚΟΣ ΑΘΛΗΤΙΚΟΣ ΣΥΛΛΟΓΟΣ ΛΗΜΝΟΥ,esr_radio
a284250d3a8c780ae350556e434f502edfaadb95,ΛΗΜΝΟΣ FM 100,https://www.limnosfm100.gr/,radio,unknown,regional,Lesvos,news,operating,ok,https://www.facebook.com/limnosfm100,https://x.com/LimnosFm100,https://www.youtube.com/channel/UCA3snGwTdy0Ymrsmeq78qiw,Ι. ΜΑΝΩΛΕΡΗΣ ΚΑΙ ΣΙΑ Ο.Ε,esr_radio
d80e1b2d071b747d955a7a06ada151d01e90ed1c,"ΝΕΟ 103,3",https://neofm.gr/,radio,unknown,regional,Magnesia,news,operating,ok,,,,ΔΗΜΗΤΡΙΟΣ ΜΑΡΕΔΗΣ,esr_radio
521d855790b7142f0a93f4ba089be45e46f8b7ee,"VOLOS 98,6",https://www.volos986.gr/,radio,unknown,regional,Magnesia,news,operating,ok,,,,"ΡΑΔΙΟΤΗΛΕΟΠΤΙΚΗ & ΔΙΑΦΗΜΙΣΤΙΚΗ ΕΤΑΙΡΕΙΑ ΒΟΛΟΥ Α.Ε.
Α.ΓΕΜΗ: 050680944000 
ΝΟΜΙΜΟΣ ΕΚΠΡΟΣΩΠΟΣ: ΔΗΜΗΤΡΙΟΣ ΠΕΓΙΟΣ",esr_radio
dba7e23eb5a0c0c824600345ad8a903d534e2d06,ASTRA FM,https://www.astratv.gr/,radio,unknown,regional,Magnesia,news,operating,ok,https://www.facebook.com/astrafm973/?locale=el_GR,https://x.com/ASTRATV1,https://www.youtube.com/@astratvgreece7700,"ΡΑΔΙΟΤΗΛΕΟΠΤΙΚΕΣ ΕΠΙΧΕΙΡΗΣΕΙΣ ASTRA A.E.
Α ΓΕΜΗ 050683644000
ΝΟΜΙΜΟΣ ΕΚΠΡΟΣΩΠΟΣ: ΠΑΝΑΓΙΩΤΑ ΤΣΙΡΤΟΓΛΟΥ",esr_radio
0f02b6b28556a5202c4821be534d287314e19ce5,"FORMEDIA 99,8",https://www.formedia.gr/,radio,unknown,regional,Magnesia,news,operating,ok,https://www.facebook.com/4medianews/,https://twitter.com/formedianews,https://www.youtube.com/channel/UC4ADGM9UUwFI6-rR1Gsp_cA/videos,"ΡΑΔΙΟΤΗΛΕΟΠΤΙΚΕΣ ΕΠΙΧΕΙΡΗΣΕΙΣ ΜΑΓΝΗΣΙΑΣ ΜΟΝΟΠΡΟΣΩΠΗ ΕΠΕ
Α ΓΕΜΗ 050699744000 
ΔΙΑΓΡΑΦΗ ΑΠΌ ΓΕΜΗ",esr_radio
62e8b5fbf71a9f9fa89baf82e1c338ff1b838016,ΡΑΔΙΟ ΒΕΡΑ,https://www.radiovera.gr/,radio,unknown,regional,Magnesia,news,operating,ok,,,https://www.youtube.com/@RadioVERATV,"ΡΑΔΙΟ ΒΕΡΑ ΜΟΝΟΠΡΟΣΩΠΗ ΕΤΑΙΡΕΙΑ ΠΕΡΙΟΡΙΣΜΕΝΗΣ ΕΥΘΥΝΗΣ
Α ΓΕΜΗ 122529944000
ΝΟΜΙΜΟΣ ΕΚΠΡΟΣΩΠΟΣ: ΝΑΠΟΛΕΩΝ ΠΡΑΠΑΣ",esr_radio
af02b70afce1b954b6e3973dbde3a7c7daf08d18,SUPER 88 FM STEREO,https://www.super88radio.gr/,radio,unknown,regional,Xanthi,news,operating,ok,,,,ΒΑΣΙΛΕΙΟΣ ΚΟΚΚΑΛΙΔΗΣ,esr_radio
168b622cdd3b5cc66bf5ec4eb66b1f50ee3c711f,ΟΜΟΡΦΗ ΠΟΛΗ,https://radio899.gr/,radio,unknown,regional,Xanthi,news,operating,ok,https://www.facebook.com/radio899.gr,,https://www.youtube.com/channel/UCRSlle7mqqZdTkWtsJmdegA,"ΔΗΜΟΤΙΚΗ ΕΠΙΧΕΙΡΗΣΗ ΠΛΗΡΟΦΟΡΗΣΗΣ ΘΕΑΜΑΤΟΣ ΚΑΙ ΕΠΙΚΟΙΝΩΝΙΑΣ
ΝΟΜΙΜΟΣ ΕΚΠΡΟΣΩΠΟΣ: ΔΕΣΠΟΙΝΑ ΘΕΟΔΩΡΙΔΟΥ",esr_radio
db36e7486c342071d73e2552f83a4ec9e0ac98f2,"STAR 88,8 FM",https://star888fm.gr/,radio,unknown,regional,Xanthi,news,operating,ok,https://www.facebook.com/star888fm/?locale=el_GR,,https://www.youtube.com/@star88.8fmxanthi8,ΚΟΣΜΑΣ ΓΕΩΡΓΙΑΔΗΣ ΚΑΙ ΣΙΑ Ε.Ε.,esr_radio
c2549286fc95dd278ee268bce9238deaf810283e,"NOVA 93,1",https://novaradio.gr/,radio,unknown,regional,Xanthi,news,operating,ok,https://www.facebook.com/nova931,,,ΣΤΕΦΑΝΟΣ ΣΤΕΦΑΝΟΠΟΥΛΟΣ,esr_radio
2ddc9252998b26ba877a91ab2c442e43a1fb1a32,ΡΑΔΙΟ ΤΟΞΟΤΗΣ,https://toxotisfm.gr/,radio,unknown,regional,Pella,news,operating,ok,https://www.facebook.com/radiotoxotis963fm,,,"Σ. ΓΑΒΡΙΗΛΙΔΗΣ - Θ. ΧΡΙΣΤΑΚΗΣ Ο.Ε.
Α ΓΕΜΗ 024244047000
ΝΟΜΙΜΟΣ ΕΚΠΡΟΣΩΠΟΣ: ΧΡΙΣΤΑΚΗΣ ΘΩΜΑΣ
ΝΟΜΙΜΟΣ ΕΚΠΡΟΣΩΠΟΣ: ΓΑΒΡΙΗΛΙΔΗΣ ΣΥΜΕΩΝ",esr_radio
4d7a9955825d082d65604dc77e17428795ccf8bb,"ΣΚΑΪ 92,6",https://skai93.gr/,radio,unknown,regional,Pieria,news,operating,ok,https://www.facebook.com/SkaiPierias92.6/?locale=el_GR,,,"MEDIASET ΡΑΔΙΟΦΩΝΙΚΗ ΕΜΠΟΡΙΚΗ ΜΟΝ Ε.Π.Ε
Α ΓΕΜΗ 52308948000
ΝΟΜΙΜΟΣ ΕΚΠΡΟΣΩΠΟΣ: ΒΑΣΙΛΕΙΟΣ ΠΟΛΥΧΡΟΝΙΔΗΣ",esr_radio
ff72e71cb321fcfaeb00eb93ec3a17ed052f69bd,ΡΑΔΙΟ ΠΡΕΒΕΖΑ,https://www.radiopreveza.gr/,radio,unknown,regional,Preveza,news,operating,ok,https://www.facebook.com/RadioPreveza93/about/,https://x.com/radiopreveza,,ΓΙΑΝΛΟΥΚΑΣ ΜΑΤΣΙΡΑΣ,esr_radio
b89aaf5bd1c1895ceb4bea40e137aaa1371f2511,"PRISMA 95,1",https://prismaradio.gr/,radio,unknown,regional,Preveza,news,operating,ok,https://www.facebook.com/Prisma916/,,https://www.youtube.com/@prisma916,ΠΑΝΑΓΙΩΤΗΣ ΚΟΥΝΙΑΚΗΣ,esr_radio
d9d6df0b35e38a8f2282a2d9a25b7980cb74a2a7,ΔΙΑΥΛΟΣ ΡΟΔΟΠΗΣ,https://diavlos924.gr/,radio,unknown,regional,Rodopi,news,operating,ok,https://www.facebook.com/diavlos924.gr/?locale=el_GR,,https://www.youtube.com/user/diavlos924,"ΣΟΦΙΑ ΤΣΟΜΠΑΝΙΔΟΥ ΚΑΙ ΣΙΑ Ο.Ε. 
Α ΓΕΜΗ 053665011000
ΝΟΜΙΜΟΣ ΕΚΠΡΟΣΩΠΟΣ: ΣΟΦΙΑ ΤΣΟΜΠΑΝΙΔΟΥ",esr_radio
90d9c50d1274271e764e987f003116afa2696b09,CINAR FM,https://www.cinarfm.gr/yunanca,radio,unknown,regional,Rodopi,news,operating,ok,,,,ΣΥΛΛΟΓΟΣ Ο ΠΛΑΤΑΝΟΣ,esr_radio
b83e41ac4b58eb068a0a5e504e91f774c7f8a0a2,RADIO CAFÉ,https://samostoday.gr/,radio,unknown,regional,Samos,news,operating,ok,https://www.facebook.com/groups/RadioCafe102.4/,,,ΓΕΩΡΓΙΑ ΤΣΑΚΑΛΩΦΑ,esr_radio
1dce2a46c385f50e9438a9ccd2c972c03a409668,ΡΑΔΙΟ ΙΚΑΡΙΑ,https://www.radio-ikaria.gr/,radio,unknown,regional,Samos,news,operating,ok,https://www.facebook.com/RadioIkaria876,https://twitter.com/RadioIkaria876,https://www.youtube.com/channel/UCSspb5KDVOjWsPIZfH-7fZg,ΕΙΡΗΝΗ ΚΟΥΛΟΥΛΙΑ,esr_radio
0fdd9552d2cf79a8bc1c7caa287b7efa27cc7899,ΡΑΔΙΟ ΣΑΜΟΣ FM,https://radiosamos.gr/,radio,unknown,regional,Samos,news,operating,ok,https://www.facebook.com/radiosamos/?locale=el_GR,,https://www.youtube.com/@radiosamosradiosamos2376,"ΡΑΔΙΟ ΣΑΜΟΣ ΕΠΕ
Α ΓΕΜΗ 052183551000 
ΝΟΜΙΜΟΣ ΕΚΠΡΟΣΩΠΟΣ: ΣΤΑΜΑΤΙΝΑ ΒΑΚΑΛΟΠΟΥΛΟΥ",esr_radio
610e95ce3a2511c24d9f857bdccbde7a4a1e085f,ΡΑΔΙΟ ΕΨΙΛΟΝ,https://epsilon103.gr/,radio,unknown,regional,Serres,news,operating,ok,https://www.facebook.com/p/%CE%A1%CE%AC%CE%B4%CE%B9%CE%BF-%CE%95103-100063627218647/?locale=el_GR,,https://www.youtube.com/channel/UCXODS7oybDQIUjgfNLWVqIA,"ΚΩΝΣΤΑΝΤΙΝΟΣ ΤΣΕΣΜΕΤΖΗΣ ΚΑΙ ΣΙΑ Ε.Ε.
Α ΓΕΜΗ 113791952000
ΝΟΜΙΜΟΣ ΕΚΠΡΟΣΩΠΟΣ: ΚΩΝΣΤΑΝΤΙΝΟΣ ΤΣΕΣΜΕΤΖΗΣ",esr_radio
96a6d415535d0561a5f540de370c21df85d7f769,"ΡΑΔΙΟ ΕΠΙΛΟΓΕΣ 105,5 FM",https://epiloges.tv/,radio,unknown,regional,Serres,news,operating,ok,https://www.facebook.com/radio.epiloges/?locale=el_GR,,https://www.youtube.com/channel/UCJmgSX50r0Q0kFXFcKHp4Kg/videos,"ΘΕΟΔΩΡΟΣ ΕΛΙΟΓΛΟΥ-ΓΕΩΡΓΙΟΣ ΕΛΙΟΓΛΟΥ Ε.Ε.-ΕΤΑΙΡΙΑ ΡΑΔΙΟΦΩΝΙΑΣ
Α ΓΕΜΗ 113586352000
ΝΟΜΙΜΟΣ ΕΚΠΡΟΣΩΠΟΣ: ΓΕΩΡΓΙΟΣ ΕΛΙΟΓΛΟΥ",esr_radio
6892dff647d270710c292afd32a4cddf84bc5f7b,"ΡΑΔΙΟΦΩΝΙΚΗ ΛΕΣΧΗ 97,6",https://www.976.gr/,radio,unknown,regional,Trikala,news,operating,ok,https://www.facebook.com/lesxi976/,,,"ΡΑΔΙΟΦΩΝΙΚΗ ΛΕΣΧΗ ΤΡΙΚΑΛΩΝ Α.Ε
Α ΓΕΜΗ 010626353000
ΝΟΜΙΜΟΣ ΕΚΠΡΟΣΩΠΟΣ: ΚΩΝΣΤΑΝΤΙΝΟΣ ΘΕΟΔΩΡΟΥ",esr_radio
687f245f54d98cc028fc5e57275453ffd76081a7,"LAMIA POLIS 87,7 FM",https://lamiapolis.gr/,radio,unknown,regional,Fthiotida,news,operating,ok,https://www.facebook.com/lamiapolis877fm/?locale=el_GR,https://x.com/lamiapolis_877,https://www.youtube.com/@lamiapolis877fm,"ΜΟΝΟΠΡΟΣΩΠΗ ΙΚΕ LAMIA MEDIA VOICE
Α ΓΕΜΗ 165117254000 
ΝΟΜΙΜΟΣ ΕΚΠΡΟΣΩΠΟΣ: ΠΑΝΑΓΙΩΤΗΣ ΚΑΤΣΩΝΗΣ",esr_radio
42ee6d5b93b8478984673091758eba08542c13a4,"STAR FM 97,1",https://starfm971.gr/,radio,unknown,regional,Fthiotida,news,operating,ok,,,,"ΡΑΔΙΟΤΗΛΕΟΠΤΙΚΟΣ ΟΡΓΑΝΙΣΜΟΣ ΚΕΝΤΡΙΚΗΣ ΕΛΛΑΔΑΣ STAR A.E.
Α ΓΕΜΗ 022430154000
ΝΟΜΙΜΟΣ ΕΚΠΡΟΣΩΠΟΣ: ΝΙΚΟΛΙΤΣΑ ΧΕΙΜΩΝΙΔΟΥ
ΝΟΜΙΜΟΣ ΕΚΠΡΟΣΩΠΟΣ: ΓΕΩΡΓΙΟΣ ΣΙΜΟΠΟΥΛΟΣ
ΝΟΜΙΜΟΣ ΕΚΠΡΟΣΩΠΟΣ: ΣΠΥΡΙΔΟΥΛΑ ΜΠΕΝΙΑΤΑ",esr_radio
0e1a9db7cee1f4a4e46e9f52136020d8d50fff47,ΛΑΜΙΑ FM-1,https://lamiafm1.gr/,radio,unknown,regional,Fthiotida,news,operating,ok,https://www.facebook.com/people/Lamia-FM-1-962/61559572703683/,,https://www.youtube.com/@LamiaFM-zh8cx,"SPOT O.Ε. ΑΠΟΣΤΟΛΟΣ ΕΛΛΗΝΑΣ
Α ΓΕΜΗ 022430054000
ΝΟΜΙΜΟΣ ΕΚΠΡΟΣΩΠΟΣ: ΠΑΡΑΣΚΕΥΗ ΤΣΙΑΧΡΗ
ΝΟΜΙΜΟΣ ΕΚΠΡΟΣΩΠΟΣ: ΓΕΩΡΓΙΑ ΜΑΡΙΑ ΕΛΛΗΝΑ",esr_radio
4a8e1d63c253c906fefac351c9bea250691f0e88,ΡΑΔΙΟ ΝΕΤ,https://lamianet.gr/,radio,unknown,regional,Fthiotida,news,operating,ok,https://www.facebook.com/RadioNet1019SportFmLamia,,https://www.youtube.com/@radionet101.9,"ΙΩΑΝΝΗΣ ΠΑΣΙΑΚΟΣ
(ΑΠΟΒΙΩΣΑΣ)",esr_radio
f1c2f22636f2891980823d56142f328b15c0464c,ΡΑΔΙΟ ΡΟΥΜΕΛΗ,https://radioroumelinews.blogspot.com/,radio,unknown,regional,Fthiotida,news,operating,ok,https://www.facebook.com/radioroumelinews/?locale=el_GR,,https://www.youtube.com/@radioroumelinewsfm98lamia,ΝΙΚΟΛΑΟΣ ΣΑΜΟΥΡΚΑΣ,esr_radio
a6a36fb976d773e756063721b622e5357ce33016,"ΡΑΔΙΟ ΛΕΧΟΒΟ 97,1",https://radio-lehovo.gr/,radio,unknown,regional,Florina,news,operating,ok,https://www.facebook.com/RadioLehovo97.1/,https://twitter.com/radio_lehovo,https://www.youtube.com/user/radiolehovo,ΓΙΑΝΝΟΥΛΑ ΒΟΥΖΑ,esr_radio
c4897ed66c0931849131a7efb5f465f4e08ceb8f,ΓΑΛΑΞΙΑΣ FM,http://www.galaxiasfm.gr/,radio,unknown,regional,Fokida,news,operating,ok,https://www.facebook.com/galaxiasfm92.1/,https://twitter.com/galaxiasfm,https://www.youtube.com/user/Amfisiwtis,ΧΑΡΑΛΑΜΠΟΣ  ΜΑΡΚΑΤΟΣ,esr_radio
121e86f157a7cf0404c8f64f7718a201817f3eaa,ΔΗΜΟΤΙΚΟ ΡΑΔΙΟΦΩΝΟ ΠΟΛΥΓΥΡΟΥ,https://radio.polygyros.gr/,radio,unknown,regional,Chalkidiki,news,operating,ok,https://www.facebook.com/groups/305906740446,,https://www.youtube.com/@dimos_polygyrou,ΔΗΜΟΤΙΚΗ ΕΠΙΧΕΙΡΗΣΗ ΡΑΔΙΟΦΩΝΟΥ ΠΟΛΥΓΥΡΟΥ,esr_radio
01f686070ba73faff2308de7cc4b9cf12731cf20,ANTENNA ΔΥΤΙΚΗΣ ΚΡΗΤΗΣ,https://antennafm.gr/,radio,unknown,regional,Chania,news,operating,ok,https://www.facebook.com/Antenna971fm/?locale=el_GR,,,ΕΠΑΜΕΙΝΩΝΔΑΣ ΑΝΕΖΑΚΗΣ,esr_radio
e1be78c44698968c1ae6d29e01127139cb5c72d7,"ZARPA RADIO 89,6",https://zarparadio.gr/,radio,unknown,regional,Chania,news,operating,ok,,,https://www.youtube.com/@zarpanews3212,"ΡΑΔΙΟΤΗΛΕΟΡΑΣΗ ΜΟΝΟΠΡΟΣΩΠΗ Ε.Π.Ε.
Α ΓΕΜΗ 074513058000
ΝΟΜΙΜΟΣ ΕΚΠΡΟΣΩΠΟΣ: ΔΗΜΗΤΡΙΟΣ ΠΑΠΠΑΣ",esr_radio
e95966e438459898aa449050b09a5747e27a1fd6,"ΓΑΥΔΟΣ FM 88,8 ΦΑΡΟΣ ΤΟΥ ΝΟΤΟΥ",https://gavdos888.gr/,radio,unknown,regional,Chania,news,operating,ok,https://www.facebook.com/gavdosfm/,,https://www.youtube.com/@gavdos88.8fmgreekradio5,ΕΜΜΑΝΟΥΗΛ ΝΤΑΟΥΝΤΑΚΗΣ,esr_radio
cf2c88e7b7474935a12fc6dfce1a4c75facabb77,ΑΝΤΕΝΝΑ ΑΙΓΑΙΟΥ,https://ant1aigaiou.gr/,radio,unknown,regional,Chios,news,operating,ok,,,,ΜΑΡΙΑ ΚΟΡΜΑΛΟΥ ΚΥΔΩΝΗ,esr_radio
6d2ec086b84e7b7968bc7fb15944c46ab7cfa438,ΠΑΤΡΙΔΑ,https://tvpatrida.gr/,radio,unknown,regional,Chios,news,operating,ok,https://www.facebook.com/patrida.chios/,https://x.com/patridachios,https://www.youtube.com/channel/UCMCew9C72UZvj_4eOWenCTQ/videos,ΜΙΚΕΣ  ΓΙΑΝΝΑΡΑΣ,esr_radio
09faa53394886ccc7ee662297f742994e1574809,ΧΙΟΣ ΡΑΔΙΟ ΑΛΗΘΕΙΑ,https://www.alithia.gr/radio-alitheia/live,radio,unknown,regional,Chios,news,operating,ok,https://www.facebook.com/AlithiaMedia,https://www.twitter.com/alithiachios,https://www.youtube.com/channel/UCHblWnb-6Rt904hFql5cM5Q,ΕΙΡΗΝΗ ΑΝΑΓΝΩΣΤΟΥ,esr_radio
a415715288a6de134ffc2b3fba12ecb87046c560,ΕΜΠΡΟΣ Ξάνθης,https://empros.gr/,newspaper,daily,regional,Xanthi,news,operating,ok,https://www.facebook.com/efhmeridaempros/,https://twitter.com/Empros_xanthis,,ΕΜΠΡΟΣ της Ξάνθης,mt_press
eecd8b161675438ef00fe11aed80489a9418a95a,ESPRESSO,https://www.espressonews.gr/,newspaper,daily,national,Attica,news,operating,ok,https://www.facebook.com/espressonews.gr/,https://x.com/espressonews_gr,https://www.youtube.com/@espressonews/videos,ΜΕΛΛΟΝΤΙΚΕΣ ΕΚΔΟΣΕΙΣ ΕΠΕ,mt_press
818e04421d835cb4337830b04512d90d88e053c9,ΕΦΗΜΕΡΙΔΑ «ΜΕΘΟΡΙΟΣ»,https://methorios.gr/,newspaper,weekly,regional,Evros,news,operating,ok,https://www.facebook.com/Methoriosorestiada/,,,Η ΓΝΩΜΗ,mt_press
029031f471dcc7cecabe8957b940549697a725d0,Ελεύθερο βήμα της Φλώρινας,https://florinapress.gr/,newspaper,daily,regional,Florina,news,operating,ok,https://www.facebook.com/florinapressgr/,https://www.facebook.com/florinapressgr/,https://www.youtube.com/user/florinapress,Ελεύθερο βήμα της Φλώρινας,mt_press
517ad099c402ea15cd1370369ffce98ecc6626ce,ΜΑΧΗΤΗΣ,https://mahitisnews.gr/,newspaper,weekly,regional,Aitoloakarnania,news,operating,ok,,https://www.youtube.com/@%CE%95%CF%86%CE%B7%CE%BC%CE%B5%CF%81%CE%AF%CE%B4%CE%B1%CE%9C%CE%B1%CF%87%CE%B7%CF%84%CE%AE%CF%82,,,mt_press
2975dddf148bf167501417feccac51f6879b0832,ΑΙΧΜΗ ΑΙΤΩΛΟΑΚΑΡΝΑΝΙΑΣ,https://www.aixmi-news.gr/,newspaper,weekly,regional,Aitoloakarnania,news,operating,ok,https://www.facebook.com/aixmiditikiellada,https://x.com/AIXMHnews,https://www.youtube.com/@energospolitis79,ΑΙΧΜΗ ΑΙΤΩΛΟΑΚΑΡΝΑΝΙΑΣ,mt_press
c771ac8d8567de9f1f2e600c24edb0025bccc2a8,ΝΙΓΡΙΤΑ,https://www.enigrita.gr/,newspaper,weekly,regional,Serres,news,operating,ok,https://www.facebook.com/enigrita,https://twitter.com/enigrita,https://www.youtube.com/c/%CE%95%CE%A6%CE%97%CE%9C%CE%95%CE%A1%CE%99%CE%94%CE%91%CE%9D%CE%99%CE%93%CE%A1%CE%99%CE%A4%CE%91,ΝΙΓΡΙΤΑ,mt_press
79703cbec596471a673420ca4d1e98b11dea25d7,ΚΑΘΗΜΕΡΙΝΗ ΕΝΗΜΕΡΩΣΗ,https://www.enimerosi.com/,newspaper,daily,regional,Corfu,news,operating,ok,https://www.facebook.com/enimerosi.kerkyraa/,,https://www.youtube.com/channel/UCQzPp2_7xyovu77adh-C1xw,ΕΚΔΟΣΕΙΣ ΕΝΗΜΕΡΩΣΗ,mt_press
14fa01a3287b2faf521130999dd043dea0d90165,ΠΡΩΙΝΑ ΝΕΑ,https://www.proinanea.gr/,newspaper,daily,regional,Ioannina,news,operating,ok,,,,ΠΡΩΙΝΑ ΝΕΑ -7 ΜΕΡΕΣ,mt_press
00b6f1c7dd5cb5dcdaa2b0d309e7479e0d83cd63,Ιεράπετρα 21ος Αιών. Εβδομαδιαία Εφημερίδα.,https://ierapetra21.gr/,newspaper,weekly,regional,Lasithi,news,operating,ok,https://www.facebook.com/people/%CE%95%CF%86%CE%B7%CE%BC%CE%B5%CF%81%CE%AF%CE%B4%CE%B1-%CE%99%CE%B5%CF%81%CE%AC%CF%80%CE%B5%CF%84%CF%81%CE%B1-21%CE%BF%CF%82-%CE%91%CE%B9%CF%8E%CE%BD/100053673384851/,,,-,mt_press
0a6a9eef195520a2d232952f85eb2df21e06b7c9,ΧΤΥΠΟΣ,https://www.xtypos.gr/,newspaper,weekly,regional,Attica,news,operating,ok,https://www.facebook.com/xtypos.gr/,https://x.com/xtypos,https://www.youtube.com/user/xtyposnews,ΑΚ MEDIA,mt_press
aa5dcbb504c1a3cf1fcdafd4e18eeeac93389469,ΔΙΑΦΑΝΕΙΑ,https://ptolemaidanews.gr/,newspaper,daily,regional,Kozani,news,operating,ok,https://www.facebook.com/diafaniaptol/,,,ΕΦΗΜΕΡΙΔΑ ΔΙΑΦΑΝΕΙΑ,mt_press
0f95f0da50eb38256e4c31d48b72f90854b95be0,ΠΡΩΙΝΟΣ ΜΟΡΙΑΣ,https://proinosmorias.gr,newspaper,daily,regional,Arcadia,news,operating,ok,,,https://www.youtube.com/@dimitrismitropoulos3910,,mt_press
2690585ef9fb6ba20f20f1064db48fb705c90122,ΚΟΙΝΩΝΙΚΗ,https://koinoniki.gr/,newspaper,daily,regional,Attica,news,operating,ok,https://www.facebook.com/koinoniki/?locale=el_GR,https://x.com/koinonikinews,https://www.youtube.com/channel/UCoG4Rs2hZKG3LEQ9n0qONRA,,mt_press
8b434a6d429f5e1678a52ca149c10a51e9856e4e,ON TIME,https://ontime24.gr/,newspaper,unknown,national,Attica,news,operating,ok,https://www.facebook.com/ONtime24a/,,https://www.youtube.com/@OnTime24gr,ΠΑΡΑΠΟΛΙΤΙΚΑ ΑΕ,mt_press
0a0789f99e254cdd4e40c2aae775fd8c67c1cea2,ΤΑΧΥΔΡΟΜΟΣ της Εβδομάδας Άρτας,https://www.taxydromosartas.gr/,newspaper,weekly,regional,Arta,news,operating,ok,https://www.facebook.com/people/%CE%95%CF%86%CE%B7%CE%BC%CE%B5%CF%81%CE%AF%CE%B4%CE%B1-%CE%A4%CE%B1%CF%87%CF%85%CE%B4%CF%81%CF%8C%CE%BC%CE%BF%CF%82-%CE%86%CF%81%CF%84%CE%B1%CF%82/61573192125015/,,,ΤΑΧΥΔΡΟΜΟΣ της εβδομάδας Άρτας,mt_press
cbd01a0342f33742915ce3f56c91a880be254a48,TA NEA ΤΗΣ ΑΙΤΩΛΟΑΚΑΡΝΑΝΙΑΣ,http://neaait.gr,newspaper,daily,regional,Aitoloakarnania,news,operating,ok,https://www.facebook.com/neaait.gr/,,https://www.youtube.com/@neaait,ΤΑ ΝΕΑ ΤΗΣ ΑΙΤΩΛΟΑΚΑΡΝΑΝΙΑΣ,mt_press
9340765db6071324c50a48868b2b66e68ea99f02,Η ΕΦΗΜΕΡΙΔΑ ΤΩΝ ΣΥΝΤΑΚΤΩΝ ΣΑΒΒΑΤΟΚΥΡΙΑΚΟ,https://www.efsyn.gr/,newspaper,unknown,national,Attica,news,operating,ok,https://www.facebook.com/efimerida.syntakton/,https://twitter.com/EFSYNTAKTON,https://www.youtube.com/@user-efsyn,Η ΕΦΗΜΕΡΙΔΑ ΤΩΝ ΣΥΝΤΑΚΤΩΝ,mt_press
4c1723b6cfb8a6736c2c0c22a916cca3cd587126,Η ΕΦΗΜΕΡΙΔΑ ΤΩΝ ΣΥΝΤΑΚΤΩΝ,https://www.efsyn.gr/,newspaper,daily,national,Attica,news,operating,ok,https://www.facebook.com/efimerida.syntakton/,https://x.com/EFSYNTAKTON,,Η ΕΦΗΜΕΡΙΔΑ ΤΩΝ ΣΥΝΤΑΚΤΩΝ,mt_press
504b4213006b57be6dff87a28ce32eff0c0a006e,ΕΦΗΜΕΡΙΔΑ ΡΟΔΙΑΚΗ,https://www.rodiaki.gr/,newspaper,daily,regional,Dodecanese,news,operating,ok,https://www.facebook.com/efimeridarodiaki,https://twitter.com/irodiaki,https://www.youtube.com/user/rodiakiefimerida,ΡΟΔΙΑΚΗ,mt_press
8a8bb2e5023ffd06136a4147ece46cb3815035ef,ΕΥΒΟΙΚΗ ΓΝΩΜΗ,https://www.egnomi.gr/home,newspaper,weekly,regional,Evia,news,operating,ok,https://www.facebook.com/evoiki.gnomi/,https://x.com/EGNOMI,https://www.youtube.com/channel/UClnJmY9jcxVhUg50ZER8_7A,ΕΥΒΟΙΚΗ ΓΝΩΜΗ,mt_press
1f43dffbb1b3360103b4c0a32454111b67551ef7,ΧΡΟΝΙΚΑ ΔΥΤΙΚΗΣ ΜΑΚΕΔΟΝΙΑΣ,https://mygrevena.gr/,newspaper,weekly,regional,Grevena,news,operating,ok,https://www.facebook.com/XronikaGrevena/?locale=el_GR,,https://www.youtube.com/channel/UCBhNIYW-EU6AWCigWcQXtLQ,ΧΡΟΝΙΚΑ ΔΥΤΙΚΗΣ ΜΑΚΕΔΟΝΙΑΣ,mt_press
37de67dd1f73f9d492011d292338c859e20643d8,"ΝΕΑ ΣΕΡΡΕΣ, ΕΒΔΟΜΑΔΙΑΙΑ ΕΦΗΜΕΡΙΔΑ ΝΟΜΟΥ ΣΕΡΡΩΝ",https://www.neaserres.gr/,newspaper,weekly,regional,Serres,news,operating,ok,,,,ΗΛΕΚΤΡΟΝΙΚΕΣ ΕΚΔΟΣΕΙΣ ΙΚΕ,mt_press
39d555442a3093115b87ab80487b08af5526cb23,ΗΧΩ ΤΗΣ ΑΡΤΑΣ,https://ixotisartas.gr/,newspaper,daily,regional,Arta,news,operating,ok,https://www.facebook.com/ixotisartas.gr/,,https://www.youtube.com/user/ixoartas,ΗΧΩ ΤΗΣ ΑΡΤΑΣ,mt_press
3b83f963a38e6a99c980a4c6901f9d723ef5e747,ΗΜΕΡΑ ΖΑΚΥΝΘΟΥ,https://www.imerazante.gr/,newspaper,daily,regional,Zakynthos,news,operating,ok,https://www.facebook.com/imera.zakynthos,https://twitter.com/imerazante,https://www.youtube.com/channel/UCjRMz-RZSOUtj5dA00r4EjA,ΗΜΕΡΑ ΖΑΚΥΝΘΟΥ,mt_press
e96038e6181478e0a78ce50bd7c6e2d226d765e3,ΚΑΘΗΜΕΡΙΝΗ ΑΜΑΡΥΣΙΑ,https://amarysia.gr/,newspaper,daily,regional,Attica,news,operating,ok,https://www.facebook.com/amarysia.gr/,,,,mt_press
93d3bb3f77fa3862dfb0ae001d4151df2b3b836a,Ξυράφι,https://xirafi.gr/,newspaper,weekly,regional,Kavala,news,operating,ok,,,,ΞΥΡΑΦΙ,mt_press
e125ad868726fcf090b7f3c7513559c03d7bd738,ΑΛΗΘΕΙΑ ΤΗΣ ΚΑΡΔΙΤΣΑΣ - ΗΜΕΡΗΣΙΑ ΕΦΗΜΕΡΙΔΑ,https://www.alithianews.gr/,newspaper,daily,regional,Karditsa,news,operating,ok,https://www.facebook.com/efimeridaalithia,https://twitter.com/alithianews,,Η ΑΛΗΘΕΙΑ,mt_press
57f43aba1db95ec299fe1a6cf2aa997772d36bd0,ΜΑΧΗΤΗΣ ΓΡΕΒΕΝΩΝ,https://www.igrevena.gr/,newspaper,weekly,regional,Grevena,news,operating,ok,https://www.facebook.com/igrevena.gr,,,ΜΑΧΗΤΗΣ,mt_press
833a6d4ae05244ed2bd50dc77b8e5564c581c46b,ΠΡΩΙΝΗ ΓΡΕΒΕΝΩΝ,https://www.media-news.gr/,newspaper,daily,regional,Grevena,news,operating,ok,https://www.facebook.com/medianews.gr/,,https://www.facebook.com/medianews.gr/,ΠΡΩΙΝΗ,mt_press
1045417a2f3995401795179ffdd5b5630a52b90e,ΦΩΝΗ ΤΟΥ ΜΑΛΕΒΙΖΙΟΥ,https://fonimaleviziou.gr/,newspaper,weekly,regional,Iraklio,news,operating,ok,https://www.facebook.com/fonimaleviziou.gr,https://www.twitter.com/fonimaleviziou,https://youtube.com/channel/UCC53kksKDxnc6r8J0A7smiw,ΦΩΝΗ ΤΟΥ ΜΑΛΕΒΙΖΙΟΥ,mt_press
9b1bab242c6fa3dd6fb89cced863868c42e7c75d,ΓΕΝΙΚΗ ΔΗΜΟΠΡΑΣΙΩΝ,https://www.geniki-dimoprasion.gr/,newspaper,daily,national,Attica,news,operating,ok,,,,ΕΚΔΟΣΕΙΣ Ν.ΠΑΠΑΝΙΚΟΛΑΟΥ Α.Ε.,mt_press
c43e166e5c73194c456b55855dde0823be2c7927,ΓΡΑΜΜΗ,https://www.e-grammi.gr/,newspaper,unknown,regional,Attica,news,operating,ok,,,,,mt_press
9c6fc4f6dbd42bb516ca80449d6d7a8595509c01,ΦΩΝΗ ΤΗΣ ΠΑΡΟΥ,https://parostoday.gr,newspaper,weekly,regional,Cyclades,news,operating,ok,https://www.facebook.com/people/Paros-Today/61556103659553/,https://twitter.com/ParosToday,,ΦΩΝΗ ΤΗΣ ΠΑΡΟΥ,mt_press
f9e77e74709f1f4d0e8fbab9ca048c748eb2d67a,Η ΕΠΟΧΗ,https://epohi.gr/,newspaper,unknown,national,Attica,news,operating,ok,https://www.facebook.com/efimerida.epohi,https://x.com/h_epohi,https://www.youtube.com/@efimerida_epohi,Η ΕΠΟΧΗ ΣΥΝ. Π.Ε.,mt_press
40bc7d49a5483c29e373bd24bd1c259402b05104,LIFO,https://www.lifo.gr/,newspaper,unknown,national,Attica,news,operating,ok,https://www.facebook.com/lifo.mag,https://twitter.com/lifomag,https://www.youtube.com/@LiFOTV,LIFO,mt_press
a820264d8ce1f0140a9dcb141ab79c40118e99dd,ΕΛΕΥΘΕΡΙΑ,https://www.eleftheria.gr/,newspaper,daily,regional,Larissa,news,operating,ok,https://www.facebook.com/eleftherianewspaper/,https://x.com/eleftheriagr,https://www.youtube.com/@EleftheriaNewspaper,ΕΛΕΥΘΕΡΙΑ,mt_press
f6b04339c6a1c3287b214049da332af69928c5ed,ΤΑ ΝΕΑ,https://www.tanea.gr/,newspaper,daily,national,Attica,news,operating,ok,https://www.facebook.com/tanea.grofficial,https://x.com/ta_nea,https://www.youtube.com/channel/UCYTti6kj97zrMi7sMePlU2g,ALTER EGO MEDIA Α.Ε.,mt_press
26b3553b548ecd94343bb1e63fe37a5dc301ccbd,ΤΟ ΒΗΜΑ,https://www.tovima.gr/,newspaper,unknown,national,Attica,news,operating,ok,https://www.facebook.com/tovimagr/,http://www.twitter.com/tovimagr/,https://www.youtube.com/@tovimagrofficial,ALTER EGO MEDIA Α.Ε.,mt_press
0d2f269dc787cf0b4bd2fccfc974a9a2dd91041f,"ΕΦΗΜΕΡΙΔΑ ""ΘΑΡΡΟΣ""",https://www.tharrosnews.gr/,newspaper,daily,regional,Messinia,news,operating,ok,https://www.facebook.com/TharrosNews/,https://twitter.com/tharrosnews?lang=el,https://www.youtube.com/user/tharrosnews,,mt_press
81f9fa41241f08c601a59ba595b6f2d57955bed5,ΥΠΑΙΘΡΟΣ ΧΩΡΑ,https://www.ypaithros.gr/,newspaper,unknown,national,Attica,news,operating,ok,https://www.facebook.com/ypaithros,https://x.com/ypaithros,https://www.youtube.com/@ypaithrosTV,ΥΠΑΙΘΡΟΣ ΧΩΡΑ Α.Ε,mt_press
58eaee3e63e3e3679eb702cad3f3ce4697067958,ΑΝΑΓΝΩΣΤΗΣ ΠΕΛΟΠΟΝΝΗΣΟΥ,https://www.anagnostis.org/,newspaper,weekly,regional,Argolida,news,operating,ok,https://www.facebook.com/anagnostispeloponnisou/,https://x.com/anagnostispe,https://www.youtube.com/c/anagnostispe/videos,ΕΝΘΕΣΙΣ,mt_press
3217eb8decba7034d5e97b6088a85e9bda809372,Εν Δελφοίς,https://www.fokidanews.gr/,newspaper,weekly,regional,Fokida,news,operating,ok,https://www.facebook.com/KathimeriniFokida/,,https://www.youtube.com/channel/UC0Hi_3QkLnhiahyc1wDE0Mw,«Nowtopia Κοιν.Σ.Επ.»,mt_press
d4d2cb096442e4ca147933e71fe3edddddf94c07,TO MANIFESTO FRONT PAGE IKE,https://tomanifesto.gr/,newspaper,daily,national,Attica,news,operating,ok,https://www.facebook.com/tomanifesto.gr,https://x.com/tomanifesto,https://www.youtube.com/@tomanifestogr,TO MANIFESTO FRONT PAGE,mt_press
905c9d19e19b32380b871d64e65ece6194349a5c,ΕΛΕΥΘΕΡΟΣ ΤΥΠΟΣ,https://www.eleftherostypos.gr/,newspaper,daily,national,Attica,news,operating,ok,https://www.facebook.com/EleftherosTypos,https://x.com/etyposgr,https://www.youtube.com/@eleftherostyposgr,SABD ΕΚΔΟΤΙΚΗ ΑΕ,mt_press
8a74abbe09746242afbbaf16f9fd2ad16e23316f,ΠΕΛΟΠΟΝΝΗΣΟΣ ΔΕΥΤΕΡΑΣ,https://pelop.gr,newspaper,weekly,regional,Achaia,news,operating,ok,https://www.facebook.com/peloponnisosnewspaper,https://x.com/pelopnews,https://www.youtube.com/peloponnisosmedia,,mt_press
a3a3c20ce5129582744ec8d6c0f75396426b1ccd,ΠΕΛΟΠΟΝΝΗΣΟΣ,https://pelop.gr/,newspaper,daily,regional,Achaia,news,operating,ok,https://www.facebook.com/peloponnisosnewspaper,https://x.com/pelopnews,https://www.youtube.com/peloponnisosmedia,,mt_press
92a79af0bbb657675f87d644c9802118710bdb5c,Γορτυνία,https://www.e-gortynia.gr/,newspaper,unknown,regional,Attica,news,operating,ok,https://www.facebook.com/gortynia.newspaper/,,https://www.youtube.com/@egortynia,ΓΟΡΤΥΝΙΑ,mt_press
05fb8fee6753872134b1fbd5233104df9ce5e479,ΤΑ ΤΟΠΙΚΑ ΝΕΑ,https://top-nea.gr/,newspaper,unknown,regional,Attica,news,operating,ok,https://www.facebook.com/topneagr,,,ΤΑ ΤΟΠΙΚΑ ΝΕΑ,mt_press
e47a42fa4ac3619b08d22ed5f70f88a11cc8226a,ΑΘΗΝΑΙΚΑ ΝΕΑ,https://athnews.gr/,newspaper,daily,regional,Attica,news,operating,ok,https://www.facebook.com/AthensNews/,https://x.com/AthensNewsEU,,ATHENS PUBLICATIONS SINGLE MEMBER PRIVATE COMPANYATIONS,mt_press
c6a7b0a384162f9ffda27f6ac703d8231532e074,ΝΕΟΙ ΑΓΩΝΕΣ ΗΠΕΙΡΟΥ,https://www.neoiagones.gr,newspaper,daily,regional,Ioannina,news,operating,ok,https://www.facebook.com/neoiagones.gr,,,ΗΠΕΙΡΩΤΙΚΕΣ ΕΚΔΟΣΕΙΣ ΕΚΤΥΠΩΣΕΙΣ,mt_press
9929173f00c5d698571c8caf1ff852c10a905890,"ΕΦΗΜΕΡΙΔΑ ""ΕΠΙΣΗΜΑΝΣΕΙΣ ΤΗΣ ΚΥΡΙΑΚΗΣ""",https://corfuchannel.com/,newspaper,weekly,regional,Corfu,news,operating,ok,https://www.facebook.com/corfuchannel/?ref=page_internal,,https://www.youtube.com/c/corfuchanneltileorasi,CORFU CHANNEL SA,mt_press
1e560bbe11d52683f4085f43ab880577f12dd72a,ΕΝΗΜΕΡΩΣΗ & ΑΓΓΕΛΙΕΣ,https://odelalis.gr/,newspaper,weekly,regional,Pieria,news,operating,ok,https://www.facebook.com/odelalis,,,"""ΕΝΗΜΕΡΩΣΗ""",mt_press
7aea351281296892bfd43a8e2ca442533b509285,freenews,https://ifn.gr/,newspaper,unknown,regional,Attica,news,operating,ok,,,,power press,mt_press
c3f15af83f6cf72e2091f939c25df8eec27da997,ΣΥΝΕΙΔΗΣΗ,https://www.syneidisi.com/,newspaper,daily,regional,Attica,news,operating,ok,https://www.facebook.com/sinidisi.met/,https://x.com/syneidisicom,,power press,mt_press
9eb5ea968591c77bdbe77042558e0dfe15652392,ΑΝΑΛΥΤΗΣ,https://www.enanews.gr/,newspaper,weekly,regional,Kavala,news,operating,ok,https://www.facebook.com/analitis.ena/?locale=el_GR,,,ΔΙΑΣΤΑΣΗ,mt_press
86fe69963f63bf08ba1102f797cc17bed67f43bc,ΦΩΚΙΔΑ,https://orapaper.gr/,newspaper,weekly,regional,Fokida,news,operating,ok,https://www.facebook.com/ef.fokida/,,,ΦΩΚΙΔΑ,mt_press
dbd2e18388885be36743ae196b3fc4f421bf0af4,ΚΥΚΛΑΔΙΚΗ,https://www.kykladiki.gr/,newspaper,daily,regional,Cyclades,news,operating,ok,https://www.facebook.com/kykladiki,https://x.com/kykladiki_,https://www.youtube.com/@%CE%9A%CF%85%CE%BA%CE%BB%CE%B1%CE%B4%CE%B9%CE%BA%CE%AE%CE%B5%CF%86%CE%B7%CE%BC%CE%B5%CF%81%CE%AF%CE%B4%CE%B1,ΚΥΚΛΑΔΙΚΗ,mt_press
5082ee5e03047e3b0612481a800eb6076783573b,ΠΡΩΙΝΗ ΚΟΖΑΝΗΣ,https://www.media-news.gr/,newspaper,daily,regional,Grevena,news,operating,ok,https://www.facebook.com/medianews.gr/,,,ΠΡΩΙΝΗ,mt_press
bf7e6bfb9a51ad3a4cbdb40d1dee45ee27e021b0,ΣΕΡΡΑΪΚΟΝ ΘΑΡΡΡΟΣ,https://www.sertharros.gr/,newspaper,daily,regional,Serres,news,operating,ok,https://www.facebook.com/sertharros/?locale=el_GR,,,,mt_press
1d785a8f3bad5ecd07e47dce6d58be7b46db9d24,ΧΡΟΝΟΜΕΤΡΟ,https://www.xronometro.com/,newspaper,weekly,regional,Kavala,news,operating,ok,https://www.facebook.com/pages/%CE%95%CF%86%CE%B7%CE%BC%CE%B5%CF%81%CE%AF%CE%B4%CE%B1-%CE%A7%CF%81%CE%BF%CE%BD%CF%8C%CE%BC%CE%B5%CF%84%CF%81%CE%BF/1424775257737153,https://twitter.com/Xronometro,,ΧΡΟΝΟΜΕΤΡΟ,mt_press
64b3313b7b8ff96d706c95e24008dd75f170c928,ΦΩΝΗ ΤΗΣ ΞΑΝΘΗΣ,https://www.fonitisxanthis.gr/,newspaper,daily,regional,Xanthi,news,operating,ok,https://www.facebook.com/fonitisxanthis.gr,,,ΦΩΝΗ ΤΗΣ ΞΑΝΘΗΣ,mt_press
f69c3228d91b04557e6690a112d6c8b03b4f4a1d,ΤΟ ΠΑΡΟΝ ΤΗΣ ΚΥΡΙΑΚΗΣ,https://www.paron.gr/,newspaper,unknown,national,Attica,news,operating,ok,https://www.facebook.com/paron.gr,https://x.com/typologies,https://www.youtube.com/@%CE%A4%CE%9F%CE%A0%CE%91%CE%A1%CE%9F%CE%9D%CE%95%CE%A6%CE%97%CE%9C%CE%95%CE%A1%CE%99%CE%94%CE%91,ΡΗΕΜΕ ΑΕ,mt_press
7fcda1401f1c85af008b72288a1c0598c67be18a,ΝΑΥΠΑΚΤΙΑ Press,http://www.lepantortv.gr,newspaper,weekly,regional,Aitoloakarnania,news,operating,ok,https://www.facebook.com/lepantortvgr/?locale2=el_GR&_rdr,https://x.com/lepantotv,https://www.youtube.com/user/lepantortv,LEPANTO media,mt_press
ab7f86f7fdce15a6841468de7a87106e6f04c8c0,ΤΑ ΝΕΑ ΤΗΣ ΘΡΑΚΗΣ,https://thrakionline.gr/,newspaper,weekly,regional,Rodopi,news,operating,ok,https://www.facebook.com/thrakionline.gr/,,https://www.youtube.com/channel/UCUdjqkh1zeyjiFsaX6Tfxhw,ΤΑ ΝΕΑ ΤΗΣ ΘΡΑΚΗΣ,mt_press
84ab7de8e98df228ce3e75251a00f8486ac35435,ΤΥΠΟΣ ΧΑΛΚΙΔΙΚΗΣ,https://typoshalkidikis.gr/,newspaper,daily,regional,Chalkidiki,news,operating,ok,,,,,mt_press
e21a8050f075d620888713b02e44e39c20a87e41,εφημερίδα ΛΑΟΣ,https://www.laosnews.gr/,newspaper,daily,regional,Imathia,news,operating,ok,https://www.facebook.com/laosnews.gr/,https://x.com/laosnews_veria,,ΕΚΔΟΤΙΚΗ ΔΗΜΟΣΙΟΓΡΑΦΙΚΗ ΒΕΡΟΙΑΣ,mt_press
18ca029bcd7872fdd3d08850b8269d5c18a108ff,ΕΙΔΗΣΕΙΣ του Κιλκίς,https://www.eidisis.gr/,newspaper,weekly,regional,Kilkis,news,operating,ok,https://www.facebook.com/eidisis.gr,https://x.com/EidisisGr,https://www.youtube.com/user/eidisisgr,,mt_press
5675ed8d9bc8da8aefaaa6802c0a28af7365555d,ΠΡΩΙΝΗ του Κιλκίς,https://www.eidisis.gr/,newspaper,daily,regional,Kilkis,news,operating,ok,https://www.facebook.com/eidisis.gr,https://x.com/EidisisGr,https://www.youtube.com/user/eidisisgr,,mt_press
93bc26815176d91d7201765acf2e1ee9ef67b1c4,ΕΟΡΔΑΪΚΟΣ ΠΑΛΜΟΣ,http://e-ptolemeos.gr,newspaper,weekly,regional,Kozani,news,operating,ok,,,,ΡΟΔΟΝ ΕΚΔΟΤΙΚΗ ΕΕ,mt_press
a044ce23196627f5ddbe3d5beb668476cb561fbd,ΠΤΟΛΕΜΑΙΟΣ,https://e-ptolemeos.gr/,newspaper,daily,regional,Kozani,news,operating,ok,https://www.facebook.com/ptolemeos.news/,https://x.com/eptolemeos?lang=en,https://www.youtube.com/user/eptolemeos,ΡΟΔΟΝ ΕΚΔΟΤΙΚΗ ΕΕ,mt_press
aeb8ba7c33fd5ecd086e9baf9c251b1ef92832e7,ΚΟΣΜΟΣ ΤΟΥ ΣΑΒΒΑΤΟΚΥΡΙΑΚΟΥ,https://kosmoslarissa.gr/,newspaper,weekly,regional,Larissa,news,operating,ok,https://www.facebook.com/kosmoslarissa.gr/,https://x.com/kosmoslarissa,,LOCAL NEWS ΙΚΕ,mt_press
1c7fe7acf4ced25caebee8c3463bfa0c1fb892d7,ΚΟΣΜΟΣ,https://kosmoslarissa.gr/,newspaper,daily,regional,Larissa,news,operating,ok,https://www.facebook.com/kosmoslarissa.gr/,https://x.com/kosmoslarissa,https://www.youtube.com/@kosmoslarissagr-xn9rv,LOCAL NEWS ΙΚΕ,mt_press
877760c246f7c39c1e354a06bc8229436fd39fdb,Η ΘΕΣΠΡΩΤΙΚΗ,https://thesprotiki.gr/en/,newspaper,daily,regional,Thesprotia,news,operating,ok,https://www.facebook.com/thesprotiki,,,,mt_press
a1c4b8e1e1a43093229b07a4df6d7a7038dedddd,FORBES,https://www.forbesgreece.gr/,website,unknown,regional,Attica,news,operating,ok,https://www.facebook.com/forbesgr,https://x.com/capitalgr?lang=en,,ΚΑΠΙΤΑΛ.GR AE,mt_press
0d1f752d9a1e52598767dd12a6a9ac48b0b255ee,ΚΕΦΑΛΑΙΟ,https://www.capital.gr/,newspaper,unknown,national,Attica,news,operating,ok,https://www.facebook.com/capital.gr,https://x.com/capitalgr?lang=en,https://www.youtube.com/channel/UCU-qRWNRh3ZbEpY_1CUtNzw,ΚΑΠΙΤΑΛ.GR AE,mt_press
b8699b4457a438c1b299d2cb2d74cbc7b0646c11,ATHENS VOICE,https://www.athensvoice.gr/,newspaper,unknown,national,Attica,news,operating,ok,https://www.facebook.com/AthensVoice,,https://www.youtube.com/user/theathensvoice,ATHENS VOICE,mt_press
0c02937aea805949f61fb370bbe4635a7e6b7a75,ΠΑΡΑΠΟΛΙΤΙΚΑ,https://www.parapolitika.gr/,newspaper,unknown,national,Attica,news,operating,ok,https://web.facebook.com/www.parapolitika.gr?_rdc=1&_rdr,https://twitter.com/parapolitika,https://www.youtube.com/c/parapolitikagrofficial/videos,ΠΑΡΑΠΟΛΙΤΙΚΑ ΑΕ,mt_press
750f96c175263b9765621d5c28e8036758c819eb,Η ΑΠΟΨΗ,https://www.iapopsi.gr/,newspaper,unknown,national,Attica,news,operating,ok,,,,,mt_press
b9ab4e5c7b40f1ffb71d92affc5a5085482efefb,ΠΡΩΙΝΗ ΤΗΣ ΗΛΕΙΑΣ,https://proini.news/,newspaper,daily,regional,Ilia,news,operating,ok,https://m.facebook.com/proini.news/,,,"""ΠΡΩΪΝΗ Α.Ε.""",mt_press
e37ee5377b875a7351762ae50825d75d6d2e221f,ΕΛΕΥΘΕΡΗ ΩΡΑ ΚΥΡΙΑΚΗΣ,https://www.elora.gr/portal/,newspaper,unknown,national,Attica,news,operating,ok,https://www.facebook.com/eleftheriora,https://x.com/ElftheriOra,,M V PRESS,mt_press
9f84b21c18809b8a3de58a73c5cccde435839b69,ΕΛΕΥΘΕΡΗ ΩΡΑ,https://www.elora.gr/portal/,newspaper,daily,national,Attica,news,operating,ok,https://www.facebook.com/eleftheriora,https://twitter.com/ElftheriOra,,M V PRESS,mt_press
656debe811157d6a6608cfb6bf8b242a9bd1d49d,VORIA.GR ΕΝΗΜΕΡΩΣΗ,https://www.voria.gr/,website,unknown,regional,Thessaloniki,news,operating,ok,https://www.facebook.com/VoriaGreece/,,https://www.youtube.com/user/voriamedia,Voria.gr,mt_press
a17586608a06de0751668552981746da339e4552,ΣΗΜΕΡΙΝΗ ΤΩΝ ΣΕΡΡΩΝ,https://www.simerini.gr/,newspaper,daily,regional,Serres,news,operating,ok,https://www.facebook.com/simerini.serres,,,ΣΗΜΕΡΙΝΗ ΤΩΝ ΣΕΡΡΩΝ,mt_press
b544910491140e4580fba7dc1a4dc6864752b831,Άποψη Πέλλας,https://meapopsi.gr/,newspaper,weekly,regional,Pella,news,operating,ok,,,,ΤΥΠΟΕΚΔΟΤΙΚΗ ΟΕ,mt_press
736cba0187bdabe17fc389ffafd8ad7469e2352b,ΕΛΕΥΘΕΡΗ ΘΡΑΚΗ,https://elthraki.gr/,newspaper,daily,regional,Evros,news,operating,ok,https://www.facebook.com/elthraki/,,https://www.youtube.com/user/thrakinet,ΕΛΕΥΘΕΡΗ ΘΡΑΚΗ,mt_press
b621053e741e33fb4bce7571b994afbc50a42ad9,ΛΑΜΙΑΚΟΣ ΤΥΠΟΣ,https://www.lamiakos-typos.gr/,newspaper,daily,regional,Fthiotida,news,operating,ok,https://www.facebook.com/lamiakos.typos,https://www.twitter.com/lamiakos_typos,,ΛΑΜΙΑΚΟΣ ΤΥΠΟΣ Α.Ε.,mt_press
56aba785b74d4b6b8ca9d8fc0adfc7599197c0de,ΗΜΕΡΗΣΙΟΣ ΚΕΦΑΛΟΝΙΑΣ & ΙΘΑΚΗΣ,https://kefalonianmantata.gr/,newspaper,daily,regional,Kefalonia,news,operating,ok,https://www.facebook.com/EfimeridaImerisios/,,,KEFALONEWS ΧΡ. ΠΑΠΑΔΑΤΟΣ,mt_press
d519838e6bad9c1f8f61571374e572983819655d,Η ΜΑΚΕΔΟΝΙΚΗ,https://ptolemaidanews.gr/,newspaper,weekly,regional,Kozani,news,operating,ok,https://www.facebook.com/diafaniaptol/,,,ΕΦΗΜΕΡΙΔΑ ΔΙΑΦΑΝΕΙΑ,mt_press
e4e3d1f0c5b39b461d92d93aa15af3eb3ea7f233,ΑΠΟΓΕΥΜΑΤΙΝΗ,https://www.iapogevmatini.gr/,newspaper,daily,national,Attica,news,operating,ok,https://www.facebook.com/apogevmatini,https://x.com/iapogevmatini,,ΑΠΟΓΕΥΜΑΤΙΝΕΣ ΕΚΔΟΣΕΙΣ MEDIA,mt_press
a21292f04fc4996e58fe80f014ad506c2c756cd2,Θέμα της Χαλκιδικής,https://www.halkidikipost.gr/,newspaper,weekly,regional,Pella,news,operating,ok,https://www.facebook.com/halkidikipost,,https://www.youtube.com/@HalkidikiPost,ΤΥΠΟΕΚΔΟΤΙΚΗ ΟΕ,mt_press
0056aa2d8c4e470e43ca7c8e00fcf870d19c104e,ΧΡΟΝΙΚΑ ΤΗΣ ΔΡΑΜΑΣ,https://xronikadramas.gr/,newspaper,daily,regional,Drama,news,operating,ok,https://www.facebook.com/xronikadramas,https://x.com/xronikadra,https://www.youtube.com/channel/UC81KKSzkm0758HtAgD_wgNg,,mt_press
f0378da379d006a861867ef1569b6b175727f2f3,ΡΕΘΕΜΝΙΩΤΙΚΑ ΝΕΑ,https://rethnea.gr/,newspaper,daily,regional,Rethymno,news,operating,ok,https://www.facebook.com/rethnea/,https://x.com/rethneagr,https://www.youtube.com/@rethemniotika_nea,,mt_press
1f0ac9f610edeab6f277651cad8f6df2562a20db,ΤΟΛΜΗ ΤΗΣ ΘΡΑΚΗΣ,https://xanthi2.gr/,newspaper,weekly,regional,Xanthi,news,operating,ok,https://www.facebook.com/xanthi2.gr/,https://twitter.com/Xanthi2gr,https://www.youtube.com/channel/UC2NZ_f4pJFR2m_rW2H_NFug,ΤΟΛΜΗ ΤΗΣ ΘΡΑΚΗΣ,mt_press
d22692fe4ba3868121cf35a7f6fb923e4dc49d53,Πολίτης,https://www.politischios.gr/,newspaper,weekly,regional,Chios,news,operating,ok,https://www.facebook.com/Politischios.gr,https://x.com/politischios,https://www.youtube.com/user/PolitisDigital,ΠΟΛΙΤΗΣ,mt_press
2f7c8a7a2bfc54580718acdac6a44c1bbea706f6,ΕΝ ΔΗΜΩ Χαλανδρίου,https://www.chalandri.gr/%CE%B4%CE%B7%CE%BC%CE%BF%CF%84%CE%B9%CE%BA%CE%AE-%CE%B5%CE%BD%CE%B7%CE%BC%CE%AD%CF%81%CF%89%CF%83%CE%B7/,newspaper,unknown,regional,Attica,news,operating,ok,https://www.facebook.com/p/%CE%95%CE%9D-%CE%94%CE%97%CE%9C%CE%A9-%CE%A7%CE%B1%CE%BB%CE%B1%CE%BD%CE%B4%CF%81%CE%AF%CE%BF%CF%85-100028131895162/,,,PALCO COMMEDIA-ΠΑΛΚΟ ΚΟΜΜΕΝΤΙΑ ΑΜΚΕ,mt_press
790bd14cae956da0ddcd047e48e8d25d31dc80ba,ΧΙΑΚΟΣ ΛΑΟΣ,https://www.xiakoslaos.gr/,newspaper,weekly,regional,Chios,news,operating,ok,https://www.facebook.com/xiakoslaos/,https://twitter.com/xiakoslaos,https://www.youtube.com/channel/UCvw3XIKyEMbfDOoaADF4v-g,Χιακός Λαός,mt_press
601a7958f1b5e04d2b4e9e9e3c9fa98cedaa4166,ΑΠΟΨΗ ΤΟΥ ΝΟΤΟΥ,https://www.apopsilive.gr/,newspaper,weekly,regional,Iraklio,news,operating,ok,https://www.facebook.com/ApopsiLivegr-620053638146800,https://twitter.com/ApopsiLive,,ΜΑΘΙΟΥΔΑΚΗΣ ΜΕΝΤΙΑ ΑΕ,mt_press
c1d5780525cf99a4fd7f20fd5aa250045608ce93,"εφημερίδα ""ΔΙΑΛΟΓΟΣ""",https://www.trikalaonline.gr/,newspaper,weekly,regional,Trikala,news,operating,ok,https://www.trikalaonline.gr/,,,ΨΗΦΙΔΑ ΜΟΝ. ΙΚΕ,mt_press
c643dca34c191cae21be2f982d1f151fd88e34f2,ΤΥΠΟΣ ΘΕΣΣΑΛΟΝΙΚΗΣ,https://www.typosthes.gr/,newspaper,daily,regional,Thessaloniki,news,operating,ok,https://www.facebook.com/TyposThessalonikis,https://x.com/typosthes,https://www.youtube.com/channel/UC2bNfD28RJ9hFxJv0oCb16g,,mt_press
80b70ba0858f95361743d8bd5b25d681b104aaf8,Η ΑΥΓΗ,https://www.avgi.gr/,newspaper,weekly,regional,Attica,news,operating,ok,https://www.facebook.com/AvgiOnline,https://x.com/AvgiOnline,https://www.youtube.com/user/havgi,Η ΑΥΓΗ ΑΕ,mt_press
25e84ad7ce34e252c00eb0c0f20d69c38b2f1c23,ΚΑΘΗΜΕΡΙΝΗ ΤΗΣ ΚΥΡΙΑΚΗΣ,https://www.kathimerini.gr/,newspaper,unknown,national,Attica,news,operating,ok,https://www.facebook.com/kathimerinigr,https://twitter.com/kathimerini_gr,https://www.youtube.com/c/kathimerini,Η ΚΑΘΗΜΕΡΙΝΗ ΜΟΝΟΠΡΟΣΩΠΗ ΑΝΩΝΥΜΗ ΕΤΑΙΡΕΙΑ,mt_press
f9aa8ccc1f91fd7223f4fcb97505e657ea31b927,Η ΚΑΘΗΜΕΡΙΝΗ,https://www.kathimerini.gr/,newspaper,daily,national,Attica,news,operating,ok,https://www.facebook.com/kathimerinigr,https://x.com/kathimerini_gr,https://www.youtube.com/c/kathimerini,Η ΚΑΘΗΜΕΡΙΝΗ ΜΟΝΟΠΡΟΣΩΠΗ ΑΝΩΝΥΜΗ ΕΤΑΙΡΕΙΑ,mt_press
67a4ef07020650afb589432a01cf8b85e09f7017,ΕΡΜΗΣ ΚΟΖΑΝΗΣ,https://www.media-news.gr/,newspaper,weekly,regional,Grevena,news,operating,ok,https://www.facebook.com/medianews.gr/,,https://www.facebook.com/medianews.gr/,ΠΡΩΙΝΗ,mt_press
14aec894df0e815aaf13446d33936bdd4ab457cf,Η ΠΡΟΟΔΟΣ,https://www.eproodos.gr/,newspaper,daily,regional,Serres,news,operating,ok,https://www.facebook.com/proodosserrwn,http://twitter.com/HProodos,https://www.youtube.com/channel/UC8PseMB0qYIqbYax565yjcA,Η ΠΡΟΟΔΟΣ,mt_press
6da968fc22c1a338550b236abebf21331895b4a9,TODAY FREE PRESS,https://todaypress.gr/,newspaper,weekly,regional,Attica,news,operating,ok,https://www.facebook.com/todaypressgr/,https://x.com/TodayPressGr1,,AG MEDIA M.IKE,mt_press
0ee3328c0c5e249b4e6f6e577451b1dfe039a416,ΕΦΗΜΕΡΙΔΑ ΠΡΩΙΝΟΣ ΛΟΓΟΣ,https://proinoslogosnews.gr,newspaper,daily,regional,Trikala,news,operating,ok,https://www.facebook.com/proinoslogosnews/,,,ΠΡΩΙΝΟΣ ΛΟΓΟΣ,mt_press
f48b4674ff5564dd5a4070638ef6a0165aec7a0f,ΕΦΗΜΕΡΙΔΑ ΟΛΥΜΠΙΟ ΒΗΜΑ,https://olympiobima.gr/,newspaper,daily,regional,Pieria,news,operating,ok,https://www.facebook.com/olympiobima,https://twitter.com/olympiobima,https://www.youtube.com/@Olympio-Bima,,mt_press
6807e0cd979be965ceac8f344420f0dfc3b5059a,ΝΕΑ ΤΗΣ ΠΕΛΛΑΣ,https://neapellas.gr/,newspaper,daily,regional,Pella,news,operating,ok,https://www.facebook.com/p/%CE%9D%CE%AD%CE%B1-%CF%84%CE%B7%CF%82-%CE%A0%CE%AD%CE%BB%CE%BB%CE%B1%CF%82-100063652447979/,,https://www.youtube.com/@NEAPELLAS-TV?app=desktop,ΑΜΚΕ ΕΝΗΜΕΡΩΣΗ ΜΑΚΕΔΟΝΙΑΣ,mt_press
4564aad01e02c083a832805a2b73df4dec5dc4dd,ΦΩΝΗ ΤΗΣ ΦΛΩΡΙΝΗΣ,https://florinapress.gr/,newspaper,weekly,regional,Florina,news,operating,ok,,,,ΦΩΝΗ ΤΗΣ ΦΛΩΡΙΝΗΣ,mt_press
ac191bdfb782c2f8201213713bb16271d1f2acf2,ΣΑΜΙΑΚΟΝ ΒΗΜΑ,https://www.samiakonvima.gr/,newspaper,weekly,regional,Samos,news,operating,ok,https://www.facebook.com/100063650675111/about/,,,ΣΑΜΙΑΚΟΝ ΒΗΜΑ,mt_press
ee872ba06c54f3873b6be3abaff1ca217176ea68,ΑΝΑΤΟΛΗ της ΚΥΡΙΑΚΗΣ,https://www.anatolh.com/,newspaper,weekly,regional,Lasithi,news,operating,ok,https://www.facebook.com/p/anatolhcom-100059272937544,https://x.com/anatolhcom,https://www.youtube.com/@anatolhcom,ΑΝΑΤΟΛΗ,mt_press
9ccba619a0c3a2d1810fd351971d20380a8eef25,Η ΓΝΩΜΗ,https://www.3kalanews.gr/,newspaper,weekly,regional,Karditsa,news,operating,ok,https://www.facebook.com/3kalanews.gr/,,,ORION MEDIA,mt_press
aa9f204d2565393ed2a193980a3637f82f7e2ae0,"ΝΕΑ ΘΕΣΣΑΛΟΝΙΚΗ, ΕΒΔΟΜΑΔΙΑΙΑ ΕΦΗΜΕΡΙΔΑ ΝΟΜΟΥ ΘΕΣΣΑΛΟΝΙΚΗΣ",https://www.neathess.gr/,newspaper,weekly,regional,Serres,news,operating,ok,,,,ΠΛΑΙΣΙΟ ΑΕ,mt_press
0b114b763a27a663caa1e57060050a853b7e7ac9,Η Ώρα της Φωκίδας,https://www.orafok.gr/,newspaper,daily,regional,Fokida,news,operating,ok,,,,Η Ώρα της Φωκίδας,mt_press
150a1cbcd1a1140ea685e81b9cce1efd915e9db3,Parallaxi,https://parallaximag.gr/,newspaper,unknown,regional,Thessaloniki,news,operating,ok,https://www.facebook.com/Parallaximag,https://twitter.com/parallaximag/,,parallaxi,mt_press
f6f528648f028ff257a48b9b408872a8932f95b6,DOCUMENTO,https://www.documentonews.gr/,newspaper,unknown,national,Attica,news,operating,ok,https://www.facebook.com/documentonews.gr,https://x.com/documentonews,https://www.youtube.com/c/DocumentoTv,DOCUMENTO MEDIA,mt_press
e46fee5267184b6ad49c5864f91e9016ea06881f,ΑΝΑΤΟΛΗ,https://www.anatolh.com/,newspaper,daily,regional,Lasithi,news,operating,ok,https://www.facebook.com/p/anatolhcom-100059272937544,https://x.com/anatolhcom,https://www.youtube.com/@anatolhcom,ΑΝΑΤΟΛΗ,mt_press
97c52e970f5785eeceef74342396c1c7cf242ca5,Η ΠΡΩΙΝΗ ΓΝΩΜΗ,https://gnomip.gr/,newspaper,daily,regional,Achaia,news,operating,ok,https://www.facebook.com/efimeridagnomipatron,https://x.com/gnomipatron,https://www.youtube.com/channel/UCbTKj4pxOpbNV87XpxR9lww?view_as=subscriber,ΓΝΩΜΗ,mt_press
3318e3ca122a24628d64f8c9d5b23f69b0868b93,Η ΓΝΩΜΗ,http://gnomip.gr,newspaper,weekly,regional,Achaia,news,operating,ok,https://www.facebook.com/%CE%95%CF%86%CE%B7%CE%BC%CE%B5%CF%81%CE%AF%CE%B4%CE%B1-%CE%93%CE%BD%CF%8E%CE%BC%CE%B7-%CE%A0%CE%B1%CF%84%CF%81%CF%8E%CE%BD-990999944244146,https://twitter.com/gnomipatron,https://www.youtube.com/channel/UCbTKj4pxOpbNV87XpxR9lww?view_as=subscriber,ΓΝΩΜΗ,mt_press
da15f3b87ca0463a6a369f60ea392a47d60d0e6f,ΠΑΛΜΟΣ ΤΗΣ ΓΛΥΦΑΔΑΣ,https://www.palmos-glyfada.gr/,newspaper,weekly,regional,Attica,news,operating,ok,https://www.facebook.com/palmosglyfadas/?locale=el_GR,https://x.com/PalmosGlyfada,https://www.youtube.com/@palmosnews,,mt_press
a57069b2ad61da4ae466c18038d0b617514ddcd0,ΚΥΡΙΑΚΑΤΙΚΗ ΔΗΜΟΚΡΑΤΙΑ,https://www.dimokratia.gr/,newspaper,unknown,national,Attica,news,operating,ok,https://www.facebook.com/dimokratianews.gr/,https://x.com/DimokratiaGr,https://www.youtube.com/channel/UCoWBLdXOq47P75wz63fyu5w,ΔΗΜΟΚΡΑΤΙΚΗ ΕΝΗΜΕΡΩΣΗ Α.Ε.,mt_press
daa2b9e2f161c952459b3608b8d65884a4c2df5c,ΔΗΜΟΚΡΑΤΙΑ,https://www.dimokratia.gr/,newspaper,daily,national,Attica,news,operating,ok,https://www.facebook.com/dimokratianews.gr/,https://x.com/DimokratiaGr,https://www.youtube.com/channel/UCoWBLdXOq47P75wz63fyu5w,ΔΗΜΟΚΡΑΤΙΚΗ ΕΝΗΜΕΡΩΣΗ Α.Ε.,mt_press
660d24050df4ed99465837dcbc6efaf8142f6553,"ΕΒΔΟΜΑΔΙΑΙΑ ΕΦΗΜΕΡΙΔΑ ""ηχώ"" ΦΛΩΡΙΝΑΣ",https://echoflorina.gr/,newspaper,weekly,regional,Florina,news,operating,ok,https://facebook.com/ixoflorinas,,https://youtube.com/ixoflo,"""ηχώ"" Φλώρινας",mt_press
265b377f29a78498a8491bed9a6dc7392b8864f2,ΕΦΗΜΕΡΙΔΑ ΠΟΛΙΤΙΚΑ,https://www.politikalesvos.gr/,newspaper,weekly,regional,Lesvos,news,operating,ok,https://www.facebook.com/politika.lesvos,,https://www.youtube.com/@%CE%95%CF%86%CE%B7%CE%BC%CE%B5%CF%81%CE%AF%CE%B4%CE%B1%CE%A0%CE%BF%CE%BB%CE%B9%CF%84%CE%B9%CE%BA%CE%AC,ΕΦΗΜΕΡΙΔΑ ΠΟΛΙΤΙΚΑ,mt_press
3bdcd569c7d763681c0f71853649be89307d2150,ΑΤΤΙΚΟ ΒΗΜΑ,https://www.attikovima.gr/,newspaper,weekly,regional,Attica,news,operating,ok,https://facebook.com/attikovima,https://twitter.com/attikovima,,ΑΤΤΙΚΟ ΒΗΜΑ MEDIA GROUP ΜΟΝ.Ι.Κ.Ε.,mt_press
c22e2fcf5f020106601442885fa3f701bff82211,ΣΥΝΕΙΔΗΣΗ,https://sinidisi.gr/,newspaper,daily,regional,Aitoloakarnania,news,operating,ok,https://www.facebook.com/sinidisigr,https://x.com/esinidisi,https://www.youtube.com/channel/UCl5ZiE8q1Ki9st72zzvq3aQ,ΣΥΝΕΙΔΗΣΗ ΑΕ,mt_press
7a4df320c15297426819fa795199ca3c3e74ecd3,ΗΜΕΡΗΣΙΟΣ ΤΗΣ ΑΧΑΪΑΣ,https://matchnews.gr/,newspaper,daily,regional,Achaia,news,operating,ok,http://www.facebook.com/matchnews.gr,http://www.twitter.com/matchaxaias,,ΗΜΕΡΗΣΙΟΣ ΤΗΣ ΑΧΑΪΑΣ,mt_press
8a20f8d831a446eb365fed0fde0b50abd9adf150,ΧΑΝΙΩΤΙΚΑ ΝΕΑ,https://www.haniotika-nea.gr/,newspaper,daily,regional,Chania,news,operating,ok,https://www.facebook.com/haniotika.nea,https://twitter.com/HaniotikaNea,,ΧΑΝΙΩΤΙΚΑ ΝΕΑ,mt_press
bd4f4fe93037a1c981a7e5cc84d7deda99deec3f,ΕΒΔΟΜΑΔΙΑΙΑ ΕΦΗΜΕΡΙΔΑ ΤΟ ΠΟΝΤΙΚΙ,https://www.topontiki.gr/,newspaper,unknown,national,Attica,news,operating,ok,https://www.facebook.com/topontiki,https://twitter.com/topontiki,https://www.youtube.com/user/topontiki,ΤΟ ΠΟΝΤΙΚΙ,mt_press
74864da191fcd1140f7d7c9e33afd9b134ed46b9,CORFUPRESS.COM,https://www.corfupress.com/,newspaper,weekly,regional,Corfu,news,operating,ok,https://www.facebook.com/CorfuPress.com.Official/,https://x.com/corfupress,https://www.youtube.com/channel/UC38lHlcs0lAuvTghuS7Vd3Q,,mt_press
74ede3f99082c48f6a185dd7768e1780f37a2ff6,ΦΩΝΗ ΤΗΣ ΚΟΡΙΝΘΙΑΣ,https://www.fonikor.gr/,newspaper,weekly,regional,Corinthia,news,operating,ok,,,,ΦΩΝΗ ΤΗΣ ΚΟΡΙΝΘΙΑΣ,mt_press
963552bdbcca3b4bf07632a46e5d1999aee92a29,ΑΜΑΡΥΣΙΑ,https://amarysia.gr/,newspaper,weekly,regional,Attica,news,operating,ok,https://www.facebook.com/amarysia.gr/,,,,mt_press
1a63d45bbb2078c4c603659aa1d99705f6078907,ΕΔΕΣΣΑΪΚΗ,https://edessaiki.gr/,newspaper,weekly,regional,Pella,news,operating,ok,http://facebook.com/edessaikigr,https://twitter.com/edessaiki,http://youtube/,BAΓΟΥΡΔΗΣ MEDIA GROUP IKE,mt_press
277f5567e5073d603d7b00cd218baa72ce90b78d,"ΕΛΕΥΘΕΡΟ ΒΗΜΑ, ΚΑΘΗΜΕΡΙΝΗ ΠΟΛΙΤΙΚΗ ΕΦΗΜΕΡΙΔΑ ΝΟΜΟΥ ΣΕΡΡΩΝ",https://www.evimaserres.gr/,newspaper,daily,regional,Serres,news,operating,ok,https://www.facebook.com/evimagr1/,https://x.com/vimaserres,https://www.youtube.com/channel/UC-tTWrOdGuMsVR8Rt0Omqbg,ΕΛΕΥΘΕΡΟ ΒΗΜΑ,mt_press
ff8e9e45f3b8e63750a09327adb5683ccc4a87c5,ΕΦΗΜΕΡΙΔΑ ΘΑΡΡΟΣ ΚΟΖΑΝΗΣ,https://tharos.gr/,newspaper,daily,regional,Pieria,news,operating,ok,https://www.facebook.com/tharos.gr/,https://x.com/tharosdytmak,https://www.youtube.com/@Tharos-Kozani,,mt_press
a6d86937a12361c08234291c2e1777910673bf05,ΝΕΟΣ ΑΓΩΝ ΤΗΣ ΔΕΥΤΕΡΑΣ,https://neosagon.gr/,newspaper,weekly,regional,Karditsa,news,operating,ok,https://www.facebook.com/neosagon.gr/,https://x.com/NeosAgon,https://www.youtube.com/channel/UCF7SZ_soyeRlqhWXGEqO87Q/videos,Γ ΑΛΕΞΙΟΥ ΑΕ,mt_press
d8848298ae773804b1045d926ea113845d1013b7,ΝΕΟΣ ΑΓΩΝ,https://neosagon.gr/,newspaper,daily,regional,Karditsa,news,operating,ok,https://www.facebook.com/neosagon.gr/,https://x.com/NeosAgon,https://www.youtube.com/channel/UCF7SZ_soyeRlqhWXGEqO87Q/videos,Γ ΑΛΕΞΙΟΥ ΑΕ,mt_press
b2d20075c2a7db93346afda20702b95a57d6c5e1,ΑΘΜΟΝΙΟΝ ΒΗΜΑ,https://athmonionvima.gr/,newspaper,weekly,regional,Attica,news,operating,ok,https://www.facebook.com/athmonionvima.gr,,https://www.youtube.com/@%CE%91%CE%98%CE%9C%CE%9F%CE%9D%CE%99%CE%9F%CE%9D%CE%92%CE%97%CE%9C%CE%91,ΑΘΜΟΝΙΟΝ ΒΗΜΑ,mt_press
47941cc09d8336c7f85207a7dbeed2307bb84096,ΑΘΗΝΑΪΚΟΣ ΤΥΠΟΣ,https://athinaikos-typos.gr/,newspaper,daily,regional,Attica,news,operating,ok,https://www.facebook.com/AthinaikosTypos/,,,,mt_press
134f196950eae7a1db0b7ceb9919736c268490f0,ΜΑΧΗΤΗΣ ΑΡΤΑΣ,https://maxitisartas.gr/,newspaper,daily,regional,Arta,news,operating,ok,https://www.facebook.com/maxitis.artas/,,,ΜΑΧΗΤΗΣ ΚΑΘΗΜΕΡΙΝΗ ΕΦΗΜΕΡΙΔΑ ΤΗΣ ΑΡΤΑΣ,mt_press
08c1073fd83a659ff8c7aa39aa2afabc52e62de4,ΤΟΠΙΚΗ ΦΩΝΗ ΠΡΕΒΕΖΑΣ,https://topikifoni.gr/,newspaper,daily,regional,Preveza,news,operating,ok,https://www.facebook.com/topikifoni,https://twitter.com/topikifoni,https://www.youtube.com/channel/UCghFBA4NSOSyebo9swV6iFA,ΒΑΣΙΛΙΚΗ ΖΕΡΒΑ,mt_press
933d5da8648b431b17d8a74106c604a1fa3f3835,ΠΡΩΙΝΟΣ ΛΟΓΟΣ ΙΩΑΝΝΙΝΩΝ,https://proinoslogos.gr/,newspaper,daily,regional,Ioannina,news,operating,ok,https://www.facebook.com/proinoslogos/?locale=el_GR,https://x.com/proinoslogosgr,,ΠΡΩΙΝΟΣ ΛΟΓΟΣ,mt_press
7f0b3b645dc58232e2e0c289cbfd9ea61a4a7953,"""ΠΑΛΜΟΣ""",https://palmosnews.gr/,newspaper,weekly,regional,Attica,news,operating,ok,https://www.facebook.com/Palmosnews/,https://x.com/Palmosnews,,"""ΠΑΛΜΟΣ""",mt_press
6dae876f593f0def9e3cd32a060ae470cd4dd312,ΔΗΜΟΚΡΑΤΗΣ,https://www.dimokratis.gr/,newspaper,daily,regional,Lesvos,news,operating,ok,https://www.facebook.com/pages/%CE%95%CE%A6%CE%97%CE%9C%CE%95%CE%A1%CE%99%CE%94%CE%91-%CE%94%CE%97%CE%9C%CE%9F%CE%9A%CE%A1%CE%91%CE%A4%CE%97%CE%A3/189699401059919,,,ΔΗΜΟΚΡΑΤΗΣ,mt_press
892667431c279dc472a96ad33c397aa12a591647,Ερμής. Ανεξάρτητη Καθημερινή Εφημερίδα,https://ermisnews.gr/,newspaper,daily,regional,Zakynthos,news,operating,ok,https://www.facebook.com/ermisnews.gr/,https://twitter.com/ermisnewsgr,https://www.youtube.com/user/ermiszak,Ερμής ΑΕ,mt_press
1b0264006d8ef87c94b4d406795d74418575570b,ΤΑΧΥΔΡΟΜΟΣ ΤΗΣ ΜΑΓΝΗΣΙΑΣ,https://www.taxydromos.gr/,newspaper,daily,regional,Magnesia,news,operating,ok,https://www.facebook.com/taxydromos,https://twitter.com/taxydromosvolos?lang=el,,ΜΟΝΟΤΥΠΙΑ ΙΚΕ,mt_press
b15f19818fd096e4d5a2ece4e4f7ada30f03c14c,ΜΑΚΕΔΟΝΙΑ ΤΗΣ ΚΥΡΙΑΚΗΣ,https://www.emakedonia.gr/,newspaper,weekly,regional,Thessaloniki,news,operating,ok,https://www.facebook.com/emakedonia,https://x.com/makedonia_efim,https://www.youtube.com/@%CE%95%CF%86%CE%B7%CE%BC%CE%B5%CF%81%CE%AF%CE%B4%CE%B1%CE%9C%CE%B1%CE%BA%CE%B5%CE%B4%CE%BF%CE%BD%CE%AF%CE%B1-%CE%BA4%CE%BB,ΜΑΚΕΔΟΝΙΑ ΑΕ,mt_press
053f3aa551801f743ea3f6ea4c90e4a01b9bff6a,Η ΚΕΡΚΥΡΑ ΣΗΜΕΡΑ,https://www.kerkyrasimera.gr/,newspaper,daily,regional,Corfu,news,operating,ok,https://www.facebook.com/kerkyrasimera/,https://x.com/corfunewspaper?mx=2,https://www.youtube.com/@corfunewspaper2803,Η ΚΕΡΚΥΡΑ ΣΗΜΕΡΑ,mt_press
6c92fe4363b27899af77f5badb9b392f88733536,ΗΠΕΙΡΩΤΙΚΟΣ ΑΓΩΝ,https://www.agon.gr/,newspaper,daily,regional,Ioannina,news,operating,ok,https://www.facebook.com/ipirotikosagon/,https://twitter.com/agongr,,ΗΠΕΙΡΩΤΙΚΟΣ ΑΓΩΝ,mt_press
eb440f072d96331455cfa2f857dc3895e7775b95,ΑΡΓΟΛΙΚΗ ΑΝΑΠΤΥΞΗ,https://argolikianaptiksi.gr/,newspaper,weekly,regional,Argolida,news,operating,ok,https://www.facebook.com/argolikianaptiksi/,https://twitter.com/prooptiki?lang=el,,ΑΡΓΟΛΙΚΗ ΑΝΑΠΤΥΞΗ,mt_press
277d12af095499b98d8fdf878e02d94949346138,ΚΡΗΤΙΚΗ ΕΠΙΘΕΩΡΗΣΗ,https://www.kritep.gr/,newspaper,daily,regional,Rethymno,news,operating,ok,https://www.facebook.com/pages/%CE%9A%CF%81%CE%B7%CF%84%CE%B9%CE%BA%CE%AE-%CE%95%CF%80%CE%B9%CE%B8%CE%B5%CF%8E%CF%81%CE%B7%CF%83%CE%B7/212198699244342/?_rdr,,,,mt_press
a523ffbe0efcdba46c7a5251c284e270fb1badfb,ΚΑΘΗΜΕΡΙΝΟΣ ΠΑΡΑΤΗΡΗΤΗΣ,https://www.serresparatiritis.gr/,newspaper,daily,regional,Serres,news,operating,ok,https://www.facebook.com/Paratiritisserres/,,,ΚΑΘΗΜΕΡΙΝΟΣ ΠΑΡΑΤΗΡΗΤΗΣ,mt_press
88545f1c594e93ee0b8a73ef2265dc9bcc3ae49e,ΣΕΝΤΡΑ,http://sentranews.gr,newspaper,weekly,regional,Kastoria,news,operating,ok,https://www.facebook.com/sentrakastoria,,https://www.youtube.com/channel/UCg4lFAhZVq_VYtZKhhUlsEA,ΣΕΝΤΡΑ,mt_press
a5e86205855282dbb574de61e51a1f16ee30f9a8,Εβδόμη της Ανατολικής Αττικής,https://www.ebdomi.com/,newspaper,weekly,regional,Attica,news,operating,ok,https://www.facebook.com/ebdomi/,https://x.com/ebdomi,,Εκδόσεις Σκαραβαίος,mt_press
9cad0281f14da649d92be303afbaffced3fd5cf0,ΠΑΤΡΙΣ ΗΡΑΚΛΕΙΟΥ,https://www.patris.gr/,newspaper,daily,regional,Iraklio,news,operating,ok,https://www.facebook.com/patris.gr,https://twitter.com/patrisnewspaper,https://www.youtube.com/channel/UC1WoZLblt0Wq6yJ96NyQjww,ΠΑΤΡΙΣ,mt_press
b0f573b36f341921ea4362deb4c5cba780fc9e65,ΝΕΑ ΤΗΣ ΒΟΙΩΤΙΑΣ,https://neatisviotias.gr/,newspaper,daily,regional,Boeotia,news,operating,ok,https://www.facebook.com/nea.viotias.9/,,,ΝΕΑ ΤΗΣ ΒΟΙΩΤΙΑΣ,mt_press
2bb8b6baabf1da16866b220ec234ce62adbae7eb,REALNEWS,https://www.real.gr/,newspaper,unknown,national,Attica,news,operating,ok,https://facebook.com/RealGroupGreece,https://twitter.com/RealGroupGreece,https://www.youtube.com/user/Realgrportal,REALNEWS,mt_press
c5e1fb80e7ec8547a3b9b20f32bf47a30ae01f0a,ΝΕΑ ΕΓΝΑΤΙΑ,https://www.neaegnatia.eu/,newspaper,daily,regional,Kavala,news,operating,ok,,,,Alpha Media Group,mt_press
809e3195fceb230bb1eaa21b6e284c6e7693b25f,Η ΦΩΝΗ ΤΗΣ ΒΙΣΑΛΤΙΑΣ,https://www.foni-visaltias.gr/,newspaper,weekly,regional,Serres,news,operating,ok,https://www.facebook.com/p/%CE%97-%CE%A6%CF%89%CE%BD%CE%AE-%CF%84%CE%B7%CF%82-%CE%92%CE%B9%CF%83%CE%B1%CE%BB%CF%84%CE%AF%CE%B1%CF%82-100063649294896/,,,Η ΦΩΝΗ ΤΗΣ ΒΙΣΑΛΤΙΑΣ,mt_press
eb8d9a1046b7d2ee9aed25ca6ab601be82aae1e0,ΠΡΩΙΝΗ,https://www.proininews.gr/,newspaper,daily,regional,Kavala,news,operating,ok,https://www.facebook.com/proiniefimerida,https://twitter.com/proininews,,ΛΟΓΟΣ ΑΕΕ,mt_press
d60c00ee78c30526255405dcf90e7f019a1f146e,Εργασία... συν,https://www.facebook.com/ergasia.syn/,newspaper,weekly,regional,Drama,news,operating,ok,https://www.facebook.com/ergasia.syn/,,,εργασία... συν,mt_press
a25662812638b0adf005c9aa7c4e49640a2be1f6,Η ΘΕΣΣΑΛΟΝΙΚΗ ΣΗΜΕΡΑ,https://thessimera.gr/,newspaper,daily,regional,Serres,news,operating,ok,https://www.facebook.com/ThessToday/photos/,,,Η ΘΕΣΣΑΛΟΝΙΚΗ ΣΗΜΕΡΑ,mt_press
f297c881d6230fb634544a8e42c71321f5711b48,Ρέθεμνος εβδομαδιαία εφημερίδα,https://www.rethemnosnews.gr/,newspaper,weekly,regional,Rethymno,news,operating,ok,https://www.facebook.com/rethemnosnews,https://twitter.com/rethnews,https://www.youtube.com/channel/UCkPwKrdzEp0Aulj_QdxE1AQ,Ρέθεμνος,mt_press
9b055294239fa466fcf1a0cdf9a0fa8bb0a790ce,ΕΦΗΜΕΡΙΔΑ « Η ΓΝΩΜΗ»,https://www.gnomionline.gr/,newspaper,daily,regional,Evros,news,operating,ok,https://www.facebook.com/gnomionline/,,,Η ΓΝΩΜΗ,mt_press
40cb48f31e5a1162dc3f30ad244bea5f9d906fc2,ΕΠΙΚΑΙΡΟΤΗΤΑ ΔΥΤΙΚΗΣ ΑΤΤΙΚΗΣ,https://epikairotita-news.gr/,newspaper,daily,regional,Attica,news,operating,ok,https://www.facebook.com/p/%CE%95%CF%80%CE%B9%CE%BA%CE%B1%CE%B9%CF%81%CF%8C%CF%84%CE%B7%CF%84%CE%B1-%CE%94%CF%85%CF%84%CE%B9%CE%BA%CE%AE%CF%82-%CE%91%CF%84%CF%84%CE%B9%CE%BA%CE%AE%CF%82-100028578503511/?locale=el_GR,,,ΕΠΙΚΑΙΡΟΤΗΤΑ ΔΥΤΙΚΗΣ ΑΤΤΙΚΗΣ,mt_press
992b18042fa90ce0a23ecd9771c97c7d5baf0981,ΕΦΗΜΕΡΙΔΑ KARFITSA,https://www.karfitsa.gr/,newspaper,weekly,regional,Attica,news,operating,ok,https://www.facebook.com/karfitsa.gr/,https://twitter.com/karfitsagr/,https://www.youtube.com/channel/UCuvE65yru0laOaFLZedwTHQ/,N.K. MEDIA GROUP Ε.Π.Ε.,mt_press
b0badb88afec63f99ad92083333b98ebcc7548f2,ΕΦΗΜΕΡΙΔΑ ΕΜΠΡΟΣ,https://www.emprosnet.gr/,newspaper,weekly,regional,Lesvos,news,operating,ok,https://www.facebook.com/emprosnet/,,https://www.youtube.com/channel/UCt2TvXb-D_ID-ILOI15QOVg,ΕΜΠΡΟΣ,mt_press
059bf10d17bc6068b0995ba335874a19e3a6e2b0,ΔΕΥΤΕΡΙΑΤΙΚΗ ΠΡΩΙΝΗ,https://www.proininews.gr/,newspaper,weekly,regional,Kavala,news,operating,ok,https://www.facebook.com/proiniefimerida,https://twitter.com/proininews,,ΛΟΓΟΣ ΑΕΕ,mt_press
4c834587f8df0232c01a3e385933595a56413657,ΤΟ ΒΗΜΑ ΤΗΣ ΚΩ,https://vimatisko.gr/,newspaper,weekly,regional,Dodecanese,news,operating,ok,https://www.facebook.com/vimatisko,https://x.com/vimatisko,https://www.youtube.com/channel/UCVYb4giPl7rDdNZtwh2tu9w,ΤΟ ΒΗΜΑ ΤΗΣ ΚΩ,mt_press
5ae485065a05044fa44cc884608a7ed9dbd4b8ba,ΕΛΕΥΘΕΡΙΑ ΤΗΣ ΔΕΥΤΕΡΑΣ,https://eleftheriaonline.gr/,newspaper,weekly,regional,Messinia,news,operating,ok,https://www.facebook.com/eleftheriaonline,https://x.com/eleftherianews,https://www.youtube.com/user/Eleftheriaonline,ΕΛΕΥΘΕΡΙΑ ΕΚΔΟΤΙΚΗ ΑΕ,mt_press
a393b282d9654d55b9e7c1bbd3f591b46297bb41,ΕΛΕΥΘΕΡΙΑ,https://eleftheriaonline.gr/,newspaper,daily,regional,Messinia,news,operating,ok,https://www.facebook.com/eleftheriaonline,https://x.com/eleftherianews,https://www.youtube.com/user/Eleftheriaonline,ΕΛΕΥΘΕΡΙΑ ΕΚΔΟΤΙΚΗ ΑΕ,mt_press
bf35003759cd3985e2da9dae1bc6f920eb738167,ΕΥΡΥΤΑΝΙΚΑ ΝΕΑ,https://evrytanika.gr/,newspaper,weekly,regional,Evrytania,news,operating,ok,https://www.facebook.com/evrytanikanews,,https://www.youtube.com/evrytanika,ΕΥΡΥΤΑΝΙΚΑ ΝΕΑ,mt_press
b8e8a8170209fef9f2430d7e5a72a3d70b44f000,ΣΥΜΒΟΥΛΟΣ ΕΠΙΧΕΙΡΗΣΕΩΝ,https://www.symboulos.gr/,newspaper,weekly,regional,Achaia,news,operating,ok,https://www.facebook.com/Symboulos.gr,,,ΣΥΜΒΟΥΛΟΣ ΕΕ,mt_press
85a6a2a527a75b0d4336cdbd4d10c6715ccd9fcf,ΜΠΑΜ ΣΤΟ ΡΕΠΟΡΤΑΖ,https://www.empam.gr/,newspaper,unknown,national,Attica,news,operating,ok,https://www.facebook.com/efmpam/?locale=el_GR,https://x.com/Mpamnews,https://www.youtube.com/playlist?list=PL_0TCbexqUswKGdpfUVqD0x7BoZDELnR7,MPAM MEDIA M. I.K.E,mt_press
1542c258762784747b3b69e8d6e38663b79f3792,ΣΕΛΙΝΙΩΤΙΚΑ ΝΕΑ,https://kriti360.gr/,newspaper,weekly,regional,Chania,news,operating,ok,https://www.facebook.com/kriti360.gr/,https://twitter.com/kriti360g?lang=el,https://www.youtube.com/channel/UCLcDyWkzJeGBo7-tHETMdpA,ΤΑ ΣΕΛΙΝΙΩΤΙΚΑ ΝΕΑ,mt_press
380603de0f5f9955866d78fed650636c65c7dbd5,Ο ΠΟΛΙΤΗΣ,https://opolitis.gr,newspaper,weekly,regional,Imathia,news,operating,ok,https://www.facebook.com/%CE%9F-%CE%A0%CE%9F%CE%9B%CE%99%CE%A4%CE%97%CE%A3gr-73059803703/,,,"ΕΦΗΜΕΡΙΔΑ ""Ο ΠΟΛΙΤΗΣ"" - ΤΥΠΟΓΡΑΦΕΙΟ",mt_press
61ff821c687f0f5435fd371b395fdad07e090239,ΕΦΗΜΕΡΙΔΑ ΠΡΩΤΟ ΘΕΜΑ,https://www.protothema.gr/,newspaper,unknown,national,Attica,news,operating,ok,https://www.facebook.com/protothemagr/?ref=ts,https://x.com/protothema,https://www.youtube.com/@ProtoThemaEidiseis,ΠΡΩΤΟ ΘΕΜΑ,mt_press
78d03620b39e18d2ce7f8d438884a870a210a0b8,Ο ΕΥΡΥΤΑΝΙΚΟΣ ΠΑΛΜΟΣ,https://www.evrytanikospalmos.gr/,newspaper,weekly,regional,Evrytania,news,operating,ok,https://www.facebook.com/evrytanikospalmos.gr/?fref=ts,,,Ο ΕΥΡΥΤΑΝΙΚΟΣ ΠΑΛΜΟΣ,mt_press
e7736c1f39928ad845efe5567f4c08ea14788189,ΕΦΗΜΕΡΙΔΑ ΝΕΑ ΚΡΗΤΗ,https://www.neakriti.gr/,newspaper,daily,regional,Iraklio,news,operating,ok,https://www.facebook.com/neakritigr,https://twitter.com/neakritigr,https://www.youtube.com/c/NeakritiGr-News,,mt_press
871f822ddbe53606e4d13cea4b9df55f8597414f,DEAL NEWS,https://www.dealnews.gr/,newspaper,unknown,national,Attica,news,operating,ok,https://www.facebook.com/dealnewsonline,https://x.com/dealnewsgr1,https://www.youtube.com/channel/UCYYxGqkVjRc3qKeap_rKYcw,BUSINESS PUBLICATIONS,mt_press
93ad2a1163e45e514e2af28a712d8b96553b8890,ΕΚΔΟΣΙΣ ΤΗΣ ΚΥΡΙΑΚΗΣ - ΕΣΤΙΑ,https://www.estianews.gr/,newspaper,unknown,national,Attica,news,operating,ok,https://www.facebook.com/EfimeridaEstia,https://x.com/EfimeridaEstia,https://www.youtube.com/channel/UCOzKXfCoH-7wcLfK5DUVJ_g,ΕΦΗΜΕΡΙΣ ΕΣΤΙΑ,mt_press
63c455478a9faa336f4866b7148501bbfc42efb6,ΕΦΗΜΕΡΙΔΑ ΤΑ ΝΕΑ ΤΗΣ ΛΕΣΒΟΥ,https://nealesvou.gr/,newspaper,daily,regional,Lesvos,news,operating,ok,https://www.facebook.com/nealesvou/,,https://www.youtube.com/@nealesvou2963,ΝΕΑ ΤΗΣ ΛΕΣΒΟΥ,mt_press
4f6e6497ed9dde9bbc689359937b08597d0ded87,ΕΣΤΙΑ,https://www.estianews.gr/,newspaper,daily,national,Attica,news,operating,ok,https://www.facebook.com/EfimeridaEstia,https://x.com/EfimeridaEstia,https://www.youtube.com/channel/UCOzKXfCoH-7wcLfK5DUVJ_g,ΕΦΗΜΕΡΙΣ ΕΣΤΙΑ,mt_press
5eb6e3a8844526f8445be4c71e1c26009052bbbc,Ο ΛΟΓΟΣ ΤΩΝ ΚΥΚΛΑΔΩΝ,https://www.logotypos.gr/,newspaper,weekly,regional,Cyclades,news,operating,ok,https://www.facebook.com/logotypos/,https://twitter.com/LogotyposGr,https://www.youtube.com/channel/UChmHLRA96Rl3d-GwSRFcfCg/videos,Ο ΛΟΓΟΣ ΤΩΝ ΚΥΚΛΑΔΩΝ,mt_press
6ded454b32df61379030055b17b2e150a2551218,ΣΤΑΘΜΟΣ ΣΤΗΝ ΕΝΗΜΕΡΩΣΗ,https://stathmosnet.gr/,newspaper,weekly,regional,Dodecanese,news,operating,ok,https://www.facebook.com/stathmosnet,https://twitter.com/stathmosnet,,ΣΤΑΘΜΟΣ ΣΤΗΝ ΕΝΗΜΕΡΩΣΗ,mt_press
3609df753481c3a26c570ee639eaa00c2557c297,Η ΦΩΝΗ ΤΩΝ ΠΕΙΡΑΙΩΤΩΝ,https://fonipeiraioton.gr/,newspaper,weekly,regional,Attica,news,operating,ok,,,,Η ΦΩΝΗ ΤΩΝ ΠΕΙΡΑΙΩΤΩΝ,mt_press
8b85c671e4d7ef3117947c993cc9539e829f02fd,ΑΓΩΝΑΣ,https://agonas.gr/,newspaper,daily,regional,Xanthi,news,operating,ok,,,,ΘΡΑΚΙΚΟΣ ΑΓΩΝΑΣ,mt_press
a9675b2d0ee44943fbbcd6ae11974bd00a081103,7 ΜΕΡΕΣ,https://www.proinanea.gr/,newspaper,weekly,regional,Ioannina,news,operating,ok,,,,ΠΡΩΙΝΑ ΝΕΑ -7 ΜΕΡΕΣ,mt_press
7914e8f368cdb59806faa18c62f2721a6585de6d,ΘΡΑΚΙΚΗ ΑΓΟΡΑ,https://www.komotini24.gr/,newspaper,weekly,regional,Rodopi,news,operating,ok,https://www.facebook.com/komotini24/?locale=el_GR,https://x.com/komotini24?lang=en,,ΚΩΝΣΤΑΝΤΙΝΟΣ Γ. ΜΑΥΡΟΜΑΤΗΣ,mt_press
dc2a763dc042deecdcb4270cd557e32378ebceca,ΕΦΗΜΕΡΙΔΑ ΠΑΤΡΙΣ,https://www.patris.gr/,newspaper,daily,regional,Ilia,news,operating,ok,https://www.facebook.com/patris.gr,https://twitter.com/patrisnewspaper,https://www.youtube.com/channel/UC1WoZLblt0Wq6yJ96NyQjww,ΠΑΤΡΙΣ,mt_press
58f60ce1f4f31ae4c60e5bd33200bc024df96375,ΠΑΤΡΙΣ ΤΗΣ ΔΕΥΤΕΡΑΣ,https://www.patris.gr/,newspaper,weekly,regional,Ilia,news,operating,ok,https://www.facebook.com/patris.gr,https://twitter.com/patrisnewspaper,https://www.youtube.com/channel/UC1WoZLblt0Wq6yJ96NyQjww,ΠΑΤΡΙΣ,mt_press
439feb8bec5c20a655c6d0bb8e06e820e612ccd6,ΕΛΕΥΘΕΡΙΑ ΗΠΕΙΡΟΥ,https://www.ele.gr/,newspaper,daily,regional,Ioannina,news,operating,ok,,,,ΕΛΕΥΘΕΡΙΑ ΗΠΕΙΡΟΥ,mt_press
92253d3cd2841e73903b5035deab87d6522e5422,ΠΡΩΤΗ ΤΗΣ ΗΛΕΙΑΣ Α.Ε,https://www.protinews.com.gr/,newspaper,daily,regional,Ilia,news,operating,ok,https://www.facebook.com/proti.news/,,,ΠΡΩΤΗ ΤΗΣ ΗΛΕΙΑΣ ΑΕ,mt_press
632f4c25eece06a76b2a002e1651d8329a3be8cf,Η ΕΠΙΚΑΙΡΟΤΗΤΑ της ΚΥΡΙΑΚΗΣ,https://epikairotita.info/,newspaper,weekly,regional,Karditsa,news,operating,ok,https://www.facebook.com/people/%CE%95%CF%80%CE%B9%CE%BA%CE%B1%CE%B9%CF%81%CF%8C%CF%84%CE%B7%CF%84%CE%B1-%CE%9A%CE%B1%CF%81%CE%B4%CE%AF%CF%84%CF%83%CE%B1%CF%82/100063281706579/,,,,mt_press
8265153fc9c20bb88d64284512bfb950d3ba9f0f,Η ΕΠΙΚΑΙΡΟΤΗΤΑ της ΚΑΡΔΙΤΣΑΣ,https://epikairotita.info/,newspaper,daily,regional,Karditsa,news,operating,ok,https://www.facebook.com/people/%CE%95%CF%80%CE%B9%CE%BA%CE%B1%CE%B9%CF%81%CF%8C%CF%84%CE%B7%CF%84%CE%B1-%CE%9A%CE%B1%CF%81%CE%B4%CE%AF%CF%84%CF%83%CE%B1%CF%82/100063281706579/,,,,mt_press
b697df8e899d6744e82b0210c3f6a005016f7629,Σέντρα,https://www.sterea.gr/index.php/home,newspaper,weekly,regional,Fthiotida,news,operating,ok,,,,ΕΚΔΟΤΙΚΗ ΤΗΛΕΟΠΤΙΚΗ ΑΕ,mt_press
8e228f4c0fb97d5531f175bd236b72d1141b3caa,ΠΡΩΙΝΟΣ ΛΟΓΟΣ της ΔΕΥΤΕΡΑΣ,https://proinoslogos.gr/,newspaper,weekly,regional,Ioannina,news,operating,ok,https://www.facebook.com/proinoslogos/?locale=el_GR,https://x.com/proinoslogosgr,,ΠΡΩΙΝΟΣ ΛΟΓΟΣ,mt_press
88da1a91c808a89323bc91232aebd4904553a15a,ΕΦΗΜΕΡΙΔΑ Ο ΧΡΟΝΟΣ ΚΟΖΑΝΗΣ,https://xronos-kozanis.gr/,newspaper,daily,regional,Kozani,news,operating,ok,https://www.facebook.com/xronoskozanis/,,https://www.youtube.com/channel/UCBFTbtQO5pgkhEMqTzRs38Q,,mt_press
02ed78fc5db4d70c1de8343d6ed7254a40e6b502,ΚΟΡΙΝΘΙΑΚΗ,https://krnews.gr/,newspaper,weekly,regional,Corinthia,news,operating,ok,https://www.facebook.com/krnews.gr,https://twitter.com/korinthiaki,,ΚΟΡΙΝΘΙΑΚΗ,mt_press
0cfa698aa7c9b10940b72d9496183dbb4757b891,ΔΗΜΟΚΡΑΤΙΚΗ ΤΗΣ ΡΟΔΟΥ,https://www.dimokratiki.gr/,newspaper,daily,regional,Dodecanese,news,operating,ok,https://www.facebook.com/dimokratiki/,https://x.com/dimokratikinews,,δημοκρατικη της Ρόδου,mt_press
961154bdad4631c221327cac9c371b2fbfc4504d,ΛΑΟΣ ΤΗΣ ΜΑΓΝΗΣΙΑΣ,https://e-almyros.gr/,newspaper,weekly,regional,Magnesia,news,operating,ok,https://www.facebook.com/LaosTisMagnisias,,https://www.youtube.com/channel/UCPSG9-A9nP6qgjaxNa5_Ghg,Μαγνήτης,mt_press
f0181dc04630b7fd4fbda73a358a850c59819f70,ΕΒΔΟΜΑΔΙΑΙΟΣ ΤΥΠΟΣ ΤΗΣ ΑΙΓΙΑΛΕΙΑΣ,http://www.aigialeia24.gr,newspaper,weekly,regional,Achaia,news,operating,ok,https://www.facebook.com/Aigialeia24gr/,,https://www.youtube.com/user/aigialeia24,ΤΥΠΟΓΡΑΦΕΙΟ ΚΩΝΣΤΑΝΤΙΝΟΣ ΣΤΙΒΑΧΤΟΠΟΥΛΟΣ,mt_press
aeb265eacfd961184dbe2bb82744b77906fcf537,ΠΡΩΤΗ ΤΗΣ ΑΙΓΙΑΛΕΙΑΣ,http://Protionline.gr,newspaper,daily,regional,Achaia,news,operating,ok,https://www.facebook.com/100054793363368/timeline/,,https://www.youtube.com/channel/UCxbcNpk-AD9qbO7xVuSjCNw,ΠΡΩΤΗ ΤΗΣ ΑΙΓΙΑΛΕΙΑΣ,mt_press
f96fd22395f768a35f9b7996b8a97cdc66d4d08b,ΘΡΙΑΣΙΟ,https://thriassio.gr/,newspaper,daily,regional,Attica,news,operating,ok,https://www.facebook.com/thriassiogr/,https://x.com/Thriassiogr,https://www.youtube.com/channel/UC4vPcyl1Qg6QVhrhxlXoaVg,SANDBOX MEDIA & ADVERTISING,mt_press
0c2384928a8f5b2f74ba78b03ff826b141c102bd,ΠΑΛΜΟΣ ΑΙΤΩΛΟΑΚΑΡΝΑΝΙΑΣ,http://palmospress.gr,newspaper,weekly,regional,Aitoloakarnania,news,operating,ok,https://www.facebook.com/people/%CE%A0%CE%B1%CE%BB%CE%BC%CE%BF%CF%82-%CE%91%CE%B9%CF%84%CF%89%CE%BB%CE%BF%CE%B1%CE%BA%CE%B1%CF%81%CE%BD%CE%B1%CE%BD%CE%B9%CE%B1%CF%82/100063772713282/?fref=ts,,https://www.youtube.com/channel/UCkkFDe-BMvfJzjt_wmvXd3Q,ΠΑΛΜΟΣ ΑΙΤΩΛΟΑΚΑΡΝΑΝΙΑΣ,mt_press
d7b3700a0f8497187dc24b19551d3a3b44c61579,ΧΙΩΤΙΚΗ ΔΙΑΦΑΝΕΙΑ,https://diafaneia.eu/,newspaper,weekly,regional,Chios,news,operating,ok,https://www.facebook.com/p/%CE%A7%CE%B9%CF%8E%CF%84%CE%B9%CE%BA%CE%B7-%CE%94%CE%B9%CE%B1%CF%86%CE%AC%CE%BD%CE%B5%CE%B9%CE%B1-100063619356386/,,https://www.youtube.com/channel/UCfFdy2Y98Z1yoGQCLAS1lqg,ΧΙΩΤΙΚΗ ΔΙΑΦΑΝΕΙΑ,mt_press
ece3df7d0a5714c8d20b3099679a4ca8e4972ec9,ΑΝΤΙΛΑΛΟΣ ΤΗΣ ΜΕΣΑΡΑΣ,https://antilalospress.gr/,newspaper,weekly,regional,Iraklio,news,operating,ok,https://www.facebook.com/antilalospress/,,,,mt_press
e4fbcdf5c4fe8fef962768bc066a6a27126791b4,ΤΟ ΒΗΜΑ ΤΗΣ ΔΩΔΕΚΑΝΗΣΟΥ,https://12vima.gr/,newspaper,weekly,regional,Dodecanese,news,operating,ok,https://www.facebook.com/12vima.gr/,,https://www.youtube.com/channel/UCaWsafsT0nqJDsKj5UBF5yg,ΜΑΤΣΗΣ MEDIA GROUP IKE,mt_press
3c6cf54a1a059fccb68645821d416f1a77ba2d18,ΠΡΩΙΝΟΣ ΛΟΓΟΣ ΚΟΖΑΝΗΣ,https://www.prlogos.gr/,newspaper,daily,regional,Kozani,news,operating,ok,https://www.facebook.com/prlogos.gr,https://twitter.com/proinoslogos,,ΠΡΩΙΝΟΣ ΛΟΓΟΣ ΚΟΖΑΝΗΣ,mt_press
ee6400f158ebe898a8b8e071fa64774e398533a4,ΝΕΟΙ ΟΡΙΖΟΝΤΕΣ ΤΗΣ ΚΡΗΤΗΣ,https://www.neoiorizontes.gr/,newspaper,weekly,regional,Chania,news,operating,ok,https://www.facebook.com/%CE%95%CF%86%CE%B7%CE%BC%CE%B5%CF%81%CE%AF%CE%B4%CE%B1-%CE%9D%CE%AD%CE%BF%CE%B9-%CE%9F%CF%81%CE%AF%CE%B6%CE%BF%CE%BD%CF%84%CE%B5%CF%82-373707687124/,,,,mt_press
d44cd56940e2e4f0d16947e5fb81153630104a50,ΑΛΗΘΕΙΑ ΤΗΣ ΚΥΡΙΑΚΗΣ - ΕΒΔΟΜΑΔΙΑΙΑ ΕΦΗΜΕΡΙΔΑ ΤΗΣ ΚΑΡΔΙΤΣΑΣ,https://www.alithianews.gr/,newspaper,weekly,regional,Karditsa,news,operating,ok,https://www.facebook.com/efimeridaalithia,https://twitter.com/alithianews,,Η ΑΛΗΘΕΙΑ,mt_press
f4c9b1b68b7890680a34b858a4ef44c1129e7842,ΚΑΒΑΛΑ,https://www.efimeridakavala.gr/,newspaper,daily,regional,Kavala,news,operating,ok,https://www.facebook.com/efimeridakavala,,,efimeridakavala.gr,mt_press
0e696343d72ee8361d7f72ed26122edd72d63c1d,ΦΩΝΗ ΤΗΣ ΚΑΣΤΟΡΙΑΣ,https://fonikastorias.gr/,newspaper,weekly,regional,Kastoria,news,operating,ok,https://www.facebook.com/fonikastorias,,https://www.youtube.com/@dimitrisiatrou6994,,mt_press
df6073e38907876c9bd29e370415ed0a4dced2d0,larissanet,https://www.larissanet.gr/,newspaper,weekly,regional,Larissa,news,operating,ok,https://www.facebook.com/larissanet.gr/,https://twitter.com/LARISSANETGR,https://www.youtube.com/channel/UCIR4go8aCQ9oh6h6bMfr9cg,larissanet,mt_press
8081d75ba77b99ef204a4569d09ef06c003bc124,ΕΝΗΜΕΡΩΣΗ ΜΕΓΑΡΩΝ ΚΑΙ ΔΥΤΙΚΗΣ ΑΤΤΙΚΗΣ,https://enimerosi-news.gr/,newspaper,weekly,regional,Attica,news,operating,ok,https://www.facebook.com/enimerosimegarondytikisattikis/,https://twitter.com/ENIMEROSINEWSGR,https://www.youtube.com/channel/UC2L_iQ3XPguixBmdPHMKb9g,ΕΝΗΜΕΡΩΣΗ ΜΕΓΑΡΩΝ ΚΑΙ ΔΥΤΙΚΗΣ ΑΤΤΙΚΗΣ,mt_press
2018a822b983a4f956d315f6b308a9b69909e42f,ΕΝΗΜΕΡΟΣ,https://kavalawebnews.gr/,newspaper,daily,regional,Kavala,news,operating,ok,https://www.facebook.com/KavalaWebNews.gr,https://x.com/KavalaWebNewsGR,,ΕΝΗΜΕΡΟΣ,mt_press
d2a50e9b53ecfc102239cd5e121cc5df47afb130,ΠΡΩΙΝΟΣ ΤΥΠΟΣ ΔΡΑΜΑΣ,https://www.proinos-typos.gr/,newspaper,daily,regional,Drama,news,operating,ok,https://www.facebook.com/proinosdramas/,,,ΠΡΩΙΝΟΣ ΤΥΠΟΣ ΔΡΑΜΑΣ,mt_press
47849acef3ab6045d64a2911c2707835200153e1,ΔΙΑΒΗΜΑ,https://www.diavima.gr/,newspaper,weekly,regional,Boeotia,news,operating,ok,,,,ΔΙΑΒΗΜΑ,mt_press
9bd11968f600fc72a40d34a7c3206ee565d139b0,"Εφημερίδα ""Ο ΧΡΟΝΟΣ""",https://xronos.gr/,newspaper,daily,regional,Rodopi,news,operating,ok,https://www.facebook.com/xronos.gr,https://twitter.com/xronosgr,https://www.youtube.com/user/xronosnews,Ο ΧΡΟΝΟΣ,mt_press
bdc24f4f846700c795799f8f2c682b585cd5ac29,ΤΙΤΑΝΗ,https://www.thespro.gr/,newspaper,weekly,regional,Thesprotia,news,operating,ok,https://www.facebook.com/thespronews.gr/,,,ΤΙΤΑΝΗ - thespro.gr,mt_press
7895eb70305381125ee38ae2730e2a85083d784d,ΤΑ ΜΕΤΕΩΡΑ,https://www.tameteora.gr/,newspaper,weekly,regional,Trikala,news,operating,ok,https://www.facebook.com/tameteora.gr,https://twitter.com/tameteora,https://www.youtube.com/channel/UC2-jwggN5SA1rTpCD877dRw,ΤΑ ΜΕΤΕΩΡΑ,mt_press
84d2e88cce5ef729f5242f343b3c54bd69af795c,7η ΗΜΕΡΑ,https://evdomimera.gr/,newspaper,daily,regional,Kavala,news,operating,ok,https://www.facebook.com/Evdomimera.gr/,,,7η ΗΜΕΡΑΜΟΝΟΠΡΟΣΩΠΗ ΙΚΕ,mt_press
d0aa941f2c0f304c069ad1b3d17f1e559706d515,ΘΕΣΠΡΩΤΩΝ ΔΙΑΒΟΥΛΕΥΣΗ,https://diavouleusi.gr/,newspaper,weekly,regional,Thesprotia,news,operating,ok,http://www.facebook.gr/thesdiav,,,ΤΥΠΟΡΓΑΝΩΣΗ,mt_press
b0f46c76e0378510c210019ff51c51b62f85348a,ΡΙΖΟΣΠΑΣΤΗΣ,https://www.rizospastis.gr/,newspaper,daily,national,Attica,news,operating,ok,,,,,mt_press
53949803a994b52131e8313910868729c97693b0,ΑΧΑΙΚΗ ΠΟΛΙΤΕΙΑ,https://politeianews.gr/,newspaper,weekly,regional,Achaia,news,operating,ok,https://www.facebook.com/Politeiapatra,https://twitter.com/PoliteiaNews,,MIKAD,mt_press
f80327abb34534eef35f5d3671cbb9ccb33a9233,Η ΦΩΝΗ ΤΩΝ ΓΡΕΒΕΝΩΝ,https://grevenamedia.gr/,newspaper,weekly,regional,Grevena,news,operating,ok,https://www.facebook.com/grevenamedia.gr,https://x.com/GrevenaMedia,,,mt_press
1e09d3f754b16fa5968de5169bf0d50acf64e05e,ΚΑΣΤΟΡΙΑΝΗ ΕΣΤΙΑ,https://www.kastorianiestia.gr/,newspaper,weekly,regional,Kastoria,news,operating,ok,https://www.facebook.com/kasestia/,,https://www.youtube.com/channel/UC7dZWssHa_ZaS3J1G6pCwqQ,ΚΑΣΤΟΡΙΑΝΗ ΕΣΤΙΑ,mt_press
38a65ec4ef6ed2cd9f2cea7b6302ec21e32f8409,Η ΕΡΕΥΝΑ,https://www.trikalaerevna.gr/,newspaper,daily,regional,Trikala,news,operating,ok,https://www.facebook.com/trikalaerevna/,https://twitter.com/trikalaerevna,https://www.youtube.com/channel/UCwkReOcCXAnK81VhHNWGPOQ,Η ΕΡΕΥΝΑ,mt_press
38db37c2fc3a48eedd2e6a475dc8167aefcef662,ΘΡΑΚΗ,https://www.thraki.com.gr/,newspaper,daily,regional,Xanthi,news,operating,ok,https://www.facebook.com/thraki.com.gr/,https://twitter.com/thraki_com_gr,https://www.youtube.com/user/EFIMERIDATHRAKI?feature=sub_widget_1,ΘΡΑΚΙΚΗ ΕΠΙΚΟΙΝΩΝΙΑ ΜΕΠΕ,mt_press
39f5f28a195bd82365c35b9b19facd2460a997aa,ΠΑΡΑΤΗΡΗΤΗΣ ΤΗΣ ΘΡΑΚΗΣ,https://www.paratiritis-news.gr/,newspaper,daily,regional,Rodopi,news,operating,ok,https://www.facebook.com/paratiritis.thrakis,https://twitter.com/Paratiritis_Thr,https://www.youtube.com/c/%CE%A0%CE%B1%CF%81%CE%B1%CF%84%CE%B7%CF%81%CE%B7%CF%84%CE%AE%CF%82%CF%84%CE%B7%CF%82%CE%98%CF%81%CE%AC%CE%BA%CE%B7%CF%82/featured,2K PROJECT Ε.Π.Ε.,mt_press
b01ef4d5f425f89f8a6508dde4fff156eead5b8d,Η ΝΑΥΤΕΜΠΟΡΙΚΗ,https://www.naftemporiki.gr/,newspaper,daily,national,Attica,news,operating,ok,https://www.facebook.com/naftemporikigr,https://twitter.com/naftemporikigr,https://www.youtube.com/@naftemporikiGR,Η ΝΑΥΤΕΜΠΟΡΙΚΗ,mt_press
010631448470c8f92c7debd41a034033e07fe43f,Κοινή Γνώμη,https://www.koinignomi.gr,newspaper,daily,regional,Cyclades,news,operating,ok,https://www.facebook.com/pages/%CE%9A%CE%BF%CE%B9%CE%BD%CE%AE-%CE%93%CE%BD%CF%8E%CE%BC%CE%B7/460827877312985,https://twitter.com/Koini_Gnomi,http://www.youtube.com/user/KoiniGnwmi,Τυποκυκλαδική ΑΕ,mt_press
3e28e0ca4b862bee23bf03bb72be773158639e32,usay,https://www.usay.gr/,website,unknown,national,Attica,news,operating,ok,https://www.facebook.com/usay.gr/,https://twitter.com/usay_gr,,usay,mt_websites
4619bc25e0eb683647c551474855595730aff752,newpost,https://newpost.gr,website,unknown,national,Attica,news,operating,ok,https://www.facebook.com/newpostgr/?locale=el_GR,https://x.com/newpostgr,https://www.youtube.com/@newpostgr1,NEWPOST. GR-ELECTRONIC PUBLICATIONS,mt_websites
ce301dd2c1c3f20d981940c3c04e207ec5a3316a,huffingtonpost,https://www.huffingtonpost.gr/,website,unknown,national,Attica,news,operating,ok,https://www.facebook.com/HuffPostGreece/?locale=el_GR,https://x.com/HuffPostGreece,https://www.youtube.com/@huffpostgreece1122,FAROSNET M. AE,mt_websites
33d79b2759c753e3d0b009114553112c4ebaaa12,finupnews,https://finupnews.gr/,website,unknown,national,Attica,news,operating,ok,https://www.facebook.com/Finupnews/,https://twitter.com/finupnews,https://www.youtube.com/channel/UCfDTLQvphn2R8MlE3sae_Jw,ENIGMA MG,mt_websites
7117cf3705faea0869c5ef4b30dd6aa1248d94bc,cyclades24,https://cyclades24.gr/,website,unknown,national,Cyclades,news,operating,ok,https://www.facebook.com/cyclades24.gr/,https://twitter.com/cyclades24,https://www.youtube.com/channel/UCthKcM2JA69kNz2txL_wmMA,Σολάρης Γεώργιος,mt_websites
41041c88901986be0867f4708869c497e2cf1ab1,athinaikos-typos,https://athinaikos-typos.gr/,website,unknown,national,Attica,news,operating,ok,https://www.facebook.com/AthinaikosTypos,,,,mt_websites
cdaf0f7a7153b75948362fb16a9d3738edb61885,kozaninews,https://www.kozaninews.gr/,website,unknown,national,Karditsa,news,operating,ok,https://www.facebook.com/kozaninews.gr/,https://x.com/kozaninews,,ORION MEDIA,mt_websites
a4aba8f148838d73f16f9404164119661c12f3ab,lykavitos,https://www.lykavitos.gr/,website,unknown,national,Attica,news,operating,ok,https://www.facebook.com/lykavitos.gr/,https://x.com/lykavitosgr,https://www.youtube.com/watch?v=-l78rYw7pAk,HT PRESS ONLINE ΜΟΝΟΠΡΟΣΩΠΗ IKE,mt_websites
10e5e35562ebeb6d2ac853042b70ae741733c637,moneypress,https://www.moneypress.gr/,website,unknown,national,Attica,news,operating,ok,https://www.facebook.com/moneypress/,https://twitter.com/Moneypressgr,,HT PRESS ONLINE ΜΟΝΟΠΡΟΣΩΠΗ IKE,mt_websites
a27114fe19e6883bc76432883ce7e7c0438b30ae,moneyreview,https://www.moneyreview.gr/,website,unknown,national,Attica,news,operating,ok,https://www.facebook.com/Money-Review-100715108567626/,https://twitter.com/Money_Review_,,Η ΚΑΘΗΜΕΡΙΝΗ ΜΟΝΟΠΡΟΣΩΠΗ ΑΝΩΝΥΜΗ ΕΤΑΙΡΕΙΑ,mt_websites
8a823f1bb7b2d8e2b335cc344ff845928524a610,ekathimerini,https://www.ekathimerini.com/,website,unknown,national,Attica,news,operating,ok,https://www.facebook.com/ekathimerinicom,https://twitter.com/ekathimerini,,Η ΚΑΘΗΜΕΡΙΝΗ ΜΟΝΟΠΡΟΣΩΠΗ ΑΝΩΝΥΜΗ ΕΤΑΙΡΕΙΑ,mt_websites
41cc95bc53878c4a3b28975bce7a1432091e21fe,saronicmagazine,https://www.saronicmagazine.gr/,website,unknown,national,Attica,news,operating,ok,https://www.facebook.com/saronicmagazine/,https://twitter.com/SaronicM,https://www.youtube.com/channel/UCjJGLtzE0j8J_zPvnEzhC4Q,"SARONIC GLAM I.K.E. - ""SARONIC GLAM PC""",mt_websites
447b99c16950e82ac886b7cb1443f96314768637,aagora,https://www.aagora.gr/,website,unknown,national,Attica,news,operating,ok,https://www.facebook.com/aagora.gr,https://x.com/Asf_Agora,,ΑΣΦΑΛΙΣΤΙΚΗ ΑΓΟΡΑ,mt_websites
c099f0beb905a43e2a3671959e2a31bfb327704f,halkidikipost,https://www.halkidikipost.gr/,website,unknown,national,Pella,news,operating,ok,https://www.facebook.com/halkidikipost,,https://www.youtube.com/@HalkidikiPost,ΤΥΠΟΕΚΔΟΤΙΚΗ ΟΕ,mt_websites
7f5eb541de419300eea92d0cf55d942712aa38ff,cretetv,https://www.cretetv.gr,website,unknown,national,Iraklio,news,operating,ok,https://www.facebook.com/KPHTHTV/,https://x.com/krititv?lang=en,https://www.youtube.com/@kriti_tv,KPHTH TV,mt_websites
ce19f51e34e1a531376fb0bcb71349ec2ddf8b8d,cnn,https://www.cnn.gr/,website,unknown,national,Attica,news,operating,ok,https://www.facebook.com/cnn.greece,https://twitter.com/CNNgreece,https://www.youtube.com/channel/UCA449AY-qrJsvE7HX8MZVog/videos,D.G. NEWSAGENCY Α.Ε.,mt_websites
b876510dd7f50faffbd86cd3017f1362c1674032,thes,https://www.thes.gr/,website,unknown,national,Thessaloniki,news,operating,ok,https://www.facebook.com/thes.greece/,https://twitter.com/Thes_Portal,https://www.youtube.com/@lifeeventsgr,www.thes.gr,mt_websites
bd907ad2525e9d7a3a3552957ca32b101d292d0c,athensvoice,https://www.athensvoice.gr/,website,unknown,national,Attica,news,operating,ok,https://www.facebook.com/AthensVoice,,https://www.youtube.com/user/theathensvoice,ATHENS VOICE,mt_websites
7d72938341dd384e3b1ed3148b9fda065a5735bf,rethnea,https://rethnea.gr,website,unknown,national,Rethymno,news,operating,ok,https://www.facebook.com/rethnea/,https://x.com/rethneagr,,,mt_websites
8fe98db4339a1f91da42c821b2ae9e22fc3fd3f6,enikos,https://www.enikos.gr/,website,unknown,national,Attica,news,operating,ok,https://www.facebook.com/enikosgr/,https://twitter.com/enikos_gr,https://www.youtube.com/enikosgr,ENIKOS,mt_websites
575acb46ba9364e7e074bc50cd5ecddf8699c27a,serrespost,https://www.serrespost.gr/,website,unknown,national,Serres,news,operating,ok,https://www.facebook.com/Serrespost-1884628254895723/,,https://www.youtube.com/channel/UCM181grQQPh87GSvsB-9BmQ,,mt_websites
e2ef41a63be7f32efcbf213c5b6d921ffca304b6,sofokleousin,https://www.sofokleousin.gr/,website,unknown,national,Attica,news,operating,ok,https://www.facebook.com/sofokleousin,https://twitter.com/Sofokleousin,,FREED S.A,mt_websites
a432c3312d0462f986b29b63b442773798e780bb,businessnews,https://www.businessnews.gr/,website,unknown,national,Attica,news,operating,ok,https://www.facebook.com/BusinessNews.gr/,https://x.com/businessnewsgr,,DIRECTION BUSINESS NETWORK,mt_websites
e58ece5132f8a7b68659d199d19f3cf320de9eb1,flash-tv,https://flash-tv.gr/,website,unknown,national,Kozani,news,operating,ok,https://www.facebook.com/FlashTVWM/,https://twitter.com/FlashTV_GR,https://www.youtube.com/user/flashkozanitv,ΟΡΕΣΤΙΔΑ Α.Ε.,mt_websites
edcc427dcbc15dd890232ad1a1e681a04ae841c1,flashnews,https://flashnews.gr/,website,unknown,national,Chania,news,operating,ok,https://www.facebook.com/Flashnews.gr/,https://twitter.com/flashnews_gr,https://www.youtube.com/channel/UCJ3tZNB83AChtEtIsQITCbg,FLASHNEWS.GR,mt_websites
f0b13ca7c720c3d83be3bda8c102fde053687293,trikalaview,https://trikalaview.gr/,website,unknown,national,Trikala,news,operating,ok,https://www.facebook.com/trikalaviewgr,https://twitter.com/trikalaviewgr?lang=el,,trikalaview.gr,mt_websites
c6a3f773cfbd6c5c96406d0fbf2c3bee915a8bf9,koinoniki,https://koinoniki.gr/,website,unknown,national,Attica,news,operating,ok,https://www.facebook.com/koinoniki/?fref=ts,https://twitter.com/koinonikinews,https://www.youtube.com/channel/UCoG4Rs2hZKG3LEQ9n0qONRA,,mt_websites
75f8c3c6f919bd0ff23dffbd5f6da03dd4bcfc6f,cretaone,https://cretaone.gr/,website,unknown,national,Iraklio,news,operating,ok,https://www.facebook.com/cretaonegr/,https://twitter.com/cretaonegr,https://www.youtube.com/channel/UCwzjrcwPZXoW_iDkY76FbEQ,NEW VISION MEDIA,mt_websites
5ae35acfc6851a5a5f52ca9049dc4ac372d8aa4a,cretatimes,https://cretatimes.gr/,website,unknown,national,Iraklio,news,operating,ok,https://www.facebook.com/cretatimes/,,,NEW VISION MEDIA,mt_websites
6ca41412bad23466c7c0c1bf36e7be49142e1e0d,businessvoice,https://businessvoice.gr/,website,unknown,national,Attica,news,operating,ok,https://www.facebook.com/emeagr/,https://x.com/emea_gr,https://www.youtube.com/channel/UCREQMgqRCOIoJFtLjxk-uKA,MEDIAHUB GROUP,mt_websites
3af4ba4b7367890d4aeaa001711da5a9a4d54b76,thrakikiagora,https://www.thrakikiagora.gr/,website,unknown,national,Rodopi,news,operating,ok,https://www.facebook.com/@thrakikiagora.gr/,,https://www.youtube.com/channel/UC4XYUTLaZqFbFS_Abwpd65g,ΚΩΝΣΤΑΝΤΙΝΟΣ Γ. ΜΑΥΡΟΜΑΤΗΣ,mt_websites
83ba6326c00252d965671f13698ebe610624530c,gegonota,https://gegonota.news/,website,unknown,national,Magnesia,news,operating,ok,https://www.facebook.com/%CE%93%CE%B5%CE%B3%CE%BF%CE%BD%CF%8C%CF%84%CE%B1-104050335363432,https://twitter.com/gegonota_news,,S.D.S. DICITAL SERVICES I.K.E.,mt_websites
7790bb020a94f27091110a2d84db9def6f09b1b7,atticatimes,https://atticatimes.gr/,website,unknown,national,Attica,news,operating,ok,https://www.facebook.com/atticatimes,https://x.com/atticatimes,https://www.youtube.com/channel/UCLTJSlJH6MxyCiB0S2CWJig,ATTICA MEDIA GROUP,mt_websites
3667e5706a3af763422974131a73a783af9bf6b6,businessdaily,https://www.businessdaily.gr/,website,unknown,national,Attica,news,operating,ok,https://facebook.com/BusinessDaily1/,https://twitter.com/BusinessDaily9,,,mt_websites
3480167889e14ac68bfe6fe98c9178ac8b2c6f24,trikalaopinion,https://trikalaopinion.gr/,website,unknown,national,Trikala,news,operating,ok,https://www.facebook.com/trikalaopinion,,https://www.youtube.com/channel/UCq2nC8_FVwyl35ixlUSVMoA,trikalaopinion.gr,mt_websites
355af114c3b2ffcb8ebf14fff35e4b992db3ee1f,newsbomb,https://www.newsbomb.gr/,website,unknown,national,Attica,news,operating,ok,https://www.facebook.com/newsbombgr,https://x.com/newsbombgr,https://www.youtube.com/channel/UCiZ5gd_RCuHipTJQm-2e8kw?sub_confirmation=1,,mt_websites
a225db3e12a8aa42eba7344fbf135b0ba40d1bca,samos24,https://samos24.gr/,website,unknown,national,Samos,news,operating,ok,https://www.facebook.com/24samos,https://twitter.com/InfoSamos24,https://www.youtube.com/channel/UCtv7v9iaVuSymuyCX75K4NQ/videos,samos24.gr,mt_websites
8ba183c731ae87b5c32db452666c0fa5ea29e986,mythessaloniki,https://mythessaloniki.gr,website,unknown,national,Thessaloniki,news,operating,ok,,,,JK MEDIA GROUP,mt_websites
cc4cedd4b5176423b5706e5b755efcd9b168e62d,mymagazine,https://mymagazine.gr/,website,unknown,national,Thessaloniki,news,operating,ok,,,,JK MEDIA GROUP,mt_websites
fd5d2df18568a304b633220bee0c59f764818d65,ladylike,https://www.ladylike.gr/,website,unknown,national,Attica,news,operating,ok,https://www.facebook.com/Ladylikegr/,,https://www.youtube.com/ladylikegreece,24 MEDIA Α.Ε ΨΗΦΙΑΚΩΝ ΕΦΑΡΜΟΓΩΝ,mt_websites
86f622f943845cdcef8acb5b76223d6f38c3ff3f,news247,https://www.news247.gr/,website,unknown,national,Attica,news,operating,ok,https://www.facebook.com/news247,https://twitter.com/News247gr,https://www.youtube.com/user/News247gr,24 MEDIA Α.Ε ΨΗΦΙΑΚΩΝ ΕΦΑΡΜΟΓΩΝ,mt_websites
92a17e2f8360b68bad478a5d4ea65cfbfbe38b86,alfavita,https://www.alfavita.gr/,website,unknown,national,Attica,news,operating,ok,https://www.facebook.com/alfavita.gr/,https://x.com/alfavita,,KEYWEB ΕΠΙΚΟΙΝΩΝΙΕΣ ΕΕ,mt_websites
29825979c99d7cd293e83edf17ab056a32541f8e,e-grammi,http://www.e-grammi.gr,website,unknown,national,Attica,news,operating,ok,https://www.facebook.com/efimeridagrammi/,https://twitter.com/GRAMMIefimerida,,,mt_websites
b57f805b4adf07e3ff6fa2b82f734e4b8e15c631,diavlos924,https://diavlos924.gr,website,unknown,national,Rodopi,news,operating,ok,https://www.facebook.com/diavlos924.gr/videos/,,,"ΔΙΑΥΛΟΣ ΡΟΔΟΠΗΣ 92,4",mt_websites
38cf896238d3100d4c2d034cb005c45295eef3a2,themakritis,https://themakritis.gr/,website,unknown,national,Iraklio,news,operating,ok,https://www.facebook.com/themakritis,https://twitter.com/themakritis,https://www.youtube.com/@themakritis,THEMA24 Ι Κ Ε,mt_websites
697bd91be5c50f9ce3ba2dd2ec39bd1f55c4d3c8,thestandard,https://thestandard.gr/,website,unknown,national,Attica,news,operating,ok,https://www.facebook.com/thestandardgreece,https://twitter.com/TheStandardgr,,MEDIA MATRIX M.I.K.E.,mt_websites
e93f7383337f1aac1efcf63205ed616a58603ee0,lawandorder,https://lawandorder.gr/,website,unknown,national,Attica,news,operating,ok,https://www.facebook.com/lawandorder.gr,https://twitter.com/Lawandordergr,https://www.youtube.com/channel/UCv5rQLR0fNQuuFGT1TfZVSw,MEDIA MATRIX M.I.K.E.,mt_websites
ebbcf9a49f240a079a7d7b680bfe15a7feb4a19a,pagenews,https://www.pagenews.gr/,website,unknown,national,Attica,news,operating,ok,https://www.facebook.com/pagenewsgr/?hc_ref=PAGES_TIMELINE,,https://www.youtube.com/channel/UCL9aVoiLm-ueOiLwTVM9Rew,TELIA INTERNET IKE,mt_websites
b5c1c67a67d37e9fc9620bcade3879e52d96a953,gossip-tv,https://www.gossip-tv.gr/,website,unknown,national,Attica,news,operating,ok,https://www.facebook.com/gossiptvgr,https://twitter.com/gossiptvgr,https://www.youtube.com/user/GossiptvgrVideos,DPG DIGITAL MEDIA GROUP MAE,mt_websites
18c4c58819d2f16c37f0c0edc27f65912d80906e,militaire,https://www.militaire.gr/,website,unknown,national,Attica,news,operating,ok,https://www.facebook.com/militaire.gr,https://twitter.com/karvounopoulosp,https://www.youtube.com/@MilitaireNews,Militair Μ.ΙΚΕ,mt_websites
dc641ff537fdcf0ff32dd437991481875307ba6d,radio-lehovo,https://radio-lehovo.gr/,website,unknown,national,Florina,news,operating,ok,https://www.facebook.com/RadioLehovo97.1/,https://twitter.com/radio_lehovo,https://www.youtube.com/user/radiolehovo,ΡΑΔΙΟ ΛΕΧΟΒΟ 971,mt_websites
32c9f7d7c7211120aac5d45c1c4a972c7ed8c962,tvstar,https://tvstar.gr/,website,unknown,national,Fthiotida,news,operating,ok,https://www.facebook.com/lamiastar/,,https://www.youtube.com/channel/UC5voIS-R0gVfJ4JUcV0ipEQ,STAR CHANNEL ΚΕΝΤΡΙΚΗΣ ΕΛΛΑΔΟΣ Α.Ε.,mt_websites
f8204b641f410dc1ab33b28155c4b4fd8cb1c104,starsports,https://starsports.gr/,website,unknown,national,Fthiotida,news,operating,ok,https://www.facebook.com/starsportsgr,,https://www.youtube.com/c/StarKentrikisElladas/videos,STAR CHANNEL ΚΕΝΤΡΙΚΗΣ ΕΛΛΑΔΟΣ Α.Ε.,mt_websites
99f578e652944413b5e57f04d6fb165045f4a83b,typos-i,https://typos-i.gr/,website,unknown,national,Ioannina,news,operating,ok,https://www.facebook.com/typosioanninon,,https://www.youtube.com/channel/UCBW9-ynRYZU1TKOZsJHBkrA,ΣΧΗΜΑ ΚΟΙΝΣΕΠ,mt_websites
47444befefab0e63c086d87fdb57fbc86e83f7bf,larissapress,https://www.larissapress.gr/,website,unknown,national,Larissa,news,operating,ok,https://www.facebook.com/LarissaPress.gr/,https://twitter.com/larissapressgr,https://www.youtube.com/channel/UCMVSTLF5VCyAgidl_Hthtnw,LIBERTY,mt_websites
b7fc6379a90895678d8103ef434ae5ff8dcbe63e,megatv,https://www.megatv.com/,website,unknown,national,Attica,news,operating,ok,https://www.facebook.com/megatvcom/,https://x.com/MegaTvOfficial,https://www.youtube.com/channel/UCpWa_Y5O7U2oQLAz-FRllwg,ALTER EGO MEDIA Α.Ε.,mt_websites
09e67a1072637652930fb459c9f8d4b4389a04d9,tovima,https://www.tovima.gr/,website,unknown,national,Attica,news,operating,ok,https://www.facebook.com/tovimagr/,http://www.twitter.com/tovimagr/,https://www.youtube.com/@tovimagrofficial,ALTER EGO MEDIA Α.Ε.,mt_websites
31c04f9836a0e1c209e27583c5a01c36f39cf3f2,tanea,https://www.tanea.gr/,website,unknown,national,Attica,news,operating,ok,https://www.facebook.com/tanea.grofficial,https://x.com/ta_nea,https://www.youtube.com/channel/UCYTti6kj97zrMi7sMePlU2g,ALTER EGO MEDIA Α.Ε.,mt_websites
ce46b032da8b6c375f32e6d158da8754e704bf70,newsbreak,https://www.newsbreak.gr/,website,unknown,national,Attica,news,operating,ok,https://www.facebook.com/newsbreak.gr/,https://twitter.com/newsbreakGR,https://www.youtube.com/channel/UCuEDDwxVF34yRG4e52uudiA?sub_confirmation=1,PG DIGITAL PUBLISHING ΜΟΝΟΠΡΟΣΩΠΗ Ι.Κ.Ε.,mt_websites
caf98704a7c63e128ca469e335975aa330633ee8,mononews,https://www.mononews.gr/,website,unknown,national,Attica,news,operating,ok,https://www.facebook.com/mononewsgr/,https://x.com/mononewsgr,https://www.youtube.com/@mononewsgr131,mononews.gr,mt_websites
ef0565a4c15f23204c4de8d1759297307a17d311,aeginaportal,https://aeginaportal.gr/,website,unknown,national,Attica,news,operating,ok,https://www.facebook.com/aeginaportal/,https://x.com/aeginaportal?lang=en,,AEGINA PORTAL,mt_websites
96a629ed3c2ea6fee7ad6589b34c93a4a88c57f9,thebest,https://www.thebest.gr/,website,unknown,national,Achaia,news,operating,ok,https://www.facebook.com/thebest.gr,https://x.com/thebestportal,https://www.youtube.com/user/thebestportal,THE BEST ΝΕT IKE,mt_websites
7bfd5df0aade90fbc619f64cef1e7203c3954de5,radioevros,https://www.radioevros.gr/,website,unknown,national,Evros,news,operating,ok,https://www.facebook.com/radioevros,,https://youtube.com/user/radioevros,ΙΩΑΝΝΗΣ ΒΑΒΑΛΙΚΟΥΔΗΣ ΚΑΙ ΣΙΑ ΕΕ,mt_websites
09d2172dd054998c77895af8c88bb83834ea3e11,newsit,https://www.newsit.gr/,website,unknown,national,Attica,news,operating,ok,https://www.facebook.com/newsitgr,https://x.com/NewsItFeed,https://www.youtube.com/channel/UC3y7pL9boqyhVT6YNNw_v1w,NEWSIT ΕΠΕ,mt_websites
15e65e043559cd3a691870231279a800b406fe8c,economistas,https://www.economistas.gr/,website,unknown,national,Attica,news,operating,ok,https://www.facebook.com/economistasgr,https://twitter.com/economistasgr,,,mt_websites
b95b7d39fce0e9db67d46e5a1bb0073253574615,iefimerida,https://www.iefimerida.gr/,website,unknown,national,Attica,news,operating,ok,https://www.facebook.com/iefimerida,https://www.twitter.com/iefimerida,https://www.youtube.com/user/iefimerida1?feature=mhum,,mt_websites
d72b6735f5e4bd4891cae21e46f3a13943d25eba,neamou,https://www.neamou.gr/,website,unknown,national,Attica,news,operating,ok,,,,TRU MEDIA ΜΟΝΟΠΡΟΣΩΠΗ IKE,mt_websites
4fb87d5e5b9b4a7091b78e1b7ee4ef1eaff85a6f,healthweb,https://www.healthweb.gr/,website,unknown,national,Attica,news,operating,ok,https://www.facebook.com/healthweb.gr/,https://twitter.com/healthwebgr,https://www.youtube.com/@healthweb3460,TRU MEDIA ΜΟΝΟΠΡΟΣΩΠΗ IKE,mt_websites
d582a847278cfdcd2a3990e25063f9bafc96bc77,elassonanews,https://www.elassonanews.gr/,website,unknown,national,Larissa,news,operating,ok,https://www.facebook.com/elassonanews,https://twitter.com/elassonanews,,elassonanews.gr,mt_websites
d97ea72f4e31b9529d7b191346e0e33b442d82f3,oladeka,https://oladeka.com/,website,unknown,national,Kastoria,news,operating,ok,https://www.facebook.com/oladeka/,,https://www.youtube.com/@OlaDekaoladeka,StarSystemPro,mt_websites
770c0dfb0240be3f5e3c8c0f652561328cec192f,serres24,https://serres24.gr/,website,unknown,national,Serres,news,operating,ok,https://www.facebook.com/serres24.gr,,https://www.youtube.com/channel/UCBAFeNwA9vkW9EHZo6gUMCw,CENTER LINE,mt_websites
011f01e8842023b39a213aec704d50de27feedd1,skai,https://www.skai.gr/,website,unknown,national,Attica,news,operating,ok,https://www.facebook.com/skaigr,https://twitter.com/skaigr,https://www.youtube.com/channel/UCmHgxU394HiIAsN1fMegqzw,ΣΚΑΪ Α.Ε.,mt_websites
b9c97763545f6a3abaae29dbb0fba68926821d09,otavoice,https://otavoice.gr/,website,unknown,national,Attica,news,operating,ok,https://www.facebook.com/otavoicegr/,https://twitter.com/OTAVOICE2,https://www.youtube.com/channel/UCGjZa4q07dpfQfJ2uve9eMw,NEREUS  ΙΚΕ,mt_websites
69fbc020b2765fc8c9904bcc011fa95b47e439c0,skiathoslife,https://skiathoslife.gr/,website,unknown,national,Magnesia,news,operating,ok,https://www.facebook.com/skiathoslife/,https://twitter.com/skiathoslife?lang=el,https://www.youtube.com/channel/UCKUZt5n71TuUw-vum2kwk3Q,ΑΝΑ ΙΚΕ,mt_websites
283700ae6599852e2951a6f346bc97046ca21326,theleader,https://theleader.gr/,website,unknown,national,Attica,news,operating,ok,https://www.facebook.com/profile.php?id=61559554544957,https://x.com/theleader9gr,https://www.youtube.com/@theleadergr,KLS UNION,mt_websites
df2b711d47974604d73ff89c385c0005ee351d0f,pameevro,https://pameevro.gr,website,unknown,national,Evros,news,operating,ok,https://www.facebook.com/pameevro.gr,,https://www.youtube.com/channel/UCHJSRj_-wkF5G9cCQBejx2A,ΔΕΛΤΑ TV,mt_websites
eefe171fc16199f7aaf90e2a32fa621b84ab25de,deltatv,https://deltatv.gr/,website,unknown,national,Evros,news,operating,ok,https://www.facebook.com/deltatv.gr,,https://www.youtube.com/channel/UCzbsC-Pud1UPAYlm5nWI-uQ,ΔΕΛΤΑ TV,mt_websites
ff8b6ffa98c1a7ef5e1159d97b6bac846b602b41,reader,https://www.reader.gr/,website,unknown,national,Attica,news,operating,ok,https://www.facebook.com/reader.gr/,https://twitter.com/readergr,,LIQUID PUBLISHING,mt_websites
53eba3b9a09909eca44149a2bb571cf1dcd1ed4e,iparnassos,https://iparnassos.gr/,website,unknown,national,Fokida,news,operating,ok,https://www.facebook.com/Iparnassos-106901917922085,,,«Nowtopia Κοιν.Σ.Επ.»,mt_websites
e57bfc412af837c814bfff829b874b85c8056d79,hmerisiakorinthou,https://hmerisiakorinthou.gr/,website,unknown,national,Corinthia,news,operating,ok,https://www.facebook.com/%CE%97%CE%BC%CE%B5%CF%81%CE%B7%CF%83%CE%B9%CE%B1-%CE%9A%CE%BF%CF%81%CE%B9%CE%BD%CE%B8%CE%BF%CF%85-896120593784427,,,www.hmerisiakorinthou.gr,mt_websites
c08b021dc674597cfc08c3357186f9528608c396,imerisia,https://www.imerisia.gr/,website,unknown,national,Attica,news,operating,ok,https://www.facebook.com/imerisia.gr,https://twitter.com/imerisiagr,,OPEN Beyond,mt_websites
626498a200f45011f725c7334ba52ab89ea1a5b9,tvopen,https://www.tvopen.gr/,website,unknown,national,Attica,news,operating,ok,https://www.facebook.com/opentvgr/,https://twitter.com/opentvgr,https://www.youtube.com/opentvgr,OPEN Beyond,mt_websites
43eabc7b11cf0337cbfa2ab8b30ee75296ef1de4,ethnos,https://www.ethnos.gr/,website,unknown,national,Attica,news,operating,ok,https://www.facebook.com/ethnosonline,https://x.com/ethnosgr,https://www.youtube.com/channel/UCb0SCTuWPy0Lgr4NBYWzuGQ,OPEN Beyond,mt_websites
42721d81ab37466930a74fd67e487b7270bda400,newsbeast,https://www.newsbeast.gr/,website,unknown,national,Attica,news,operating,ok,https://www.facebook.com/newsbeast.gr,https://twitter.com/newsbeast,,PRIME APPLICATIONS M.A.E.,mt_websites
db40c572470793c4c33886a408ec42849e33a171,fileleutheros,https://fileleutheros.net/,website,unknown,national,Cyclades,news,operating,ok,,,https://www.youtube.com/@%CE%A6%CF%89%CE%BD%CE%B7%CF%84%CE%B7%CF%82%CE%A0%CE%B1%CF%81%CE%BF%CF%85/streams,ΦΩΝΗ ΤΗΣ ΠΑΡΟΥ,mt_websites
c6ed5e983578e2f171059517640daaae198d09d1,fonitisparou,https://fonitisparou.gr/,website,unknown,national,Cyclades,news,operating,ok,https://www.facebook.com/fonitisparou/,https://twitter.com/FonitisParou,,ΦΩΝΗ ΤΗΣ ΠΑΡΟΥ,mt_websites
63323ef49b0b18652f92c951cf389386c7b99c78,protoneo,https://protoneo.gr/,website,unknown,national,Attica,news,operating,ok,https://www.facebook.com/protoneogr,https://x.com/ProtoneoGr,,PROTONEO,mt_websites
d75165116705ac1bc619607e8ac7900fec506c6f,dnews,https://www.dnews.gr/,website,unknown,national,Attica,news,operating,ok,https://www.facebook.com/dikaiologitika,https://twitter.com/dikaiologitika,https://www.youtube.com/channel/UCQnilFuPdrMaH6Jo2-uECFA/featured,OPINIONPOST AE,mt_websites
021e96baa8b4a3638d9c1659eb204ef7383b12e8,parakritika,https://www.parakritika.gr,website,unknown,national,Chania,news,operating,ok,https://www.facebook.com/parakritika.gr,https://twitter.com/infoparakritik1,http://www.youtube.com/c/CHANIALIVETV?sub_confirmation=1,PARAKRITIKA.GR,mt_websites
84d148eac59723f1620f6de1d6e09fa5d30a5f28,eleftherostypos,https://www.eleftherostypos.gr/,website,unknown,national,Attica,news,operating,ok,https://www.facebook.com/EleftherosTypos,https://x.com/etyposgr,https://www.youtube.com/@eleftherostyposgr,,mt_websites
8e6467977374955ed47e7cfd4910293d3b429400,agro24,https://www.agro24.gr/,website,unknown,national,Attica,news,operating,ok,https://www.facebook.com/pages/Agro24gr/1501011463517067,https://twitter.com/agro24gr,,STARTCOM,mt_websites
1f40500665f1c153286536063ca670d037217cbd,methorios,https://methorios.gr/,website,unknown,national,Evros,news,operating,ok,https://www.facebook.com/Methoriosorestiada/,,,ΜΕΘΟΡΙΟΣ,mt_websites
90527b2d9983673d4cd606cd432383c458021ab6,nafpaktosvoice,https://www.nafpaktosvoice.gr/,website,unknown,national,Aitoloakarnania,news,operating,ok,https://www.facebook.com/nafpaktosvoice/?locale=el_GR,https://x.com/nafpaktosvoice,https://www.youtube.com/@nafpaktosvoice,,mt_websites
e70210454d7869ec7aab65ca37b9e944f5ec339e,news,https://www.news.gr/,website,unknown,national,Attica,news,operating,ok,https://www.facebook.com/amesi.enimerosi,https://twitter.com/newsgr1,https://www.youtube.com/channel/UC5U50NcwTX2x52-20_txZTw,PRIME APPLICATIONS M.A.E.,mt_websites
f816dccba3a1ff0e927ef0330dafc32a0057a4a7,e-mesara,https://e-mesara.gr/,website,unknown,national,Iraklio,news,operating,ok,https://www.facebook.com/p/e-mesaragr-100064034350554/,https://x.com/e_mesara,,www.e-mesara.gr,mt_websites
7071084fe477d9c22d8c4aa70b57be1a10c0a8be,debater,https://debater.gr/,website,unknown,national,Attica,news,operating,ok,https://www.facebook.com/debatergr/,https://x.com/DebaterGr,,CITIZEN MEDIA,mt_websites
babd313e46f9fe3e52206405fd41c72e395c141b,pna,https://www.pna.gr,website,unknown,national,Arcadia,news,operating,ok,https://www.facebook.com/pnanea,https://x.com/PnanewsGr,https://www.youtube.com/@PnaGr,pna.gr,mt_websites
86a1dfb0f49a6cec407decf3769cb6a2eb8ef07a,epirusgate,https://epirusgate.gr/,website,unknown,national,Ioannina,news,operating,ok,https://www.facebook.com/Epirusgate,,https://www.youtube.com/channel/UCg20bM7rUhPDJHI9gPNZtVw,NP MARKETING + EPIRUSGATE,mt_websites
2809c69765177b3d62b15b27e5a12c977b97234d,economico,https://economico.gr/,website,unknown,national,Attica,news,operating,ok,https://www.facebook.com/economico.greece/,https://twitter.com/Economiconews,,ECONOMICO ΕΙΔΗΣΕΟΓΡΑΦΙΚΗ Α.Ε.,mt_websites
4a9e8bdb7a5b2d586bc985a2792b093fb0152169,alphatv,https://www.alphatv.gr/,website,unknown,national,Attica,news,operating,ok,https://www.facebook.com/alphatv,https://twitter.com/alphatvgreece,https://www.youtube.com/user/AlphaTVGreece,ALPHA,mt_websites
b192884b7ebd070eb78d0f2d2f2f04146ed29bc8,enypografa,https://enypografa.gr/,website,unknown,national,Attica,news,operating,ok,https://www.facebook.com/enypografa/,https://x.com/enypografa,https://www.youtube.com/channel/UCsAin7fJFnNcDp1pVphRPKA,ΕΝΥΠΟΓΡΑΦΑ ΤΑ ΒΟΡΕΙΑ ΠΡΟΑΣΤΙΑ ΕΝ ΔΗΜΩ,mt_websites
9288fe098ac846b71860e1683ac3e77c62c60766,political,https://www.political.gr/,website,unknown,national,Attica,news,operating,ok,https://facebook.com/PoliticalPress.GR,https://x.com/PoliticalGR,,POLITICAL PUBLISHING,mt_websites
ccc4c0a0e658b4aade046f70518851a5935888b3,egnatianews,https://egnatianews.gr/,website,unknown,national,Kozani,news,operating,ok,https://www.facebook.com/egnatianews.gr/,,,ΡΟΔΟΝ ΕΚΔΟΤΙΚΗ ΕΕ,mt_websites
ebc9f1b33f72123ff343b9ef5ffa65a9b0e6c53d,aigiovoice,http://aigiovoice.gr,website,unknown,national,Achaia,news,operating,ok,https://www.facebook.com/aigiovoice.gr,https://x.com/AigioVoice1,https://www.youtube.com/channel/UCeMuXg5gIEWp1QQxyFMYeYA,Aigiovoice,mt_websites
6f12827e20df0adb2006be0f0a56df860a58ec20,amarysianotia,https://amarysianotia.gr/,website,unknown,national,Attica,news,operating,ok,https://www.facebook.com/amarysianotia.gr,,,,mt_websites
8102dd4116ef068a42697cc8caea6b83347220ff,amarysia,https://amarysia.gr/,website,unknown,national,Attica,news,operating,ok,https://www.facebook.com/amarysia.gr/,,https://www.youtube.com/channel/UClG9fRjtoWxduQrLwAOjBRA,,mt_websites
fad4c6a3018c630c653eccb22c90ed6e51aac1d3,cretalive,https://www.cretalive.gr/,website,unknown,national,Iraklio,news,operating,ok,https://www.facebook.com/cretalive/,https://www.twitter.com/cretalive/,https://www.youtube.com/channel/UCmzaIE6UCdRguV2hYXxDl_A,OnMedia Digital MAE,mt_websites
81f2ad9d3e281cf8da92a79bd0a7848860256455,slpress,https://slpress.gr/,website,unknown,national,Attica,news,operating,ok,https://www.facebook.com/StavrosLygeros.gr/,https://twitter.com/lygerosstavros,https://www.youtube.com/channel/UCm_hLzz_bvWKdVFvIlCHbtQ,,mt_websites
1a616c83f1201e6f6626c55433f647095c5e1570,newstok,https://newstok.gr,website,unknown,national,Evia,news,operating,ok,https://www.facebook.com/newstok.gr,https://x.com/Newstok_gr,,BARSAKIS MEDIA GROUP,mt_websites
f87a3979c3f050bfe6099fbe3c6129bf9f4f48c1,agriniopress,http://www.agriniopress.gr,website,unknown,national,Aitoloakarnania,news,operating,ok,https://www.facebook.com/agriniopress.gr/,https://x.com/AgrinioPress,https://www.youtube.com/user/agriniopress,AGRINIOMEDIA,mt_websites
22518748cc6fa93b2a229041389b2200e95bad06,agrinionews,https://www.agrinionews.gr/,website,unknown,national,Aitoloakarnania,news,operating,ok,https://www.facebook.com/agrinionews/,https://twitter.com/agrinionews,,AGRINIOMEDIA,mt_websites
de1468d60478adc683d38831e474178c78f5556b,agriniotimes,https://www.agriniotimes.gr/,website,unknown,national,Aitoloakarnania,news,operating,ok,https://www.facebook.com/AgrinioTimes.gr,https://twitter.com/agriniotimes,https://www.youtube.com/channel/UCyWsrhvyRGd8Ru-p-uUWjRA,,mt_websites
4c7724769af6b98c4277bf9471121ae89e352c70,epikairotita,https://epikairotita.info/,website,unknown,national,Karditsa,news,operating,ok,https://www.facebook.com/people/%CE%95%CF%80%CE%B9%CE%BA%CE%B1%CE%B9%CF%81%CF%8C%CF%84%CE%B7%CF%84%CE%B1-%CE%9A%CE%B1%CF%81%CE%B4%CE%AF%CF%84%CF%83%CE%B1%CF%82/100063281706579/,,,,mt_websites
abb07275eedbc083b78896f2683ac5be2daef0af,adesmeuti,https://www.adesmeuti.gr,website,unknown,national,Xanthi,news,operating,ok,https://www.facebook.com/adesmeuti/,,,ΑΔΕΣΜΕΥΤΗ,mt_websites
d11ed2c507e4c48114de15eef88f3086303a9b80,ot,https://www.ot.gr/,website,unknown,national,Attica,news,operating,ok,https://www.facebook.com/otgrofficial,https://x.com/otgr_official,,ONE DIGITAL SERVICES,mt_websites
87f07777be8f31d586515979e1c511ae4a6d31ae,epiloges,https://epiloges.tv/,website,unknown,national,Cyclades,news,operating,ok,https://www.facebook.com/tileepiloges,,https://www.youtube.com/channel/UCJmgSX50r0Q0kFXFcKHp4Kg/videos,ΕΠΙΛΟΓΕΣ  INTERMEDIA,mt_websites
b2f1d880873fb4887396ccf9083cb17c4f324760,politeianews,http://www.politeianews.gr,website,unknown,national,Achaia,news,operating,ok,https://www.facebook.com/Politeiapatra,https://x.com/PoliteiaNews,,MIKAD,mt_websites
43daab3dcf47fe53c5b53d565cccdb30bc205af9,e-ota,https://e-ota.gr/,website,unknown,national,Attica,news,operating,ok,https://www.facebook.com/eotagr/,,https://www.youtube.com/c/parapolitikagrofficial/videos,POWERGAME MEDIA Ι.Κ.Ε,mt_websites
4ac1e4dd9db266aeefd521ea789b86f70e3b048f,financialreport,https://www.financialreport.gr/,website,unknown,national,Attica,news,operating,ok,https://www.facebook.com/profile.php?id=61554199059410,https://twitter.com/Financial_RepGR,,FINANCIAL REPORT,mt_websites
7d93ee01dbb733da4e8041a9748a6320c65bdb00,fortunegreece,https://www.fortunegreece.com/,website,unknown,national,Attica,news,operating,ok,,,,,mt_websites
5b2a3bcf885c923b25ed228685841b39c91f2cdd,powergame,https://www.powergame.gr/,website,unknown,national,Attica,news,operating,ok,https://www.facebook.com/powergame.gr/,https://x.com/PowergameGr,https://www.youtube.com/channel/UCYXQE4Tkm6HLygLVmLc4obw,POWERGAME MEDIA Ι.Κ.Ε,mt_websites
1fe5ff32c31aefaef2395f4a93eb18032243c75e,iraklionews,https://iraklionews.gr,website,unknown,national,Iraklio,news,operating,ok,https://www.facebook.com/iraklionews.gr/,https://x.com/iraklionews?lang=en,https://www.youtube.com/@iraklionewscrete/videos,iraklionews.gr,mt_websites
f807cf3cdf9d5ee39251b51e83166107db00114e,creta24,https://creta24.gr,website,unknown,national,Iraklio,news,operating,ok,https://www.facebook.com/creta24.gr/,https://twitter.com/creta24news,https://www.youtube.com/channel/UCBjb_pNOT0WQMh7QGHmajEA,ΠΑΓΚΡΗΤΙΑ ΡΑΔΙΟΤΗΛΕΟΡΑΣΗ Α.Ε.,mt_websites
6c97f745301dcb8db4a0f1103b731334073d2488,patrisnews,https://www.patrisnews.com/,website,unknown,national,Ilia,news,operating,ok,https://www.facebook.com/patrisnews/,https://x.com/patrisnewscom,https://www.youtube.com/@patrisnews,ΣΟΛΟΥΤΙΟΝΣ,mt_websites
11b60beaf6742e0d05c081c14b8e1cc73228459f,maleviziotis,https://maleviziotis.gr/,website,unknown,national,Iraklio,news,operating,ok,https://www.facebook.com/maleviziotis,https://twitter.com/MaleviziotisGr,https://www.youtube.com/channel/UCgiO33VwNgtsxkuKNscg0VQ,maleviziotis.gr,mt_websites
7dc8c882e823aa741ec89d1047e6675485706b34,1077statusfm,https://www.1077statusfm.gr/,website,unknown,national,Thessaloniki,news,operating,ok,https://www.facebook.com/status1077/?locale=el_GR,https://x.com/Status1077,https://www.youtube.com/channel/UCQ7a9S-6VJ8WHmVCvPQXxQg,STATUS  ΡΑΔΙΟΤΗΛΕΟΠΤΙΚΕΣ ΠΑΡΑΓΩΓΕΣ,mt_websites
917c1a8b680d666ca1664258ea54936b235284e2,ekriti,https://www.ekriti.gr/,website,unknown,national,Iraklio,news,operating,ok,https://www.facebook.com/ekriti.gr,https://twitter.com/ekriti_gr,,ΡΑΔΙΟ ΚΡΗΤΗ,mt_websites
dcba61f840733784c99a420cc4ab517092561774,atlantea,https://atlantea.news/,website,unknown,national,Cyclades,news,operating,ok,https://www.facebook.com/atlanteanews/,https://twitter.com/atlantea_news,https://www.youtube.com/atlantea-webtv,,mt_websites
6bc1a5855e14d8f1126c173f8339f2148c83e467,net-time,https://www.net-time.gr/,website,unknown,national,Attica,news,operating,ok,https://www.facebook.com/nettimegreece/?locale=el_GR,,,,mt_websites
7123c4ced7e7bf4aaee4fa5381a5998a284dab9e,theopinion,https://www.theopinion.gr/,website,unknown,national,Thessaloniki,news,operating,ok,https://www.facebook.com/theopiniongr,https://x.com/TheOpinion_News,https://www.youtube.com/channel/UCIgu03X5PFdXu6F1LK8sclQ,ΤΗESSDIGITAL IKE,mt_websites
b924e797c0b86b5baf7633787ad83867a24d65a6,pelop,https://pelop.gr,website,unknown,national,Achaia,news,operating,ok,https://www.facebook.com/peloponnisosnewspaper,https://www.twitter.com/pelopnews,https://www.youtube.com/peloponnisosmedia,Π ΗΛΕΚΤΡΟΝΙΚΕΣ ΕΚΔΟΣΕΙΣ,mt_websites
00fe056bf82113e8623e2e5b58f484ce16752cbb,banks,https://banks.com.gr/,website,unknown,national,Attica,news,operating,ok,https://www.facebook.com/Bankscomgr.News,,https://www.youtube.com/channel/UCGlYoCC2xt0vWEa-n-qPJkw,ETHOS MEDIA AE,mt_websites
d4788a51d2d1d55cd4040e9b258ea38364534c99,florinadaily,https://florinadaily.gr/,website,unknown,national,Pella,news,operating,ok,,,,ΑΜΚΕ ΕΝΗΜΕΡΩΣΗ ΜΑΚΕΔΟΝΙΑΣ,mt_websites
96ae97b43eb5faaf2d61d1b18286222b6989a732,apopsipellas,https://apopsipellas.gr/,website,unknown,national,Pella,news,operating,ok,https://www.facebook.com/people/%CE%91%CE%A0%CE%9F%CE%A8%CE%97/100050373231634/?sk=about,,,ΤΥΠΟΕΚΔΟΤΙΚΗ ΟΕ,mt_websites
7f925bf507872de62986a978f7d42e1150de8368,oknews,https://oknews.gr/,website,unknown,national,Attica,news,operating,ok,https://www.facebook.com/OknewsGr,https://twitter.com/OknewsGr/,,OK NEWS,mt_websites
12e57b7efcb22fae564f6c77941ac62ed97273f8,police365,https://police365.gr/,website,unknown,national,Attica,news,operating,ok,,,,AG MEDIA M.IKE,mt_websites
b9f8c71e68dcced794e82dbf7dd41622c0b119ad,todaypress,https://todaypress.gr/,website,unknown,national,Attica,news,operating,ok,https://www.facebook.com/todaypressgr/,,,AG MEDIA M.IKE,mt_websites
25d383a5d5a7417f4fcc093909f0b70b576f391c,afteroffice,https://afteroffice.gr/,website,unknown,national,Attica,news,operating,ok,https://www.facebook.com/After-Office-Gr-124870929775319,https://twitter.com/afterofficegr,,AG MEDIA M.IKE,mt_websites
c619af20aff5d81dd35d88bee0fa7594ae76b477,karvasaras,https://karvasaras.gr/,website,unknown,national,Aitoloakarnania,news,operating,ok,https://www.facebook.com/karvasarasgr/,https://x.com/karvasarasgr,https://www.youtube.com/channel/UC_jk6E0M8Rageaeq6st-xXw,All Around Media,mt_websites
34dfd4dff08f5c59c037550711ce58d3f8d44c26,patrasevents,http://patrasevents.gr,website,unknown,national,Achaia,news,operating,ok,https://www.facebook.com/patrasevents/,,https://www.youtube.com/@patraseventsoe4264,New Media Soft,mt_websites
439c4d2a598fc2c4491baa3db8a75f9e015d5357,dikastiko,https://www.dikastiko.gr/,website,unknown,national,Attica,news,operating,ok,https://www.facebook.com/dikastiko.gr/,https://twitter.com/Dikastiko_gr,,dikastiko.gr,mt_websites
89cb0f2b322e8c933b5d655575ee9e59c1f97690,eviathema,https://eviathema.gr,website,unknown,national,Evia,news,operating,ok,https://www.facebook.com/eviathemagr2,https://x.com/eviathemagr,,BARSAKIS MEDIA GROUP,mt_websites
13ac21327d8da6bce059f5c9052d82840c15d5e7,makeleio,https://www.makeleio.gr/,website,unknown,national,Attica,news,operating,ok,https://www.facebook.com/makeleionew/,https://twitter.com/makeleio_gr,,ΘΗΣΕΑΣ ΕΝΗΜΕΡΩΣΗ ΔΙΑΔΙΚΤΥΟΥ ΜΟΝΟΠΡΟΣΩΠΗ Ι Κ Ε,mt_websites
2d17ca66678e8d63780adb4a3a434002c8da38d5,typosthes,https://www.typosthes.gr/,website,unknown,national,Thessaloniki,news,operating,ok,https://www.facebook.com/TyposThessalonikis,https://twitter.com/typosthes,,,mt_websites
15eb6d7073851318b7984faea147b50eed1d5520,radio984,https://www.radio984.gr/,website,unknown,national,Iraklio,news,operating,ok,https://www.facebook.com/radio984her,https://x.com/radio984,https://www.youtube.com/user/984radio,KPHTH TV,mt_websites
ad1203d31786c1c4c335caabba2963e4b601e74a,trikalaidees,https://www.trikalaidees.gr/,website,unknown,national,Trikala,news,operating,ok,https://www.facebook.com/trikalaidees.gr/,,,CRAFT,mt_websites
01e538b4109d0e7397a322449a1b1dbda4a8834d,larisanews,https://www.larisanews.gr/,website,unknown,national,Karditsa,news,operating,ok,https://www.facebook.com/larisanews.gr/,https://x.com/larisanews1,,ORION MEDIA,mt_websites
af5936b48152a71db8536365bb82beaaa194ddd7,karditsanews,https://www.karditsanews.gr/,website,unknown,national,Karditsa,news,operating,ok,https://www.facebook.com/karditsanews.gr/,,,ORION MEDIA,mt_websites
6636f32fe674624292e0478a22da0f78f5b5f244,formedia,https://www.formedia.gr/,website,unknown,national,Larissa,news,operating,ok,https://www.facebook.com/4medianews/,https://twitter.com/formedianews,https://www.youtube.com/channel/UC4ADGM9UUwFI6-rR1Gsp_cA/videos,21 ADMEDIA ΜΟΝ ΙΚΕ,mt_websites
55775acffdef9bce42809d4afc76e75310880d75,westatticatoday,https://westatticatoday.gr/,website,unknown,national,Attica,news,operating,ok,https://www.facebook.com/westatticatoday/,,https://www.youtube.com/channel/UCBGRMCRzh6c_G1_LE5AUKuw,ΕΝΗΜΕΡΩΣΗ ΜΕΓΑΡΩΝ ΚΑΙ ΔΥΤΙΚΗΣ ΑΤΤΙΚΗΣ,mt_websites
63ec91c0d86a3aa586cfd11556c04236d8aa2b6a,enachannel,https://enachannel.gr/,website,unknown,national,Kavala,news,operating,ok,https://www.facebook.com/enachannel.gr/,,https://www.youtube.com/channel/UC_E3ROtebnZXH708dOeBgDQ,ENA CHANNEL,mt_websites
64fde284a1e011efd2e158c7760b14f0f11fb542,naftemporiki,https://www.naftemporiki.gr/,website,unknown,national,Attica,news,operating,ok,https://www.facebook.com/naftemporikigr/,https://twitter.com/naftemporikigr,https://www.youtube.com/user/naftemporikigr,Η ΝΑΥΤΕΜΠΟΡΙΚΗ,mt_websites
01f84101d96e299fbb9275bf533df6a61eae66e1,thessaliaeconomy,https://thessaliaeconomy.gr/,website,unknown,national,Larissa,news,operating,ok,https://www.facebook.com/thessaliaeconomy,https://www.twitter.com/Thessaliaeconom,,LOCAL NEWS ΙΚΕ,mt_websites
fcd8b636b8412009d34d4b4f3a24c6cd69b110e1,trikalaenimerosi,https://trikalaenimerosi.gr/,website,unknown,national,Larissa,news,operating,ok,https://www.google.com/url?sa=t&source=web&rct=j&opi=89978449&url=https://www.facebook.com/trikalaenimerosi/%3Flocale%3Del_GR&ved=2ahUKEwiF1YiJ0duRAxVAAtsEHZ6KHdoQFnoECBkQAQ&usg=AOvVaw2huaCAIjGt9hZEgJ8QC9Wc,,,LOCAL NEWS ΙΚΕ,mt_websites
7dbb2f0667c10b10c7e828f5407d6d48a56d1d7b,thessalianews,https://thessalianews.gr/,website,unknown,national,Larissa,news,operating,ok,https://www.facebook.com/thessaliaeconomy,https://www.twitter.com/Thessaliaeconom,,LOCAL NEWS ΙΚΕ,mt_websites
344c33d475e4cf5c410d9c222575693eecb44581,flash,https://www.flash.gr/,website,unknown,national,Attica,news,operating,ok,https://www.facebook.com/flashgrofficial,https://x.com/flashgrofficial,https://www.youtube.com/@flashgrofficial,SPORTNEWS INTERNET SERVICE S.A,mt_websites
4f8cb24f8c328845f1dc4183cb52ad16b8aad5a2,ioniantv,https://ioniantv.gr/,website,unknown,national,Achaia,news,operating,ok,https://www.facebook.com/IonianTv/,https://x.com/IonianChannel,https://www.youtube.com/channel/UCGM649s8wdiDruTJDgeOMCQ,IONIAN TV,mt_websites
e537e894649485cb8a9904422681ac1fa2f307d7,agriniotv,http://www.agriniotv.gr,website,unknown,national,Aitoloakarnania,news,operating,ok,,,https://www.youtube.com/@agriniotv7392,AGRINIOMEDIA,mt_websites
3eab8a27ff538cd2aa2bf136be8ff003bc0e22e7,insider,https://www.insider.gr/,website,unknown,national,Attica,news,operating,ok,https://www.facebook.com/insider.gr,https://twitter.com/insiderGrNews,,LIQUID PUBLISHING,mt_websites
982a7835c209c82c18afd214872271b3a34c560a,tharrosnews,https://www.tharrosnews.gr/,website,unknown,national,Messinia,news,operating,ok,https://www.facebook.com/TharrosNews/,https://twitter.com/tharrosnews?lang=el,https://www.youtube.com/user/tharrosnews,,mt_websites
b30522ab3ecd0cad5797f36ef769ff902d96f465,phaistosnews,https://phaistosnews.gr/,website,unknown,national,Iraklio,news,operating,ok,https://www.facebook.com/phaistosnews.gr/,,,iraklionews.gr,mt_websites
1f5becbbbb4b7c9c888604e8dc8703e2c548d890,neakriti,https://www.neakriti.gr,website,unknown,national,Iraklio,news,operating,ok,https://www.facebook.com/neakritigr,https://twitter.com/neakritigr,https://www.youtube.com/c/NeakritiGr-News,,mt_websites
29aed26b69d9bf9058c1c867e8e4f5330904c829,tempo24,http://tempo24.news,website,unknown,national,Achaia,news,operating,ok,https://www.facebook.com/tempo24.gr,https://x.com/tempo24_gr,https://www.youtube.com/channel/UCnmNz30Jzt7Q22wjmU0pr_A,tempo24.news,mt_websites
9334beb4231c4a8009333c9c7f7edf8702360648,evros24,https://evros24.gr,website,unknown,national,Evros,news,operating,ok,https://www.facebook.com/evros24,https://twitter.com/evros_24,https://www.youtube.com/evros24gr,evros24,mt_websites
08147a426aa8d757ef5bebd5d0405f3d627a9993,ieidiseis,https://www.ieidiseis.gr/,website,unknown,national,Attica,news,operating,ok,https://www.facebook.com/iEidiseis.gr,https://x.com/ieidiseisgr,https://youtube.com/@ieidiseis9137,NEWSROOM A.E.,mt_websites
674de1c168407e7ac03b0682bc2b0294b5359424,xanthidaily,https://xanthidaily.gr/,website,unknown,national,Xanthi,news,operating,ok,https://www.facebook.com/xanthidaily.gr/,https://twitter.com/DailyXanthi,https://www.youtube.com/channel/UCjbwNWiR9hVIKuI_i5skpwQ,xanthidaily,mt_websites
1a3bb4445df399fd454fb1a7b380412036521812,menshouse,https://menshouse.gr/,website,unknown,national,Attica,news,operating,ok,https://www.facebook.com/menshouse.gr/?locale=el_GR,https://x.com/Menshousegr,https://www.youtube.com/@menshouse2910,PARALOT MEDIA AND MARKETING LIMITED,mt_websites
53e3e70c3a0fd87d475bfe8390f18944c62c0dc9,thetoc,https://www.thetoc.gr/,website,unknown,national,Attica,news,operating,ok,https://www.facebook.com/TheTOC.gr,https://twitter.com/TheTOC_gr,https://www.youtube.com/user/TheTOCgr,ΑΤΤΙΚΕΣ ΕΚΔΟΣΕΙΣ Α.Ε.,mt_websites
2be9a3d8dc2fad1988e018a161962e6b7bf0077e,madamefigaro,https://www.madamefigaro.gr/,website,unknown,national,Attica,news,operating,ok,https://www.facebook.com/MadameFigaroGreece,,,ΑΤΤΙΚΕΣ ΕΚΔΟΣΕΙΣ Α.Ε.,mt_websites
f7e3fb1e0296c484ae6b5c249db886ad573d82ed,fineview,http://FINEVIEW.GR,website,unknown,national,Achaia,news,operating,ok,https://www.facebook.com/Fineview.gr,,https://www.youtube.com/channel/UCPsWcz8SY-6ZGHObWKkut6Q/featured,FINEVIEW,mt_websites
306c45680ca47ace1f50a3dceed15a1ae574fc42,mag24,https://www.mag24.gr/,website,unknown,national,Fthiotida,news,operating,ok,https://www.facebook.com/mag24greece,https://twitter.com/mag24gr,https://www.youtube.com/@mag24online,,mt_websites
92a3d138a3c81bea60aed8845ed1b0e9daa5c5fe,blueskytv,https://blueskytv.gr/,website,unknown,national,Attica,news,operating,ok,https://www.facebook.com/blueskytv,https://twitter.com/blueskytvgr,https://www.youtube.com/blueskytv,BLUE SKY,mt_websites
970b11480b26607ab73a78fc31263859c3e12735,iapopsi,https://www.iapopsi.gr/,website,unknown,national,Attica,news,operating,ok,https://www.facebook.com/iapopsi/?locale=el_GR,https://x.com/H_Apopsi,https://www.youtube.com/@%CE%97%CE%86%CF%80%CE%BF%CF%88%CE%B7-%CF%841%CF%83,,mt_websites
bb1d717ac67d9aaf14fef790e66f261d9264e01b,motorone,https://www.motorone.gr/,website,unknown,national,Attica,news,operating,ok,https://www.facebook.com/motorone.gr,https://twitter.com/GrMotorone,,NEXT STEP MEDIA,mt_websites
babf3d44fc36098d0c2491b92a36a7cdc754df12,vradini,https://www.vradini.gr/,website,unknown,national,Attica,news,operating,ok,https://www.facebook.com/vradini.gr,https://twitter.com/VradiniGr,https://www.youtube.com/channel/UC8hnKp5j72dbiWpotwINTFg/videos,,mt_websites
b50b86d199a77ad02c8a453813dbee4819172569,kavala-portal,https://www.kavala-portal.gr,website,unknown,national,Kavala,news,operating,ok,https://www.facebook.com/fonikavalas/,https://twitter.com/kavalaportal,https://www.youtube.com/channel/UCjtrdJf3hOvMY-oLBFXKhIg/,KAVALA PORTAL,mt_websites
476b97075255ce0886eba9036c0030289bcfbafd,alpha-news,https://www.alpha-news.gr/,website,unknown,national,Drama,news,operating,ok,https://www.facebook.com/alphanewsfm/,https://twitter.com/alphanewsdrama,,ALPHA NEWS Drama,mt_websites
db32b903a6651d3b421c9d2473b85b5a01a83f8d,myportal,https://myportal.gr/,website,unknown,national,Thessaloniki,news,operating,ok,https://www.facebook.com/MyPortal.gr,https://twitter.com/MyPortalGR,https://www.youtube.com/channel/UC-L_MwEzpxsQqq2T-5eBdtA,JK MEDIA GROUP,mt_websites
d3b9a700db95404659e80c176278843a875a929f,thesprotiki,https://thesprotiki.gr/,website,unknown,national,Thesprotia,news,operating,ok,https://www.facebook.com/thesprotiki,,,,mt_websites
e9b6398a0e15579b37528e467bf1c08af787d1de,xronikadramas,https://xronikadramas.gr,website,unknown,national,Drama,news,operating,ok,http://www.facebook.com/xronikadramas,https://twitter.com/xronikadra,,,mt_websites
493ee9d46e1992a84291328bbe4b7ea454bc96c7,nafpaktianews,https://www.nafpaktianews.gr,website,unknown,national,Aitoloakarnania,news,operating,ok,https://www.facebook.com/NafpaktiaNews/,https://x.com/nafpaktianews,https://www.youtube.com/nafpaktianews,D.K MEDIA GROUP,mt_websites
59241a89dc187eb830f2e9404d1cc20ab3fe58df,nafpaktosvoice,https://www.nafpaktosvoice.gr/,website,unknown,national,Aitoloakarnania,news,operating,ok,https://www.facebook.com/nafpaktosvoice/?locale=el_GR,https://x.com/nafpaktosvoice,https://www.youtube.com/@nafpaktosvoice,ΕΜΠΡΟΣ ΝΑΥΠΑΚΤΟΥ,mt_websites
09c1c7fc0f2f72a4feb74ef377bbb5bfdf8bbb6d,thecaller,https://thecaller.gr/,website,unknown,national,Attica,news,operating,ok,https://www.facebook.com/thecallergr/,https://twitter.com/thecaller8,,NEW COMMUNICATION,mt_websites
6fc96301927c5636532f652499faf2b97ee5c553,anatropinews,https://www.anatropinews.gr/,website,unknown,national,Attica,news,operating,ok,https://www.facebook.com/Anatropinews,https://www.twitter.com/anatropi_news,,S   P COM,mt_websites
3097afa07b3c94f2b088642d65689cbedead67a7,libre,https://www.libre.gr/,website,unknown,national,Attica,news,operating,ok,https://www.facebook.com/libre.gr/,https://twitter.com/libre_gr,https://www.youtube.com/channel/UCe1PXFjAVn9hKQyCDdPeqJw,S   P COM,mt_websites
ec56e18b469cf51d1c395c1e0223f03949bf9d37,toxrima,https://www.toxrima.gr/,website,unknown,national,Attica,news,operating,ok,https://www.facebook.com/toxrima,https://twitter.com/toxrima,,MEDIA PUBLISHING G.K. I.K.E.,mt_websites
f004c8b673e0af19eab3991ba7efeb790f7ebe65,paraskhnio,https://www.paraskhnio.gr/,website,unknown,national,Attica,news,operating,ok,https://www.facebook.com/paraskhnio/,https://x.com/paraskhnio/,https://www.youtube.com/channel/UCvY7hn77RZZrM3oNwZaCU9A,MEDIA PUBLISHING G.K. I.K.E.,mt_websites
230371b4d17471351b67c9538fec902eafb70dd9,politic,https://www.politic.gr/,website,unknown,national,Attica,news,operating,ok,https://www.facebook.com/politic.gr,https://twitter.com/PoliticGr,https://www.youtube.com/channel/UCnQp22oMdejquC0oqD5MtpQ,POLITIK,mt_websites
47035a8346f931ed372bf485f83bb9718685cc48,star,https://www.star.gr/,website,unknown,national,Attica,news,operating,ok,https://www.facebook.com/stargrnews,https://twitter.com/wwwstargr,,NTV,mt_websites
74ccef14ac732869d7a354a48f49a1f6038911ef,voicenews,https://voicenews.gr/,website,unknown,national,Attica,news,operating,ok,https://www.facebook.com/voicenews.gr,https://x.com/apokalyptikodel,,,mt_websites
b7e270af027ffd098deedd72cb070812ede99d07,xanthinews,https://xanthinews.gr/,website,unknown,national,Xanthi,news,operating,ok,https://www.facebook.com/xanthinews/,https://twitter.com/xanthinews,https://www.youtube.com/channel/UCirGwTQDB_NZFqcuHZ_YHUg,XanthiNews,mt_websites
5634929904766bb43e583d27b533322fdbcaf755,15minutes,https://15minutes.gr/,website,unknown,national,Attica,news,operating,ok,https://www.facebook.com/15minutesgr,https://x.com/i/flow/login?redirect_after_login=%2F15minutes_gr,,,mt_websites
de640a42c8200d1368071dcf4d3e775a46981a74,bankingnews,https://www.bankingnews.gr/,website,unknown,national,Attica,news,operating,ok,https://www.facebook.com/bankingnewsgr/,https://twitter.com/bankingnewsgr,,BANKINGNEWS MON.AE,mt_websites
41a5678657e480051871fe2709af6741ab3e9b0d,arthro,https://arthro.gr/,website,unknown,national,Attica,news,operating,ok,https://www.facebook.com/arthrogr-110373053788394,https://twitter.com/GrArthro,https://youtube.com/channel/UCd8R6FiJqBD-4q9gcjQhKcg,LEVEL GROUP ΜΟΝΟΠΡΟΣΩΠΗ Ι Κ Ε,mt_websites
98d04b42e03a591d6d5252748fa2945345c59af3,dimosio,https://dimosio.gr/,website,unknown,national,Attica,news,operating,ok,https://www.facebook.com/dimosio.gr/,https://twitter.com/dimosio_gr,,LEVEL GROUP ΜΟΝΟΠΡΟΣΩΠΗ Ι Κ Ε,mt_websites
69ee0691a235576f92c966e5729512cd96363e3c,lamiafm1,https://lamiafm1.gr/,website,unknown,national,Fthiotida,news,operating,ok,https://www.facebook.com/profile.php?id=61559572703683,,https://www.youtube.com/@LamiaFM-zh8cx,lamiafm1.gr,mt_websites
94af7fdb72e95ff1a8b1353ef22415cb32924904,realvoice995,https://realvoice995.gr/,website,unknown,national,Dodecanese,news,operating,ok,https://www.facebook.com/realvoice995,https://twitter.com/RealVoice995,,"Real Voice 99,5",mt_websites
6c1a6a305e9c9a8f2772b8fc8ef2133f10da81af,insidestory,https://insidestory.gr/,website,unknown,national,Attica,news,operating,ok,https://www.facebook.com/insidestory.gr/,https://twitter.com/insidestory_gr,,The Whole Story,mt_websites
2159e6d238ab00fb1db9aecf01530295fb8dc222,magnesianews,https://magnesianews.gr/,website,unknown,national,Magnesia,news,operating,ok,https://www.facebook.com/magnesianews,https://twitter.com/magnesianews,https://www.youtube.com/magnesianews,,mt_websites
e840b323e4032e9dc354b281366f23c77ef5b6b5,epoli,https://www.youtube.com/c/parapolitikagrofficial/videos,website,unknown,national,Attica,news,operating,ok,https://www.facebook.com/epoli.gr/,https://twitter.com/epoli_gr,,,mt_websites
68a01e366af1dd4d6a2abca157ec865b64d5deb4,protagon,https://www.protagon.gr/,website,unknown,national,Attica,news,operating,ok,https://www.facebook.com/protagongr/,https://x.com/protagongr,https://www.youtube.com/user/protagongr,ΠΡΟΤΑΓΚΟΝ ΑΕ,mt_websites
cd91b87ab8384c21a04fbb3ac55dd6a9462b0053,politica,https://www.politica.gr/,website,unknown,national,Iraklio,news,operating,ok,https://www.facebook.com/Politica.gr/,,,PR MEDIA ΜΟΝΟΠΡΟΣΩΠΗ ΙΚΕ,mt_websites
9d5dd3f126443bf2aa24e2072f2991d0dc2cf787,expressnews,https://expressnews.gr/,website,unknown,national,Aitoloakarnania,news,operating,ok,https://www.facebook.com/expressnewsgr/?locale=is_IS,,,,mt_websites
1b0a5430759a6b0106d0e91f5a9c899c3729876d,antenna,https://antenna.gr/,website,unknown,national,Attica,news,operating,ok,https://www.facebook.com/ANT1TV/,https://twitter.com/ant1tv,https://www.youtube.com/c/ant1tv,ΑΝΤΕΝΝΑ T.V. ΜΟΝΟΠΡΟΣΩΠΗ A.E.,mt_websites
4ef669aed95834a942ab48e3311f80cef7ba601c,thrakinea,https://www.thrakinea.gr/,website,unknown,national,Kavala,news,operating,ok,https://www.facebook.com/thrakinea.gr/,https://x.com/thrakinea?lang=en,https://www.youtube.com/user/thrakinea,DIGITAL PUBLIC ΜΟΝΟΠΡΟΣΩΠΗ ΙΚΕ,mt_websites
f2535887b2600a956d96970d1e87f102c8f3a5f3,thrakinet,https://www.thrakinet.tv/,website,unknown,national,Evros,news,operating,ok,https://www.facebook.com/thrakinet/?locale=el_GR,,https://www.youtube.com/thrakinet,ΘΡΑΚΗΝΕΤ,mt_websites
21855ead6cab2edf3b3c5d737fe92cc0584b445c,efkozani,https://efkozani.gr/,website,unknown,national,Kozani,news,operating,ok,https://www.facebook.com/www.efkozani.gr/,https://x.com/o8S936cNzLFoYB8,https://www.youtube.com/channel/UCP_yl4WjP1Xjyoje7YaAMGA,ΙΩΑΝΝΗΣ ΣΑΛΑΚΙΔΗΣ,mt_websites
faa38fb617486d9cf66d98c81e34709875b34ae7,acheloostvnews,http://acheloostvnews.gr,website,unknown,national,Aitoloakarnania,news,operating,ok,https://www.facebook.com/axelwostv,https://x.com/Axeloos_Media,https://www.youtube.com/channel/UCa0b8xwm9QEjxKHB740FruQ,ΑΧΕΛΩΟΣ TV,mt_websites
eed23dbb7fbb740704f58d69d165be83f95305ec,acheloostv,https://www.acheloostv.gr,website,unknown,national,Aitoloakarnania,news,operating,ok,https://www.facebook.com/axelwostv/,https://x.com/Axeloos_Media,https://www.youtube.com/channel/UCa0b8xwm9QEjxKHB740FruQ,ΑΧΕΛΩΟΣ TV,mt_websites
7e94a5cfb76da1bccf4f9137a19842bd5a570a3c,zougla,https://www.zougla.gr/,website,unknown,national,Attica,news,operating,ok,https://www.facebook.com/www.zougla.gr/,https://twitter.com/zougla_online,https://www.youtube.com/user/zouglagr,ZOYGLA G.R. A.E.,mt_websites
d7505c58162837954049d0ad7c3aed9b5edea24f,govastileto,https://www.govastileto.gr/,website,unknown,national,Attica,news,operating,ok,https://www.facebook.com/www.govastileto.gr,https://twitter.com/GovaStiletogr,,ZOYGLA G.R. A.E.,mt_websites
a06521500d55c2bc732167718f776f7cf18c0517,govnews,https://govnews.gr/,website,unknown,national,Attica,news,operating,ok,https://www.facebook.com/govnews.gr,https://twitter.com/govnewsgr,,MEDIAHUB GROUP,mt_websites
b36c899eed0c0b3df88b03fd30a8f9868f7fbc24,skairadio,https://www.skairadio.gr/,website,unknown,national,Attica,news,operating,ok,https://www.facebook.com/skaigr,https://www.twitter.com/skaigr,https://www.youtube.com/channel/UC6ermTU8nKSCRJOX2WdYj7g,ΣΚΑΪ Α.Ε.,mt_websites
2f6deb256d343aa68a0e18b94f9291ffcad58be5,grtimes,https://www.grtimes.gr/,website,unknown,national,Thessaloniki,news,operating,ok,https://www.facebook.com/GRTIMES.gr,https://x.com/grtimes_,https://www.youtube.com/channel/UC6l--jd0YBeKEUYaOHzWH9w,GRTIMES MEDIA ΜΟΝΟΠΡΟΣΩΠΗ Α.Ε,mt_websites
63bd75aa6246e9d95e642e144ad63b26f9bfcb1d,krinilive,https://krinilive.gr/,website,unknown,national,Trikala,news,operating,ok,https://www.facebook.com/KriniLive.gr/,,https://www.youtube.com/@KriniLive,ΚΡΗΝΗ LIVE!,mt_websites
ebcd94033f81bb474f8323c35f979b8fe7b74627,tvpatrida,https://tvpatrida.gr/,website,unknown,national,Chios,news,operating,ok,https://www.facebook.com/patrida.chios/,https://twitter.com/patridachios,https://www.youtube.com/channel/UCMCew9C72UZvj_4eOWenCTQ/videos,ΠΑΤΡΙΔΑ Α.Ε.,mt_websites
0fb63c362c96c402b6b6dbf92214e30bdde27f32,dpress,https://dpress.gr/,website,unknown,national,Attica,news,operating,ok,,,,POLITIK,mt_websites
4a764cf8f2f1c10182aa78410c70a178ed7c00ae,prismaradio,https://prismaradio.gr/,website,unknown,national,Preveza,news,operating,ok,https://www.facebook.com/Prisma916/,https://x.com/prisma916,https://www.youtube.com/@prisma916,ENERGY MEDIA GROUP IKE,mt_websites
37a82feae03d874728cfb1af03f82cab7f871bf4,prevezatoday,https://www.prevezatoday.gr/,website,unknown,national,Preveza,news,operating,ok,https://www.facebook.com/prevezatoday,,,ENERGY MEDIA GROUP IKE,mt_websites
075ba14011caf3e49bdc96920b8b9fe0e916ac14,lefkadatoday,https://www.lefkadatoday.gr/,website,unknown,national,Preveza,news,operating,ok,https://www.lefkadatoday.gr/,https://x.com/lefkadatoday?lang=en,https://www.youtube.com/@lefkadatoday671,ENERGY MEDIA GROUP IKE,mt_websites
41b6e7a1479ee0806ffa76974e3611b834774778,boro,https://boro.gr/,website,unknown,national,Attica,news,operating,ok,https://www.facebook.com/anna.drouza.5,,https://www.youtube.com/channel/UCuGJLReC83dVlPH2VyiQsjg/videos,BORO,mt_websites
8caf3661bec8332ca5597c9d88501d982633d182,ellada24,https://ellada24.gr/,website,unknown,national,Attica,news,operating,ok,https://www.facebook.com/ellada24,https://twitter.com/ellada24,https://www.youtube.com/channel/UCc7v9dBvRptCoLTujj5H8JA,ADJUSTMENT IKE,mt_websites
d8878cee2c6a111fb0348f535e5d7276efd87767,flamis,http://flamis.gr,website,unknown,national,Achaia,news,operating,ok,https://www.facebook.com/@kflamis/?locale=el_GR&_rdr,,https://www.youtube.com/@kflamis,FLAMIS.GR,mt_websites
c6a6fc945982b20eccfc5d9f5f2f8091be32adf8,corfupress,https://www.corfupress.com/,website,unknown,national,Corfu,news,operating,ok,https://www.facebook.com/CorfuPress.com.Official/,https://twitter.com/corfupress,https://www.youtube.com/channel/UC38lHlcs0lAuvTghuS7Vd3Q,,mt_websites
2c3d565dbd1f106d86c8398c3d0e0a29e26491f6,ant1news,https://ant1news.gr/,website,unknown,national,Attica,news,operating,ok,https://www.facebook.com/Ant1news.gr/,https://x.com/antennanews,https://www.youtube.com/channel/UC0smvAbfczoN75dP0Hw4Pzw,ΑΝΤΕΝΝΑ T.V. ΜΟΝΟΠΡΟΣΩΠΗ A.E.,mt_websites
3b4f2851ce45e2ab1e2d24883d4a4d60e453b5ac,mixanitouxronou,https://www.mixanitouxronou.gr/,website,unknown,national,Attica,news,operating,ok,https://www.facebook.com/mixanitouxronou/,https://twitter.com/mixanitouxronou/,https://www.youtube.com/channel/UC3cF5zwsHbX0noh3jMTVlYQ/,ΜΗΧΑΝΗ ΤΟΥ ΧΡΟΝΟΥ,mt_websites
462d813ba32b523c4b68af4f1299bf6dc24b3841,agronews,https://www.agronews.gr/,website,unknown,national,Attica,news,operating,ok,https://www.facebook.com/AgroNews.gr/,https://x.com/agronewsgr?lang=en,https://www.youtube.com/user/agronews,GREEN BOX A.E.,mt_websites
84f6025dcc3de4e523ee5eb5613a1e1070df61ae,epirusonline,https://epirusonline.gr/,website,unknown,national,Ioannina,news,operating,ok,https://www.facebook.com/Epirus.Online/,https://twitter.com/Epirusonline,https://www.youtube.com/channel/UC2IL98A393OvLdxKa4qjIKg,ΕΚΔΟΣΕΙΣ ΛΟΓΟΤΥΠΟΣ ΑΕ,mt_websites
1364e92ce41a20a030d0ae01e2c11c382e319f04,thenewspaper,https://www.thenewspaper.gr/,website,unknown,national,Magnesia,news,operating,ok,https://www.facebook.com/thenewspapergr/,https://x.com/TheNewspaper8,https://www.youtube.com/channel/UC7NGRU4NhM4vVIvBjCPpEOw,MAREDIS MEDIA GROUP,mt_websites
6ac6694da7c5d28ea19d117e7475b056ef507943,ellinikahoaxes,https://www.ellinikahoaxes.gr/,website,unknown,national,Thessaloniki,news,operating,ok,https://www.youtube.com/channel/UCiN6Dd38C-lmS0s9Asuy5FA,https://twitter.com/ellinikahoaxes,https://www.youtube.com/channel/UCFmsAmrK8CB3bh80snfxQyQ,ΕLLΙΝΙΚΑ ΗΟΑΧΕS,mt_websites
dbbd42d82ba2bdbf2ca379b617172ffe09e1b6f2,samosvoice,https://samosvoice.gr,website,unknown,national,Thessaloniki,news,operating,ok,https://www.facebook.com/SamosVoice/,https://x.com/SamosVoice,https://www.youtube.com/channel/UCON5yg5uiABOyVHlYwgBs6A,,mt_websites
9bb5c70b6d56d3dd3b5fa0fa44a6b8e2d7414ae1,e-maistros,https://e-maistros.gr/main/,website,unknown,national,Aitoloakarnania,news,operating,ok,https://www.facebook.com/EfimeridaMaistros/,,https://www.youtube.com/@emaistros,ΠΑΠΠΑΣ ΚΩΝΣΤΑΝΤΙΝΟΣ,mt_websites
c3b09e77ef3f1302fc11dbca877bd3d2f7e8eb93,arta2day,https://arta2day.gr/,website,unknown,national,Aitoloakarnania,news,operating,ok,,https://x.com/arta2day,https://www.youtube.com/@arta2day,ΠΑΠΠΑΣ ΚΩΝΣΤΑΝΤΙΝΟΣ,mt_websites
04e3b91ba77d9a29a6f5114c130dc6fb3cc732c2,typoshalkidikis,https://typoshalkidikis.gr/,website,unknown,national,Chalkidiki,news,operating,ok,,,,,mt_websites
2adff67fb959006847d02d3e347b688d6f72d389,dailypost,https://dailypost.gr/,website,unknown,national,Attica,news,operating,ok,https://www.facebook.com/dailypost.gr/,https://twitter.com/DailyPostgr_,,ΝΟΗΣΙΣ ΙΚΕ,mt_websites
2656c9256c8afd0212199dd3a75b3c03f3215b83,thepresident,https://www.thepresident.gr/,website,unknown,national,Attica,news,operating,ok,https://www.facebook.com/thepresident.gr/,https://x.com/ThePresidentGr,https://www.youtube.com/@thepresidentgr5670,THEPRESIDENT,mt_websites
db2df0309803fb5095ea43509ecb0122fa883d5e,zarpanews,https://www.zarpanews.gr/,website,unknown,national,Chania,news,operating,ok,https://www.facebook.com/zarpa.gr,https://twitter.com/zarpanews,https://www.youtube.com/channel/UC1H0rJdHfj4ogoWsojyqZ-g/feed,ZARPA MEDIA GROUP,mt_websites
a29090539ed5ab8593ed48ce30b8f100820c2284,amna,https://www.amna.gr/,website,unknown,national,Attica,news,operating,ok,https://www.facebook.com/amnanewsgr,https://x.com/amna_news?lang=el,https://www.youtube.com/channel/UCyKt5RULE8q6Sx7raYkxRSA,ΑΠΕ ΜΠΕ ΑΕ,mt_websites
494dff5502de4e426a9dcad6805dd873e3d3c596,thessaliatv,https://www.thessaliatv.gr/,website,unknown,national,Karditsa,news,operating,ok,https://www.facebook.com/thessaliatv.gr,https://twitter.com/thessaliatv,https://www.youtube.com/c/thessaliatv1,ΘΕΣΣΑΛΙΑ TV ΑΕ,mt_websites
213cfa09b387fe148db3bbab31aa088cc6ed79b9,thesnea,https://www.thesnea.gr/,website,unknown,national,Karditsa,news,operating,ok,https://www.facebook.com/thesnea.gr/,https://x.com/thesnea,,ΘΕΣΣΑΛΙΑ TV ΑΕ,mt_websites
8ed4d9542b6e0c20fc4aa8bf5cb9fd056645190d,googlareis,https://www.googlareis.gr/,website,unknown,national,Thessaloniki,news,operating,ok,https://www.facebook.com/googlareis/,,https://www.youtube.com/channel/UC4S6nTjFitNZT-nvcdTP8KQ,ALL ABOUT WEB,mt_websites
f637969bf105e8296c74e9526538029539f8b998,enikonomia,https://www.enikonomia.gr/,website,unknown,national,Attica,news,operating,ok,https://www.facebook.com/enikonomia.gr/,https://twitter.com/enikonomia,https://www.youtube.com/channel/UC3dSW58JvLWajYlfIo9JrMA,ENIKOS,mt_websites
ec33e56c96beabd72bb27ea948e060453dff2790,syneidisi,https://www.syneidisi.com/,website,unknown,national,Attica,news,operating,ok,https://www.facebook.com/sinidisi.met/,https://x.com/syneidisicom,https://www.syneidisi.com/#,power press,mt_websites
4cc789bc2da6fbc554bedfd8fd2ed29f5b7e5630,aegeanlive,https://aegeanlive.gr/,website,unknown,national,Dodecanese,news,operating,ok,https://www.facebook.com/aegeanlive.gr,,https://www.youtube.com/channel/UCJUB9apKO1uOv6q4Ukdxeqw,Ψηφιακά Μέσα Αιγαίου - Aegean Digital Media,mt_websites
c94ef636b043efd8c3277bd9334705c5d9bab0d8,tvxs,https://tvxs.gr/,website,unknown,national,Attica,news,operating,ok,https://www.facebook.com/tvxs.gr,https://twitter.com/tvxs,https://www.youtube.com/channel/UCc7gdvAlFWnckuCLsV8ZzjQ,1984 ΑΝΕΞΑΡΤΗΤΗ ΔΗΜΟΣΙΟΓΡΑΦΙΑ ΑΜΚΕ,mt_websites
fde09aeca28884b22257dc9c715ca785aacbc68b,proinosmorias,https://proinosmorias.gr/,website,unknown,national,Arcadia,news,operating,ok,https://www.facebook.com/p/%CE%A0%CF%81%CF%89%CE%B9%CE%BD%CF%8C%CF%82-%CE%9C%CE%BF%CF%81%CE%B9%CE%AC%CF%82-100063463840028/,,,,mt_websites
c500f2accdfe60e51ff1065a333a09454bef4a45,newmoney,https://www.newmoney.gr/,website,unknown,national,Attica,news,operating,ok,https://www.facebook.com/newmoneygr/,https://twitter.com/newmoneygr,https://www.youtube.com/@newmoney4561,NEW MONEY,mt_websites
3a2d59dbbae9dba2f7e7a955782ecd19a0ac83ff,tinealarissa,https://tinealarissa.gr/,website,unknown,national,Larissa,news,operating,ok,https://www.facebook.com/tinealarissa.gr/,https://twitter.com/tinealarissa,,MEDIA LEADER E.E.,mt_websites
0c0f58700d6bfaa483b9dd5b2dc43ca9bc68d2b8,statusradio,https://statusradio.gr/,website,unknown,national,Evros,news,operating,ok,https://www.facebook.com/statusradio942/,https://twitter.com/STATUSRADIO_942,https://youtube.com/@statusmedia5290,STATUS RADIO,mt_websites
81167c74382175ae57641d9c6757fa9218d1d50c,ereportaz,https://www.ereportaz.gr/,website,unknown,national,Attica,news,operating,ok,https://www.facebook.com/ereportazgr/,https://twitter.com/ereportaz,https://www.youtube.com/channel/UCokUGofeTcM-JR_6BgPQ6mA,VIP MEDIA,mt_websites
1df654b6ee5eedd0ffdc088f3da7c1f17401cfbf,aftodioikisi,https://www.aftodioikisi.gr/,website,unknown,national,Attica,news,operating,ok,https://www.facebook.com/aftodioikisi.gr,https://x.com/aftodioikisi,https://www.youtube.com/channel/UCqfUikGm4eTREeOtBQKsJvw/videos,AFTODIOIKISI.GR,mt_websites
f3ee828ec47d9cccfbe2711c810c0006064cf68d,xanthipost,https://xanthipost.gr/,website,unknown,national,Xanthi,news,operating,ok,https://www.facebook.com/xanthipost.gr/,https://twitter.com/xanthipost,https://www.youtube.com/user/kanali6,xanthipost.gr,mt_websites
1e35ae16c95a7860c41969265f314c14aeea3705,egnatianews,https://egnatianews.gr/,website,unknown,national,Kozani,news,operating,ok,https://www.facebook.com/egnatianews.gr/,,,,mt_websites
35dabb1cd8c1224fe65bb175a8a8bb9ce057f0b1,thestival,https://www.thestival.gr/,website,unknown,national,Thessaloniki,news,operating,ok,https://www.facebook.com/thestival.gr/,https://twitter.com/thestival,https://www.youtube.com/user/thestivalgr,,mt_websites
432daad99fb93a9824fb35f966fe3237ddd6753c,politicalbank,https://politicalbank.gr/,website,unknown,national,Attica,news,operating,ok,https://www.facebook.com/politicalbank.gr/,https://twitter.com/political_bank,,,mt_websites
5e0c81d7310bf03884d1e3190e1ccbc04ed56861,reformer,https://reformer.gr/,website,unknown,national,Attica,news,operating,ok,https://reformer.gr/#,https://x.com/Reformer_gr,,,mt_websites
d271e2e20a53af174d1da24a684ebb7a78323b67,agrinioreport,https://agrinioreport.com/,website,unknown,national,Aitoloakarnania,news,operating,ok,https://www.facebook.com/agrinioreport/?locale=el_GR,,https://www.youtube.com/@agrinioreport890,,mt_websites
b4f5ffde11e18b13e2eaad3431f8a532e5ca3292,neoiorizontes,https://www.neoiorizontes.gr/,website,unknown,national,Chania,news,operating,ok,https://www.facebook.com/%CE%95%CF%86%CE%B7%CE%BC%CE%B5%CF%81%CE%AF%CE%B4%CE%B1-%CE%9D%CE%AD%CE%BF%CE%B9-%CE%9F%CF%81%CE%AF%CE%B6%CE%BF%CE%BD%CF%84%CE%B5%CF%82-373707687124/,,,,mt_websites
758dc82faa6f08fd0b0fd0b914b53713edbee0ad,skaipatras,https://www.skaipatras.gr/,website,unknown,national,Achaia,news,operating,ok,https://www.facebook.com/Skai-Patras-894-Skaipatrasgr-177070132396041/?fref=ts,,https://www.youtube.com/user/skaipatras,,mt_websites
6ccbdaf4c44df5fedc9bc3a3323fe189e9b0ca43,kathimerini,https://www.kathimerini.gr/,website,unknown,national,Attica,news,operating,ok,https://www.facebook.com/kathimerinigr,https://twitter.com/kathimerini_gr,https://www.youtube.com/c/kathimerini,Η ΚΑΘΗΜΕΡΙΝΗ ΜΟΝΟΠΡΟΣΩΠΗ ΑΝΩΝΥΜΗ ΕΤΑΙΡΕΙΑ,mt_websites
161c2b4c8ca87befa22ca1ad37103417d8860dba,iatropedia,https://www.iatropedia.gr/,website,unknown,national,Attica,news,operating,ok,https://www.facebook.com/iatropedia.gr/,https://twitter.com/iatropedia,,,mt_websites
379b82a2330b8dcc2ea29631e0f5fdab981906e2,liberal,https://www.liberal.gr/,website,unknown,national,Attica,news,operating,ok,https://www.facebook.com/liberalgr,https://twitter.com/liberalgr,,,mt_websites
1332c322f9e510a047ad8cbe1c253fb7546e6321,iatronet,https://www.iatronet.gr/,website,unknown,national,Attica,news,operating,ok,https://www.facebook.com/iatronet,https://x.com/iatronet,https://www.youtube.com/channel/UCteO2aY3ECcy8i1UcHZgzwA,ΙΑΤΡΟΝΕΤ ΕΠΕ,mt_websites
e0a46aca69681fd5170c144300b324b4c1d77315,ecopress,https://ecopress.gr/,website,unknown,national,Attica,news,operating,ok,,,,ΑΠ ΜΜΕ ΚΟΙΝΣΕΠ,mt_websites
d4123bf556627e0c6f760b0366cfae0a00530311,ecozen,https://ecozen.gr/,website,unknown,national,Attica,news,operating,ok,https://www.facebook.com/ecozengr/,https://twitter.com/ecozengr,,SMART PRESS ΑΕ,mt_websites
81ccafabf2bffdf34e0108469014973184b7b637,agriniolike,https://www.agriniolike.gr/,website,unknown,national,Aitoloakarnania,news,operating,ok,https://www.facebook.com/Agriniolikegr,https://x.com/agriniolike,https://www.youtube.com/channel/UCnIPW46yHN6KF3NtMeClb9g/featured,,mt_websites
a5973c33ca71c3ae6b753924758484ba860bc46c,athensmagazine,https://www.athensmagazine.gr/,website,unknown,national,Attica,news,operating,ok,https://www.facebook.com/athensmagazine.gr,https://twitter.com/athensmagazine,https://www.youtube.com/@TheAthensMagazineGr,,mt_websites
550c832c493fe129b5d759d1703c657c0e012bc7,palmos-glyfada,https://www.palmos-glyfada.gr/,website,unknown,national,Attica,news,operating,ok,https://www.facebook.com/palmosglyfadas/?locale=el_GR,https://twitter.com/PalmosGlyfada,,,mt_websites
2234c5bf31dda31bac112e54539d52ff50174b2b,financenews,https://financenews.gr/,website,unknown,national,Attica,news,operating,ok,,,,FNEWS MEDIA GROUP,mt_websites
17362e90ef831369861686ee25182d0cac90aee9,grevenamedia,https://grevenamedia.gr/,website,unknown,national,Grevena,news,operating,ok,http://www.facebook.com/grevenamedia.gr,https://twitter.com/GrevenaMedia,,,mt_websites
84a3ca4572c44b2cf10605980d23409a30ab4224,ionionfm,https://www.ionionfm.gr/,website,unknown,national,Ilia,news,operating,ok,,,,IONION FM,mt_websites
8c7501c0be3faa7793f0ddc290c26e0429f9e251,k-tipos,https://www.k-tipos.gr/,website,unknown,national,Kavala,news,operating,ok,http://www.facebook.com/ktipos,https://www.twitter.com/xirafi,https://www.youtube.com/user/xirafigr,ΞΥΡΑΦΙ,mt_websites
04792605d77980169a63c72173b301d770b076e7,stonisi,https://www.stonisi.gr/,website,unknown,national,Lesvos,news,operating,ok,https://www.facebook.com/stonisigr,https://twitter.com/stonisigr,https://www.youtube.com/channel/UCUsntTK6TAMFcQ8dPtxUXHw,ΕΝΗΜΕΡΩΣΗ,mt_websites
fb94b344dabac66be8eb8537299e8c660ec97863,reporter,https://www.reporter.gr/,website,unknown,national,Attica,news,operating,ok,https://www.facebook.com/Reporter.gr,https://x.com/reportergr,,PREMIUM AE,mt_websites
be1103ee5974ae1014640069d32cbcd494eb7b0a,agriniosite,https://www.agriniosite.gr/,website,unknown,national,Aitoloakarnania,news,operating,ok,https://www.facebook.com/www.agriniosite.gr,https://x.com/agriniosite,https://www.youtube.com/channel/UCI1IeucKlHarVLEDkRNlzzA,Ρ/Σ ENERGY 942,mt_websites
cc7a48160ad201d3dce55e3e4d98ad70ef9776b9,portnet,https://portnet.gr/,website,unknown,national,Attica,news,operating,ok,https://www.facebook.com/Portnet.gr,https://twitter.com/portnetgr,,Portnet,mt_websites
93d5c0e9e55bb1f22d8694c73ed209c205696b6d,noupou,https://www.noupou.gr/,website,unknown,national,Attica,news,operating,ok,https://www.facebook.com/noupougr/,,,NOUPOU MEDIA P.C.,mt_websites
a59f2db8ac8bb94dda543017e7090aae69e488d8,eidisis,https://www.eidisis.gr/,website,unknown,national,Kilkis,news,operating,ok,https://www.facebook.com/eidisis.gr,https://x.com/EidisisGr,https://www.youtube.com/user/eidisisgr,,mt_websites
2e8898aada53f4888744da4caa3ca3d27ef8f871,kavalapost,https://www.kavalapost.gr/,website,unknown,national,Kavala,news,operating,ok,https://facebook.com/kavalapost.gr,https://twitter.com/kavalapostgr,,KAVALA POST,mt_websites
f7cf778ea54af97a109435cc2e25e0130a8ada08,esos,https://www.esos.gr/,website,unknown,national,Attica,news,operating,ok,https://www.facebook.com/esosgr,https://twitter.com/esosgr,https://www.youtube.com/@esos-paideia,,mt_websites
018dbf196a9cb8b97b72d6e1eab0f279157a7ef1,fpress,https://www.fpress.gr/,website,unknown,national,Attica,news,operating,ok,https://www.facebook.com/fpress.gr/,https://x.com/fpress1?lang=en,,W.S.F,mt_websites
56a21c901023dc109fb517733369bae2c39cfbba,inpaok,https://inpaok.com/,website,unknown,national,Thessaloniki,news,operating,ok,https://www.facebook.com/inpaok/,https://www.twitter.com/inpaokCom,https://www.youtube.com/user/inpaok,WAVES PRODUCTIONS PC,mt_websites
2f14e09ffbd28d3cf3972c740168fd2a0521af5c,eviatop,http://www.eviatop.eu/,website,unknown,national,Evia,news,operating,ok,,https://x.com/eviatop,,,mt_websites
245210455fbe786d4f617c8d8b8b81863ac814b9,fimotro,https://fimotro.gr/,website,unknown,national,Attica,news,operating,ok,https://www.facebook.com/fimotro.gr,https://twitter.com/fimotro,https://www.youtube.com/channel/UCNAeryubPPTU7R4K2BwZdHg,Fimotro,mt_websites
cdc692a06555d826c1f9e2cd0233ea319c7286db,ilialive,https://www.ilialive.gr/,website,unknown,national,Ilia,news,operating,ok,https://www.facebook.com/ilialive.gr,,https://www.youtube.com/@ilialive,ΗΛΕΙΑ LIVE,mt_websites
862d4ee37a90b96b176744fac0edd200f1b18d36,xronos-kozanis,https://xronos-kozanis.gr/,website,unknown,national,Kozani,news,operating,ok,https://www.facebook.com/xronoskozanis/,,https://www.youtube.com/channel/UCBFTbtQO5pgkhEMqTzRs38Q,,mt_websites
02c7c28b6b80fab24b29cb12a4aa65da85a34acd,onlarissa,https://www.onlarissa.gr/,website,unknown,national,Larissa,news,operating,ok,https://www.facebook.com/onlarissa.gr,https://twitter.com/onlarissa,https://www.youtube.com/channel/UCV6BU7xB-BnXJNg-Wgy9rzw,ON LARISSA MEDIA GROUP I.K.E.,mt_websites
e99682341c5f7deac68bad583f1008d9c803572d,rthess,https://www.rthess.gr/,website,unknown,national,Thessaloniki,news,operating,ok,https://el-gr.facebook.com/radiothessaloniki945/,https://x.com/RThessaloniki,https://www.youtube.com/@radiothessaloniki945,,mt_websites
9b3bfef28fa947d00f647528650cdd0e4ea08336,lamiareport,https://www.lamiareport.gr/,website,unknown,national,Fthiotida,news,operating,ok,https://www.facebook.com/pages/LamiaReportgr/120830027937234,,https://www.youtube.com/@Vampireos,ΠΑΛΜΟΣ,mt_websites
83beb0d740f893b64514867e9e075557f8172ac3,kozanipress,https://kozanipress.gr/,website,unknown,national,Grevena,news,operating,ok,https://www.facebook.com/p/Kozanipress-100036847431508/,,https://www.youtube.com/user/KOZANIPRESS,ΠΡΩΙΝΗ,mt_websites
0036c3884c24db1e155dbb219c5a280e2b834f7e,mama365,https://www.mama365.gr/,website,unknown,national,Attica,news,operating,ok,https://www.facebook.com/mama365,https://twitter.com/mama365_gr,,ΜΑΜΑ365 ΕΠΕ,mt_websites
d6ce52875d31442341e766fcb67c43d2f30b9ece,antilalospress,https://antilalospress.gr/,website,unknown,national,Iraklio,news,operating,ok,https://www.facebook.com/antilalospress/,,https://www.youtube.com/channel/UCMq1llNnP5miQWXm46PUakQ,,mt_websites
fc3d832c529e2c930dcaaf6d575b95ce86717046,fonikastorias,https://fonikastorias.gr/,website,unknown,national,Kastoria,news,operating,ok,https://www.facebook.com/fonikastorias,,https://www.youtube.com/@dimitrisiatrou6994,,mt_websites
d5a28f6f9b5d11f8b00713f631689b859706c2fa,koutipandoras,https://www.koutipandoras.gr/,website,unknown,national,Attica,news,operating,ok,https://www.facebook.com/koutipandoras.gr,https://twitter.com/Kouti_Pandoras,https://www.youtube.com/user/koutipandoras,ΤΟ ΚΟΥΤΙ ΤΗΣ ΠΑΝΔΩΡΑΣ MEDIA ΕΕ,mt_websites
a4d6da90b5a13a54f8e2b7670a7e00c13a8bc7c5,rosa,https://www.rosa.gr/,website,unknown,national,Attica,news,operating,ok,https://www.facebook.com/RosaProgressive/,https://twitter.com/rosa_progress,https://www.youtube.com/@ROSAProgressive,ROSA MEDIA,mt_websites
24d593f1e1c09465f3dcc4f00fba16acb55a10c4,argonafplia,https://www.argonafplia.gr/,website,unknown,national,Argolida,news,operating,ok,https://www.facebook.com/argonafplia.gr/photos/,https://x.com/argonafpliagr,https://www.youtube.com/@ARGONAFPLIAOfficial,EVENTS AND MORE PC,mt_websites
cc210af6d20b0f657e460760d1769641791c072c,eptanews,https://eptanews.gr/,website,unknown,national,Pieria,news,operating,ok,https://www.facebook.com/EPTANEWS/,https://twitter.com/eptanews?lang=en,https://www.youtube.com/channel/UC3wT-qKcG8kU7AfUpyl2gNQ,ΠΑΠΑΠΡΙΝΤ,mt_websites
c1676fd6743f907205ae7c826393e2bfdf7a94e8,pellanews,https://www.pellanews.gr/,website,unknown,national,Pella,news,operating,ok,https://www.facebook.com/pellanewsgr/,,https://www.youtube.com/channel/UC7qL383yBC5_-oTt9_a__EA/featured,ΕΡΜΗΣ ΑΜΚΕ,mt_websites
c1c1e821d0ddf3f757c028f0e5fde62a11769fa3,thepressproject,https://thepressproject.gr/,website,unknown,national,Attica,news,operating,ok,https://www.facebook.com/ThePressProject,https://twitter.com/ThePressProject,https://www.youtube.com/user/ThePressProject,,manual_independent
93b5eca63f143adc9fd9e170e834a7f32259e401,kontranews,https://www.kontranews.gr/,website,unknown,national,Attica,news,operating,ok,https://www.facebook.com/kontrachannel,https://twitter.com/KontraChannel,https://www.youtube.com/user/kontrachannelhellas,,manual_independent
5e22334e2760bfe9f1a30ca7e8b3fe96886476d7,ΠΡΙΝ,https://prin.gr/,newspaper,unknown,national,Attica,news,operating,ok,https://www.facebook.com/pringr1,https://twitter.com/PRINgr,https://www.youtube.com/channel/UC9IGvEfGfXrgCprP0kmAr1Q,,manual_independent
ddb3368d49ec0626313eed546a9a42bb697a1bc4,ΔΡΟΜΟΣ ΤΗΣ ΑΡΙΣΤΕΡΑΣ,https://edromos.gr/,newspaper,unknown,national,Attica,news,operating,ok,https://www.facebook.com/DromosThsAristeras,https://twitter.com/edromos,https://www.youtube.com/channel/UCdrIGHBy2hftZXeJsiMb6GA,,manual_independent
afd4a7eb755984d23a7e143261eb3673c3167971,evianews,https://evianews.com/,website,unknown,national,Evia,news,operating,ok,https://facebook.com/evianews,https://twitter.com/evianewscom,https://youtube.com/@evianews,,manual_independent
a05fa2858544811f227d15b47817b44f3a2fb7bd,ΕΛΕΥΘΕΡΟΣ ΚΟΣΜΟΣ,https://elkosmos.gr/,website,unknown,national,Attica,news,operating,ok,https://www.facebook.com/Elkosmosnewsgr,,,,manual_independent
844799a1872975f35d141c1abe4db4a1ddc470a5,ΣΕΡΡΑΪΚΗ ΕΒΔΟΜΑΔΑ,https://www.anexartitos.gr/,newspaper,unknown,regional,Serres,news,operating,ok,,,,,manual_independent
9a7017c6ca80dd912b23ed66acfddeda1f5a70f4,defence-point,https://www.defence-point.gr/,website,unknown,national,Attica,news,operating,ok,https://www.facebook.com/defencepoint,https://x.com/Defencepointgr,https://www.youtube.com/defencepoint,,manual_independent
f31a946f0d22a103fbf12fe22a06123da14bc3f7,arttv,https://arttv.gr/,tv,unknown,regional,Arta,news,operating,ok,https://www.facebook.com/arttvsocial,,https://www.youtube.com/@arttvchannel9493,,manual_independent
bafe1cb1db5245ff0bc9d5d09ced9927606f56f3,stoxos,https://www.stoxos.gr/,newspaper,unknown,national,Attica,news,operating,ok,https://www.facebook.com/stoxos.gr,https://twitter.com/stoxos,,,manual_independent
6ed731a95b5a59646ea5a80b980b3f7a2fa8a5cd,europost,https://europost.gr/,website,unknown,national,Attica,news,operating,ok,https://www.facebook.com/europostgr,https://twitter.com/europostgr,https://www.youtube.com/channel/UC7AMf8y3MtIsmojGsruBMoQ,,manual_independent
6c9b8cae52914c8945cce41a18629cd23df99f37,pentapostagma,https://www.pentapostagma.gr/,website,unknown,national,Attica,news,operating,ok,https://www.facebook.com/pentapostagmagr,https://twitter.com/pentapostagma,https://www.youtube.com/channel/UCdsoNzPCkE9OpUTkOobHWUg,,manual_independent
08155a116a21442caac0a5355e8aa26659272a64,katohika,https://katohika.gr/,website,unknown,national,Attica,news,operating,ok,,,,,manual_independent
54424ff86e1af405a1ed2a79a96b3097c08211fa,ertnews,https://www.ertnews.gr/,website,unknown,national,Attica,news,operating,ok,https://www.facebook.com/ertnews,https://twitter.com/ertnewsofficial,https://www.youtube.com/ert,,manual_independent
6a7919a5a1514ee5db01b7afc4d443a67fbbe6b1,ΔΥΤΙΚΗ ΜΑΚΕΔΟΝΙΑ,https://ditiki.gr/,newspaper,unknown,regional,Kozani,news,operating,ok,https://www.facebook.com/Ditiki,https://www.twitter.com/ditiki_gr,,,manual_independent
